<?xml version="1.0" encoding="UTF-8"?>
<kml xmlns="http://www.opengis.net/kml/2.2" xmlns:gx="http://www.google.com/kml/ext/2.2" xmlns:kml="http://www.opengis.net/kml/2.2" xmlns:atom="http://www.w3.org/2005/Atom">
<Document>
	<name>otego_creek.shp</name>
	<atom:link rel="app" href="https://www.google.com/earth/about/versions/#earth-pro" title="Google Earth Pro 7.3.7.1155"></atom:link>
	<Schema name="otego_creek" id="S_otego_creek_DDDSSSSDSSSDDDDDDD">
		<SimpleField type="double" name="fid">
			<displayName>&lt;b&gt;fid&lt;/b&gt;</displayName>
		</SimpleField>
		<SimpleField type="long" name="cat">
			<displayName>&lt;b&gt;cat&lt;/b&gt;</displayName>
		</SimpleField>
		<SimpleField type="double" name="cat_">
			<displayName>&lt;b&gt;cat_&lt;/b&gt;</displayName>
		</SimpleField>
		<SimpleField type="double" name="COMID">
			<displayName>&lt;b&gt;COMID&lt;/b&gt;</displayName>
		</SimpleField>
		<SimpleField type="string" name="FDATE">
			<displayName>&lt;b&gt;FDATE&lt;/b&gt;</displayName>
		</SimpleField>
		<SimpleField type="string" name="RESOLUTION">
			<displayName>&lt;b&gt;RESOLUTION&lt;/b&gt;</displayName>
		</SimpleField>
		<SimpleField type="string" name="GNIS_ID">
			<displayName>&lt;b&gt;GNIS_ID&lt;/b&gt;</displayName>
		</SimpleField>
		<SimpleField type="string" name="GNIS_NAME">
			<displayName>&lt;b&gt;GNIS_NAME&lt;/b&gt;</displayName>
		</SimpleField>
		<SimpleField type="double" name="LENGTHKM">
			<displayName>&lt;b&gt;LENGTHKM&lt;/b&gt;</displayName>
		</SimpleField>
		<SimpleField type="string" name="REACHCODE">
			<displayName>&lt;b&gt;REACHCODE&lt;/b&gt;</displayName>
		</SimpleField>
		<SimpleField type="string" name="FLOWDIR">
			<displayName>&lt;b&gt;FLOWDIR&lt;/b&gt;</displayName>
		</SimpleField>
		<SimpleField type="string" name="FTYPE">
			<displayName>&lt;b&gt;FTYPE&lt;/b&gt;</displayName>
		</SimpleField>
		<SimpleField type="double" name="FCODE">
			<displayName>&lt;b&gt;FCODE&lt;/b&gt;</displayName>
		</SimpleField>
		<SimpleField type="double" name="AreaSqKM">
			<displayName>&lt;b&gt;AreaSqKM&lt;/b&gt;</displayName>
		</SimpleField>
		<SimpleField type="double" name="TotDASqKM">
			<displayName>&lt;b&gt;TotDASqKM&lt;/b&gt;</displayName>
		</SimpleField>
		<SimpleField type="double" name="DUP_COMID">
			<displayName>&lt;b&gt;DUP_COMID&lt;/b&gt;</displayName>
		</SimpleField>
		<SimpleField type="double" name="DUP_ArSqKM">
			<displayName>&lt;b&gt;DUP_ArSqKM&lt;/b&gt;</displayName>
		</SimpleField>
		<SimpleField type="double" name="DUP_Length">
			<displayName>&lt;b&gt;DUP_Length&lt;/b&gt;</displayName>
		</SimpleField>
		<SimpleField type="double" name="GIS_FID">
			<displayName>&lt;b&gt;GIS_FID&lt;/b&gt;</displayName>
		</SimpleField>
		<SimpleField type="long" name="rid">
			<displayName>&lt;b&gt;rid&lt;/b&gt;</displayName>
		</SimpleField>
	</Schema>
	<Style id="style0">
		<BalloonStyle>
			<text><![CDATA[<table border="0">
  <tr><td><b>fid</b></td><td>$[otego_creek/fid]</td></tr>
  <tr><td><b>cat</b></td><td>$[otego_creek/cat]</td></tr>
  <tr><td><b>cat_</b></td><td>$[otego_creek/cat_]</td></tr>
  <tr><td><b>COMID</b></td><td>$[otego_creek/COMID]</td></tr>
  <tr><td><b>FDATE</b></td><td>$[otego_creek/FDATE]</td></tr>
  <tr><td><b>RESOLUTION</b></td><td>$[otego_creek/RESOLUTION]</td></tr>
  <tr><td><b>GNIS_ID</b></td><td>$[otego_creek/GNIS_ID]</td></tr>
  <tr><td><b>GNIS_NAME</b></td><td>$[otego_creek/GNIS_NAME]</td></tr>
  <tr><td><b>LENGTHKM</b></td><td>$[otego_creek/LENGTHKM]</td></tr>
  <tr><td><b>REACHCODE</b></td><td>$[otego_creek/REACHCODE]</td></tr>
  <tr><td><b>FLOWDIR</b></td><td>$[otego_creek/FLOWDIR]</td></tr>
  <tr><td><b>FTYPE</b></td><td>$[otego_creek/FTYPE]</td></tr>
  <tr><td><b>FCODE</b></td><td>$[otego_creek/FCODE]</td></tr>
  <tr><td><b>AreaSqKM</b></td><td>$[otego_creek/AreaSqKM]</td></tr>
  <tr><td><b>TotDASqKM</b></td><td>$[otego_creek/TotDASqKM]</td></tr>
  <tr><td><b>DUP_COMID</b></td><td>$[otego_creek/DUP_COMID]</td></tr>
  <tr><td><b>DUP_ArSqKM</b></td><td>$[otego_creek/DUP_ArSqKM]</td></tr>
  <tr><td><b>DUP_Length</b></td><td>$[otego_creek/DUP_Length]</td></tr>
  <tr><td><b>GIS_FID</b></td><td>$[otego_creek/GIS_FID]</td></tr>
  <tr><td><b>rid</b></td><td>$[otego_creek/rid]</td></tr>
</table>
]]></text>
		</BalloonStyle>
		<PolyStyle>
			<color>ffff0000</color>
		</PolyStyle>
	</Style>
	<Folder id="layer 0">
		<name>otego_creek</name>
		<Placemark>
			<styleUrl>#style0</styleUrl>
			<Style id="inline">
				<IconStyle>
					<color>ffffffff</color>
					<colorMode>normal</colorMode>
				</IconStyle>
				<LineStyle>
					<color>ffffffff</color>
					<colorMode>normal</colorMode>
				</LineStyle>
				<PolyStyle>
					<color>ffffffff</color>
					<colorMode>normal</colorMode>
				</PolyStyle>
			</Style>
			<ExtendedData>
				<SchemaData schemaUrl="#S_otego_creek_DDDSSSSDSSSDDDDDDD">
					<SimpleData name="fid">352</SimpleData>
					<SimpleData name="cat">352</SimpleData>
					<SimpleData name="cat_">355</SimpleData>
					<SimpleData name="COMID">8.08651e+06</SimpleData>
					<SimpleData name="FDATE">1999/07/04</SimpleData>
					<SimpleData name="RESOLUTION">Medium</SimpleData>
					<SimpleData name="GNIS_ID">959535</SimpleData>
					<SimpleData name="GNIS_NAME">Otego Creek</SimpleData>
					<SimpleData name="LENGTHKM">5.522</SimpleData>
					<SimpleData name="REACHCODE">02050101000333</SimpleData>
					<SimpleData name="FLOWDIR">With Digitized</SimpleData>
					<SimpleData name="FTYPE">StreamRiver</SimpleData>
					<SimpleData name="FCODE">46006</SimpleData>
					<SimpleData name="AreaSqKM">6.7545</SimpleData>
					<SimpleData name="TotDASqKM">282.844</SimpleData>
					<SimpleData name="DUP_COMID">0</SimpleData>
					<SimpleData name="DUP_ArSqKM">0</SimpleData>
					<SimpleData name="DUP_Length">5.522</SimpleData>
					<SimpleData name="GIS_FID">0</SimpleData>
					<SimpleData name="rid">352</SimpleData>
				</SchemaData>
			</ExtendedData>
			<LineString>
				<coordinates>
					-75.10811279400102,42.46170806755502,0 -75.10839092771863,42.46168526705394,0 -75.10866899373866,42.46150226727696,0 -75.10981212787064,42.46115926713715,0 -75.11185119348077,42.46079360072236,0 -75.11225292700524,42.46065626744957,0 -75.11240739423755,42.46047326755458,0 -75.11243839415806,42.46013026727523,0 -75.11234579364294,42.46001586727432,0 -75.11194432703061,42.45978706741298,0 -75.11043039401606,42.45932926703669,0 -75.10999799338308,42.45900900102822,0 -75.10999812772056,42.45839140075494,0 -75.11015272728757,42.45813980084308,0 -75.11092512676163,42.45791106715716,0 -75.11203732664578,42.45786560070876,0 -75.11216092776878,42.45777400064902,0 -75.11222272715651,42.45740806779724,0 -75.11206832751266,42.45713346720306,0 -75.11151239397532,42.45672180095425,0 -75.11117272760772,42.4563558012067,0 -75.11114179369193,42.45601266695337,0 -75.11129639370354,42.45553226757261,0 -75.11188352703016,42.454731667373,0 -75.11197639330247,42.45377100085094,0 -75.11222359392482,42.45340500067178,0 -75.11274872691594,42.45306186778372,0 -75.11327399334358,42.45267306753141,0 -75.11349032672751,42.45230706779229,0 -75.113582927092,42.45164366731785,0 -75.11373752716096,42.45136926736109,0 -75.1150041268578,42.4503400010711,0 -75.1150351269202,42.44919626749361,0 -75.11512799411685,42.4480982675102,0 -75.11512819387363,42.4476866007998,0 -75.1151901266002,42.44720620082104,0 -75.11586972694012,42.44613106734891,0 -75.11688912672324,42.44459860083178,0 -75.11759972686525,42.44244840108293,0 -75.11763072751724,42.44210520083831,0 -75.11747619357169,42.44151040046496,0 -75.11726012735569,42.44123600080049,0 -75.11710579339541,42.44082420096749,0 -75.11707499377144,42.44045806768948,0 -75.11692059442602,42.44002346755991,0 -75.11692059344131,42.43938306783538,0 -75.11716779407261,42.43910860087602,0 -75.11753832771016,42.4389942677168,0 -75.1176619277732,42.43904000087122,0 -75.11809419422364,42.43956606768701,0 -75.11834119365282,42.43974920114645,0 -75.11858832709557,42.43984066720913,0 -75.11911332655568,42.43974920094873,0 -75.11929859380133,42.43956606730044,0 -75.11936052707844,42.439108667359,0 -75.11914432688229,42.438651067349,0 -75.11908259456348,42.43860540046896,0 -75.11898999401973,42.43812506780404,0 -75.11945332759618,42.43739306751301,0 -75.12000932696942,42.4368898672024,0 -75.12056519400632,42.43604346703576,0 -75.12065792763931,42.43483120091763,0 -75.12071972748112,42.43444220095471,0 -75.12090499343384,42.43428206703514,0 -75.12167712675381,42.43389326775961,0 -75.12167699373549,42.43368740066752,0 -75.12105952698032,42.4333442009093,0 -75.12099772710333,42.43311546706456,0 -75.12176972681164,42.43263520034672,0 -75.12183152686249,42.43247506708583,0 -75.12173879357721,42.43242926782037,0 -75.12053459431597,42.43215466760405,0 -75.12025672674287,42.43197180032904,0 -75.12025672662827,42.43142280111799,0 -75.1203185277903,42.43128540071898,0 -75.12109039432191,42.43071360073621,0 -75.12112139437671,42.43018746732661,0 -75.12127579431959,42.43005020077153,0 -75.1220477270528,42.42991300093743,0 -75.12248012668005,42.42977566780861,0 -75.12322112755059,42.42938686757208,0 -75.12325199324678,42.42913526749867,0 -75.12309759340701,42.42895226722717,0 -75.12096699371034,42.42831180047354,0 -75.12059659406307,42.42815166768063,0 -75.12056559377623,42.42794580124341,0 -75.12068353118309,42.42777118563132,0 
				</coordinates>
			</LineString>
		</Placemark>
		<Placemark>
			<styleUrl>#style0</styleUrl>
			<Style id="inline">
				<IconStyle>
					<color>ffffffff</color>
					<colorMode>normal</colorMode>
				</IconStyle>
				<LineStyle>
					<color>ffffffff</color>
					<colorMode>normal</colorMode>
				</LineStyle>
				<PolyStyle>
					<color>ffffffff</color>
					<colorMode>normal</colorMode>
				</PolyStyle>
			</Style>
			<ExtendedData>
				<SchemaData schemaUrl="#S_otego_creek_DDDSSSSDSSSDDDDDDD">
					<SimpleData name="fid">353</SimpleData>
					<SimpleData name="cat">353</SimpleData>
					<SimpleData name="cat_">356</SimpleData>
					<SimpleData name="COMID">8.08641e+06</SimpleData>
					<SimpleData name="FDATE">1999/07/04</SimpleData>
					<SimpleData name="RESOLUTION">Medium</SimpleData>
					<SimpleData name="GNIS_ID">959535</SimpleData>
					<SimpleData name="GNIS_NAME">Otego Creek</SimpleData>
					<SimpleData name="LENGTHKM">0.317</SimpleData>
					<SimpleData name="REACHCODE">02050101000334</SimpleData>
					<SimpleData name="FLOWDIR">With Digitized</SimpleData>
					<SimpleData name="FTYPE">StreamRiver</SimpleData>
					<SimpleData name="FCODE">46006</SimpleData>
					<SimpleData name="AreaSqKM">0.2277</SimpleData>
					<SimpleData name="TotDASqKM">270.65</SimpleData>
					<SimpleData name="DUP_COMID">0</SimpleData>
					<SimpleData name="DUP_ArSqKM">0</SimpleData>
					<SimpleData name="DUP_Length">0.317</SimpleData>
					<SimpleData name="GIS_FID">0</SimpleData>
					<SimpleData name="rid">353</SimpleData>
				</SchemaData>
			</ExtendedData>
			<LineString>
				<coordinates>
					-75.10662932731417,42.46408686730892,0 -75.10653659370006,42.46374380040567,0 -75.1064749270779,42.46369800062543,0 -75.10647512708084,42.46321760045834,0 -75.10659872730113,42.46303460042701,0 -75.10792739344177,42.46195966765002,0 -75.10811279400102,42.46170806755502,0 
				</coordinates>
			</LineString>
		</Placemark>
		<Placemark>
			<styleUrl>#style0</styleUrl>
			<Style id="inline">
				<IconStyle>
					<color>ffffffff</color>
					<colorMode>normal</colorMode>
				</IconStyle>
				<LineStyle>
					<color>ffffffff</color>
					<colorMode>normal</colorMode>
				</LineStyle>
				<PolyStyle>
					<color>ffffffff</color>
					<colorMode>normal</colorMode>
				</PolyStyle>
			</Style>
			<ExtendedData>
				<SchemaData schemaUrl="#S_otego_creek_DDDSSSSDSSSDDDDDDD">
					<SimpleData name="fid">354</SimpleData>
					<SimpleData name="cat">354</SimpleData>
					<SimpleData name="cat_">357</SimpleData>
					<SimpleData name="COMID">8.0864e+06</SimpleData>
					<SimpleData name="FDATE">1999/07/04</SimpleData>
					<SimpleData name="RESOLUTION">Medium</SimpleData>
					<SimpleData name="GNIS_ID">959535</SimpleData>
					<SimpleData name="GNIS_NAME">Otego Creek</SimpleData>
					<SimpleData name="LENGTHKM">1.523</SimpleData>
					<SimpleData name="REACHCODE">02050101000335</SimpleData>
					<SimpleData name="FLOWDIR">With Digitized</SimpleData>
					<SimpleData name="FTYPE">StreamRiver</SimpleData>
					<SimpleData name="FCODE">46006</SimpleData>
					<SimpleData name="AreaSqKM">1.7217</SimpleData>
					<SimpleData name="TotDASqKM">262.627</SimpleData>
					<SimpleData name="DUP_COMID">0</SimpleData>
					<SimpleData name="DUP_ArSqKM">0</SimpleData>
					<SimpleData name="DUP_Length">1.523</SimpleData>
					<SimpleData name="GIS_FID">0</SimpleData>
					<SimpleData name="rid">354</SimpleData>
				</SchemaData>
			</ExtendedData>
			<LineString>
				<coordinates>
					-75.10909812699504,42.47479260045127,0 -75.10922172674022,42.47479260045303,0 -75.10953079362992,42.47460966757178,0 -75.10968532664208,42.47435806768554,0 -75.10971632772369,42.4740834676651,0 -75.10953099376822,42.47383186708489,0 -75.10900572767099,42.47358020069332,0 -75.10863499450808,42.47328280040149,0 -75.1086349934665,42.47293960069683,0 -75.10872779378204,42.47282526741311,0 -75.10909872779743,42.47252800074092,0 -75.10912972782639,42.47232220053304,0 -75.10903699395203,42.47223066787606,0 -75.10857352712213,42.47197886730044,0 -75.10807919429041,42.47165860056199,0 -75.10801752680686,42.47131546774423,0 -75.10814139366336,42.47067500043668,0 -75.10829612780692,42.47021760073612,0 -75.10854332746801,42.46962280041448,0 -75.10863619341453,42.46909666727627,0 -75.10848192716438,42.46841040035498,0 -75.10826572777623,42.468113000794,0 -75.10801852763556,42.46790706746297,0 -75.10774059371332,42.46776980088095,0 -75.10631932683232,42.46776960030911,0 -75.10619572715611,42.46763240078913,0 -75.10613399396547,42.46710626726214,0 -75.10588699443676,42.46662586751104,0 -75.10548552766809,42.46616826715619,0 -75.10548552700132,42.46600820095758,0 -75.10539299341205,42.46587086710777,0 -75.10536199413539,42.46564206771401,0 -75.105454993881,42.46500166745231,0 -75.10564052717856,42.46470440098415,0 -75.10576399395046,42.46459000113936,0 -75.10635119330796,42.46433840097929,0 -75.10662932731417,42.46408686730892,0 
				</coordinates>
			</LineString>
		</Placemark>
		<Placemark>
			<styleUrl>#style0</styleUrl>
			<Style id="inline">
				<IconStyle>
					<color>ffffffff</color>
					<colorMode>normal</colorMode>
				</IconStyle>
				<LineStyle>
					<color>ffffffff</color>
					<colorMode>normal</colorMode>
				</LineStyle>
				<PolyStyle>
					<color>ffffffff</color>
					<colorMode>normal</colorMode>
				</PolyStyle>
			</Style>
			<ExtendedData>
				<SchemaData schemaUrl="#S_otego_creek_DDDSSSSDSSSDDDDDDD">
					<SimpleData name="fid">355</SimpleData>
					<SimpleData name="cat">355</SimpleData>
					<SimpleData name="cat_">358</SimpleData>
					<SimpleData name="COMID">8.08638e+06</SimpleData>
					<SimpleData name="FDATE">1999/07/04</SimpleData>
					<SimpleData name="RESOLUTION">Medium</SimpleData>
					<SimpleData name="GNIS_ID">959535</SimpleData>
					<SimpleData name="GNIS_NAME">Otego Creek</SimpleData>
					<SimpleData name="LENGTHKM">0.812</SimpleData>
					<SimpleData name="REACHCODE">02050101000336</SimpleData>
					<SimpleData name="FLOWDIR">With Digitized</SimpleData>
					<SimpleData name="FTYPE">StreamRiver</SimpleData>
					<SimpleData name="FCODE">46006</SimpleData>
					<SimpleData name="AreaSqKM">1.0062</SimpleData>
					<SimpleData name="TotDASqKM">258.098</SimpleData>
					<SimpleData name="DUP_COMID">0</SimpleData>
					<SimpleData name="DUP_ArSqKM">0</SimpleData>
					<SimpleData name="DUP_Length">0.812</SimpleData>
					<SimpleData name="GIS_FID">0</SimpleData>
					<SimpleData name="rid">355</SimpleData>
				</SchemaData>
			</ExtendedData>
			<LineString>
				<coordinates>
					-75.10554319435656,42.47941280056864,0 -75.10560499411783,42.47927560084565,0 -75.10591419372888,42.47881806754333,0 -75.1064089267521,42.47801760076335,0 -75.10647079380662,42.47756006784827,0 -75.10634739428782,42.47710246710158,0 -75.10557512770994,42.47611880104425,0 -75.10554432770309,42.47575280065958,0 -75.10619332694797,42.47556986727865,0 -75.10662592765779,42.47536406766146,0 -75.10671879403027,42.47476940044763,0 -75.1074913939068,42.47456360105458,0 -75.1081401941467,42.4745408006989,0 -75.10909812699504,42.47479260045127,0 
				</coordinates>
			</LineString>
		</Placemark>
		<Placemark>
			<styleUrl>#style0</styleUrl>
			<Style id="inline">
				<IconStyle>
					<color>ffffffff</color>
					<colorMode>normal</colorMode>
				</IconStyle>
				<LineStyle>
					<color>ffffffff</color>
					<colorMode>normal</colorMode>
				</LineStyle>
				<PolyStyle>
					<color>ffffffff</color>
					<colorMode>normal</colorMode>
				</PolyStyle>
			</Style>
			<ExtendedData>
				<SchemaData schemaUrl="#S_otego_creek_DDDSSSSDSSSDDDDDDD">
					<SimpleData name="fid">356</SimpleData>
					<SimpleData name="cat">356</SimpleData>
					<SimpleData name="cat_">359</SimpleData>
					<SimpleData name="COMID">8.08637e+06</SimpleData>
					<SimpleData name="FDATE">1999/07/04</SimpleData>
					<SimpleData name="RESOLUTION">Medium</SimpleData>
					<SimpleData name="GNIS_ID">959535</SimpleData>
					<SimpleData name="GNIS_NAME">Otego Creek</SimpleData>
					<SimpleData name="LENGTHKM">2.872</SimpleData>
					<SimpleData name="REACHCODE">02050101000337</SimpleData>
					<SimpleData name="FLOWDIR">With Digitized</SimpleData>
					<SimpleData name="FTYPE">StreamRiver</SimpleData>
					<SimpleData name="FCODE">46006</SimpleData>
					<SimpleData name="AreaSqKM">2.7414</SimpleData>
					<SimpleData name="TotDASqKM">233.772</SimpleData>
					<SimpleData name="DUP_COMID">0</SimpleData>
					<SimpleData name="DUP_ArSqKM">0</SimpleData>
					<SimpleData name="DUP_Length">2.872</SimpleData>
					<SimpleData name="GIS_FID">0</SimpleData>
					<SimpleData name="rid">356</SimpleData>
				</SchemaData>
			</ExtendedData>
			<LineString>
				<coordinates>
					-75.10238612684343,42.49327426713065,0 -75.10241712724032,42.49309126723713,0 -75.10306632710784,42.49288560056748,0 -75.10312812724263,42.49272546761978,0 -75.10303539379032,42.49267966698226,0 -75.10244819429079,42.49249660051107,0 -75.10220099436208,42.49238220080932,0 -75.10220112686591,42.49219920097308,0 -75.10232472741458,42.49203906737198,0 -75.10390119440707,42.49149026707408,0 -75.10411772686001,42.49130740070184,0 -75.10436512685253,42.49096426769216,0 -75.10479779384428,42.49068986764148,0 -75.10557059351717,42.49064420068007,0 -75.10655972745242,42.49043846734517,0 -75.10671419443784,42.4905072007798,0 -75.10671399393804,42.49105620077479,0 -75.10705399356782,42.49105620048921,0 -75.10717772693773,42.49087326742939,0 -75.10717792734066,42.49059880105789,0 -75.10745619418037,42.49000406706686,0 -75.10727079359191,42.48963806752256,0 -75.10680732700763,42.4894320672643,0 -75.1050145269682,42.48966060102106,0 -75.10485999373874,42.48954620061308,0 -75.10486019340831,42.48906580106042,0 -75.10513852697461,42.4886084009195,0 -75.10554032716433,42.48828820059676,0 -75.10578772671897,42.48821966711127,0 -75.10643672679038,42.48819680038436,0 -75.10730219421316,42.48803680066117,0 -75.10733319335006,42.48762500072078,0 -75.10714792776372,42.48723620058357,0 -75.10680799398926,42.4869616677539,0 -75.10656079351791,42.4868700673329,0 -75.10609719385465,42.48680146764809,0 -75.1051081945099,42.48677840038143,0 -75.10390272736161,42.48689260039739,0 -75.10303752716362,42.48666366777194,0 -75.10260492687753,42.48629746759903,0 -75.10251232666138,42.4860458676705,0 -75.10248152684458,42.48551980025263,0 -75.10297619356679,42.48506240093569,0 -75.10418179394334,42.48414760045045,0 -75.10501632757675,42.48387320085408,0 -75.10526359381909,42.48364446768723,0 -75.10526392756202,42.48348440092127,0 -75.10458392717585,42.48320980026874,0 -75.10424399359894,42.48295806707812,0 -75.10415139434322,42.48275220104694,0 -75.10415179408903,42.48195166744549,0 -75.10489372755694,42.4809224670352,0 -75.10492492717596,42.48023620035583,0 -75.10535772674983,42.47957286713052,0 -75.10554319435656,42.47941280056864,0 
				</coordinates>
			</LineString>
		</Placemark>
		<Placemark>
			<styleUrl>#style0</styleUrl>
			<Style id="inline">
				<IconStyle>
					<color>ffffffff</color>
					<colorMode>normal</colorMode>
				</IconStyle>
				<LineStyle>
					<color>ffffffff</color>
					<colorMode>normal</colorMode>
				</LineStyle>
				<PolyStyle>
					<color>ffffffff</color>
					<colorMode>normal</colorMode>
				</PolyStyle>
			</Style>
			<ExtendedData>
				<SchemaData schemaUrl="#S_otego_creek_DDDSSSSDSSSDDDDDDD">
					<SimpleData name="fid">357</SimpleData>
					<SimpleData name="cat">357</SimpleData>
					<SimpleData name="cat_">360</SimpleData>
					<SimpleData name="COMID">8.08567e+06</SimpleData>
					<SimpleData name="FDATE">1999/09/29</SimpleData>
					<SimpleData name="RESOLUTION">Medium</SimpleData>
					<SimpleData name="GNIS_ID">959535</SimpleData>
					<SimpleData name="GNIS_NAME">Otego Creek</SimpleData>
					<SimpleData name="LENGTHKM">0.635</SimpleData>
					<SimpleData name="REACHCODE">02050101000338</SimpleData>
					<SimpleData name="FLOWDIR">With Digitized</SimpleData>
					<SimpleData name="FTYPE">StreamRiver</SimpleData>
					<SimpleData name="FCODE">46006</SimpleData>
					<SimpleData name="AreaSqKM">0.5346</SimpleData>
					<SimpleData name="TotDASqKM">225.932</SimpleData>
					<SimpleData name="DUP_COMID">0</SimpleData>
					<SimpleData name="DUP_ArSqKM">0</SimpleData>
					<SimpleData name="DUP_Length">0.635</SimpleData>
					<SimpleData name="GIS_FID">0</SimpleData>
					<SimpleData name="rid">357</SimpleData>
				</SchemaData>
			</ExtendedData>
			<LineString>
				<coordinates>
					-75.09727932716029,42.50550760030279,0 -75.09765079395967,42.5045470008716,0 -75.09861099332802,42.50134466772134,0 -75.09910599371841,42.50061280087457,0 -75.09947712705629,42.5000872676362,0 
				</coordinates>
			</LineString>
		</Placemark>
		<Placemark>
			<styleUrl>#style0</styleUrl>
			<Style id="inline">
				<IconStyle>
					<color>ffffffff</color>
					<colorMode>normal</colorMode>
				</IconStyle>
				<LineStyle>
					<color>ffffffff</color>
					<colorMode>normal</colorMode>
				</LineStyle>
				<PolyStyle>
					<color>ffffffff</color>
					<colorMode>normal</colorMode>
				</PolyStyle>
			</Style>
			<ExtendedData>
				<SchemaData schemaUrl="#S_otego_creek_DDDSSSSDSSSDDDDDDD">
					<SimpleData name="fid">358</SimpleData>
					<SimpleData name="cat">358</SimpleData>
					<SimpleData name="cat_">361</SimpleData>
					<SimpleData name="COMID">8.08635e+06</SimpleData>
					<SimpleData name="FDATE">1999/07/04</SimpleData>
					<SimpleData name="RESOLUTION">Medium</SimpleData>
					<SimpleData name="GNIS_ID">959535</SimpleData>
					<SimpleData name="GNIS_NAME">Otego Creek</SimpleData>
					<SimpleData name="LENGTHKM">1.044</SimpleData>
					<SimpleData name="REACHCODE">02050101000338</SimpleData>
					<SimpleData name="FLOWDIR">With Digitized</SimpleData>
					<SimpleData name="FTYPE">StreamRiver</SimpleData>
					<SimpleData name="FCODE">46006</SimpleData>
					<SimpleData name="AreaSqKM">4.0131</SimpleData>
					<SimpleData name="TotDASqKM">229.946</SimpleData>
					<SimpleData name="DUP_COMID">0</SimpleData>
					<SimpleData name="DUP_ArSqKM">0</SimpleData>
					<SimpleData name="DUP_Length">1.044</SimpleData>
					<SimpleData name="GIS_FID">0</SimpleData>
					<SimpleData name="rid">358</SimpleData>
				</SchemaData>
			</ExtendedData>
			<LineString>
				<coordinates>
					-75.09947712705629,42.5000872676362,0 -75.09969359443379,42.49990746752432,0 -75.09997192767243,42.49958720115158,0 -75.10034312766398,42.49919840117342,0 -75.1008995940786,42.49874106714205,0 -75.10133272734546,42.49826066698535,0 -75.10158019338212,42.49789486772751,0 -75.10179659403271,42.49768906766328,0 -75.10287879389769,42.49723166729418,0 -75.10312612712373,42.49700300023693,0 -75.10300259338274,42.49686580041659,0 -75.10275532702202,42.49682000042051,0 -75.10198259418216,42.49675120065642,0 -75.10182799383405,42.4967054003908,0 -75.10176619366484,42.4966138675716,0 -75.10176659383505,42.49606486767094,0 -75.10182852701676,42.49588186730004,0 -75.10241619398153,42.49540166715711,0 -75.10241619377817,42.49510426695045,0 -75.10232352706046,42.49503566774997,0 -75.1023235937802,42.49473826755654,0 -75.10250912724234,42.49455526749099,0 -75.10309679430854,42.49423520038653,0 -75.10318952740583,42.4939608005723,0 -75.10263332742448,42.4936174674357,0 -75.10250972665622,42.49336580094889,0 -75.10238612684343,42.49327426713065,0 
				</coordinates>
			</LineString>
		</Placemark>
		<Placemark>
			<styleUrl>#style0</styleUrl>
			<Style id="inline">
				<IconStyle>
					<color>ffffffff</color>
					<colorMode>normal</colorMode>
				</IconStyle>
				<LineStyle>
					<color>ffffffff</color>
					<colorMode>normal</colorMode>
				</LineStyle>
				<PolyStyle>
					<color>ffffffff</color>
					<colorMode>normal</colorMode>
				</PolyStyle>
			</Style>
			<ExtendedData>
				<SchemaData schemaUrl="#S_otego_creek_DDDSSSSDSSSDDDDDDD">
					<SimpleData name="fid">359</SimpleData>
					<SimpleData name="cat">359</SimpleData>
					<SimpleData name="cat_">362</SimpleData>
					<SimpleData name="COMID">8.08562e+06</SimpleData>
					<SimpleData name="FDATE">1999/09/29</SimpleData>
					<SimpleData name="RESOLUTION">Medium</SimpleData>
					<SimpleData name="GNIS_ID">959535</SimpleData>
					<SimpleData name="GNIS_NAME">Otego Creek</SimpleData>
					<SimpleData name="LENGTHKM">3.31</SimpleData>
					<SimpleData name="REACHCODE">02050101000339</SimpleData>
					<SimpleData name="FLOWDIR">With Digitized</SimpleData>
					<SimpleData name="FTYPE">StreamRiver</SimpleData>
					<SimpleData name="FCODE">46006</SimpleData>
					<SimpleData name="AreaSqKM">5.6583</SimpleData>
					<SimpleData name="TotDASqKM">198.115</SimpleData>
					<SimpleData name="DUP_COMID">0</SimpleData>
					<SimpleData name="DUP_ArSqKM">0</SimpleData>
					<SimpleData name="DUP_Length">3.31</SimpleData>
					<SimpleData name="GIS_FID">0</SimpleData>
					<SimpleData name="rid">359</SimpleData>
				</SchemaData>
			</ExtendedData>
			<LineString>
				<coordinates>
					-75.09247692752582,42.52511000050627,0 -75.09306499435763,42.52403506778488,0 -75.09362199374074,42.52346340030233,0 -75.09420979446733,42.52314326718319,0 -75.09476652690292,42.52309766769037,0 -75.09489012688641,42.52318920087605,0 -75.09492092765231,42.52357806757037,0 -75.09519919424982,42.52360100033446,0 -75.09550852693984,42.52344100096043,0 -75.09652952696942,42.52243466715854,0 -75.09770479442831,42.5217258672128,0 -75.10014839443605,42.52033106749236,0 -75.10076712775735,42.51987366706666,0 -75.10191159433053,42.51866160060355,0 -75.10228299359316,42.51811266723295,0 -75.10228312767254,42.51774666739907,0 -75.10178839347266,42.51774660068912,0 -75.10129339346848,42.51813540104023,0 -75.10033459438661,42.51870700088261,0 -75.09971599345425,42.51884420077405,0 -75.09949959329985,42.51879826764843,0 -75.09881959374265,42.51827206726772,0 -75.09847959377049,42.51790600049399,0 -75.09847979319021,42.51760860086559,0 -75.09928379430677,42.51726566776559,0 -75.09937672713237,42.51705986688265,0 -75.09928399457311,42.51673946700314,0 -75.09888219332177,42.51644206726787,0 -75.09724359421401,42.51596140111151,0 -75.09702732753627,42.51577840031199,0 -75.09699639406826,42.51564106777409,0 -75.09619299401271,42.5144972004565,0 -75.09600799434101,42.51362786720368,0 -75.09585352681717,42.51333046742752,0 -75.09563712708503,42.51319306714241,0 -75.09563719393607,42.51294146776927,0 -75.09588472765074,42.51264420089727,0 -75.09600852711129,42.51225540055196,0 -75.09545239344757,42.51161466742808,0 -75.09539079362338,42.51085980074731,0 -75.09557672714776,42.51021946760828,0 -75.09665939395268,42.50891586734235,0 -75.09699979418733,42.50822966783601,0 -75.09696972719173,42.50642246747717,0 -75.09709352768446,42.50582780060314,0 -75.09727932716029,42.50550760030279,0 
				</coordinates>
			</LineString>
		</Placemark>
		<Placemark>
			<styleUrl>#style0</styleUrl>
			<Style id="inline">
				<IconStyle>
					<color>ffffffff</color>
					<colorMode>normal</colorMode>
				</IconStyle>
				<LineStyle>
					<color>ffffffff</color>
					<colorMode>normal</colorMode>
				</LineStyle>
				<PolyStyle>
					<color>ffffffff</color>
					<colorMode>normal</colorMode>
				</PolyStyle>
			</Style>
			<ExtendedData>
				<SchemaData schemaUrl="#S_otego_creek_DDDSSSSDSSSDDDDDDD">
					<SimpleData name="fid">360</SimpleData>
					<SimpleData name="cat">360</SimpleData>
					<SimpleData name="cat_">363</SimpleData>
					<SimpleData name="COMID">8.08559e+06</SimpleData>
					<SimpleData name="FDATE">1999/09/29</SimpleData>
					<SimpleData name="RESOLUTION">Medium</SimpleData>
					<SimpleData name="GNIS_ID">959535</SimpleData>
					<SimpleData name="GNIS_NAME">Otego Creek</SimpleData>
					<SimpleData name="LENGTHKM">1.296</SimpleData>
					<SimpleData name="REACHCODE">02050101000340</SimpleData>
					<SimpleData name="FLOWDIR">With Digitized</SimpleData>
					<SimpleData name="FTYPE">StreamRiver</SimpleData>
					<SimpleData name="FCODE">46006</SimpleData>
					<SimpleData name="AreaSqKM">1.8756</SimpleData>
					<SimpleData name="TotDASqKM">191.139</SimpleData>
					<SimpleData name="DUP_COMID">0</SimpleData>
					<SimpleData name="DUP_ArSqKM">0</SimpleData>
					<SimpleData name="DUP_Length">1.296</SimpleData>
					<SimpleData name="GIS_FID">0</SimpleData>
					<SimpleData name="rid">360</SimpleData>
				</SchemaData>
			</ExtendedData>
			<LineString>
				<coordinates>
					-75.08427692760908,42.53229020025772,0 -75.08418419459281,42.532107200379,0 -75.08365879381088,42.53164946768504,0 -75.08359719415446,42.53116906780257,0 -75.08372099432077,42.53096326709034,0 -75.08372119391235,42.5306888007263,0 -75.0835357935515,42.53041420068268,0 -75.08356712716646,42.52993380025508,0 -75.08384559359939,42.52965946760236,0 -75.08505212763829,42.52913366742912,0 -75.0852067938884,42.52897366691445,0 -75.08536192671924,42.52853906765694,0 -75.08613532734368,42.52817340029947,0 -75.08635199324557,42.52785320091454,0 -75.08737252658115,42.52787640088069,0 -75.08777459349118,42.52776220085553,0 -75.08802232688973,42.52748766702503,0 -75.0882079937202,42.52703040032624,0 -75.08870319384687,42.52650440098536,0 -75.0887345274667,42.52590960041316,0 -75.08972432654254,42.52552106752126,0 -75.09062119379735,42.52545266770897,0 -75.09164192753654,42.52515546757471,0 -75.09247692752582,42.52511000050627,0 
				</coordinates>
			</LineString>
		</Placemark>
		<Placemark>
			<styleUrl>#style0</styleUrl>
			<Style id="inline">
				<IconStyle>
					<color>ffffffff</color>
					<colorMode>normal</colorMode>
				</IconStyle>
				<LineStyle>
					<color>ffffffff</color>
					<colorMode>normal</colorMode>
				</LineStyle>
				<PolyStyle>
					<color>ffffffff</color>
					<colorMode>normal</colorMode>
				</PolyStyle>
			</Style>
			<ExtendedData>
				<SchemaData schemaUrl="#S_otego_creek_DDDSSSSDSSSDDDDDDD">
					<SimpleData name="fid">361</SimpleData>
					<SimpleData name="cat">361</SimpleData>
					<SimpleData name="cat_">364</SimpleData>
					<SimpleData name="COMID">8.08558e+06</SimpleData>
					<SimpleData name="FDATE">1999/09/29</SimpleData>
					<SimpleData name="RESOLUTION">Medium</SimpleData>
					<SimpleData name="GNIS_ID">959535</SimpleData>
					<SimpleData name="GNIS_NAME">Otego Creek</SimpleData>
					<SimpleData name="LENGTHKM">1.203</SimpleData>
					<SimpleData name="REACHCODE">02050101000341</SimpleData>
					<SimpleData name="FLOWDIR">With Digitized</SimpleData>
					<SimpleData name="FTYPE">StreamRiver</SimpleData>
					<SimpleData name="FCODE">46006</SimpleData>
					<SimpleData name="AreaSqKM">2.0745</SimpleData>
					<SimpleData name="TotDASqKM">175.6</SimpleData>
					<SimpleData name="DUP_COMID">0</SimpleData>
					<SimpleData name="DUP_ArSqKM">0</SimpleData>
					<SimpleData name="DUP_Length">1.203</SimpleData>
					<SimpleData name="GIS_FID">0</SimpleData>
					<SimpleData name="rid">361</SimpleData>
				</SchemaData>
			</ExtendedData>
			<LineString>
				<coordinates>
					-75.07960152750852,42.53921960079905,0 -75.07969452736066,42.53894506733105,0 -75.08037512669546,42.53878520041151,0 -75.08056079374379,42.53862506682352,0 -75.0805611936994,42.53812186716158,0 -75.08111832721634,42.53761886743779,0 -75.08204659435339,42.53732186776341,0 -75.08229419402919,42.53713886739915,0 -75.0822943273221,42.53679580083671,0 -75.08189259397423,42.53640680044634,0 -75.08192459345558,42.53473700084427,0 -75.08220319354176,42.53446260044622,0 -75.08248159396929,42.53437106747941,0 -75.0828217936334,42.53444000037209,0 -75.08306912746062,42.53471460059409,0 -75.08337839360097,42.53471460081899,0 -75.0835949933347,42.53444020055644,0 -75.08399732785472,42.5341430005639,0 -75.08470879391029,42.53402866752467,0 -75.08514192656925,42.53389166747728,0 -75.08545139424244,42.53366300063294,0 -75.08551332680103,42.53348000071269,0 -75.08532779420257,42.53327406724065,0 -75.08440032729094,42.5328164008509,0 -75.08427692760908,42.53229020025772,0 
				</coordinates>
			</LineString>
		</Placemark>
		<Placemark>
			<styleUrl>#style0</styleUrl>
			<Style id="inline">
				<IconStyle>
					<color>ffffffff</color>
					<colorMode>normal</colorMode>
				</IconStyle>
				<LineStyle>
					<color>ffffffff</color>
					<colorMode>normal</colorMode>
				</LineStyle>
				<PolyStyle>
					<color>ffffffff</color>
					<colorMode>normal</colorMode>
				</PolyStyle>
			</Style>
			<ExtendedData>
				<SchemaData schemaUrl="#S_otego_creek_DDDSSSSDSSSDDDDDDD">
					<SimpleData name="fid">362</SimpleData>
					<SimpleData name="cat">362</SimpleData>
					<SimpleData name="cat_">365</SimpleData>
					<SimpleData name="COMID">8.08556e+06</SimpleData>
					<SimpleData name="FDATE">1999/09/29</SimpleData>
					<SimpleData name="RESOLUTION">Medium</SimpleData>
					<SimpleData name="GNIS_ID">959535</SimpleData>
					<SimpleData name="GNIS_NAME">Otego Creek</SimpleData>
					<SimpleData name="LENGTHKM">1.439</SimpleData>
					<SimpleData name="REACHCODE">02050101000342</SimpleData>
					<SimpleData name="FLOWDIR">With Digitized</SimpleData>
					<SimpleData name="FTYPE">StreamRiver</SimpleData>
					<SimpleData name="FCODE">46006</SimpleData>
					<SimpleData name="AreaSqKM">2.4255</SimpleData>
					<SimpleData name="TotDASqKM">157.982</SimpleData>
					<SimpleData name="DUP_COMID">0</SimpleData>
					<SimpleData name="DUP_ArSqKM">0</SimpleData>
					<SimpleData name="DUP_Length">1.439</SimpleData>
					<SimpleData name="GIS_FID">0</SimpleData>
					<SimpleData name="rid">362</SimpleData>
				</SchemaData>
			</ExtendedData>
			<LineString>
				<coordinates>
					-75.07399592752138,42.547452067539,0 -75.07396552699939,42.54681160095004,0 -75.07371919439028,42.54527886716946,0 -75.07384332754599,42.54502726721559,0 -75.07443152707104,42.54440986706071,0 -75.07551479446722,42.54376986714392,0 -75.0760411942889,42.54308400045372,0 -75.07644359325624,42.54285526747377,0 -75.07718592748897,42.54292420037451,0 -75.07826892750863,42.54249006722556,0 -75.07860952733552,42.54221580067657,0 -75.07870239420278,42.5420328005964,0 -75.0784859937479,42.54191826708653,0 -75.07792919434337,42.54182660045852,0 -75.0773107939964,42.54143746771617,0 -75.07718719391202,42.54125440030877,0 -75.07684699337625,42.54116266730926,0 -75.07656872724672,42.54095680090501,0 -75.07650699357416,42.54079660073761,0 -75.07650739416856,42.54036200060708,0 -75.07709519374866,42.54022500015817,0 -75.07867279448425,42.54027140039999,0 -75.07892032703552,42.54018000037987,0 -75.07932279364266,42.53969980052723,0 -75.07947779338025,42.53928806731518,0 -75.07960152750852,42.53921960079905,0 
				</coordinates>
			</LineString>
		</Placemark>
		<Placemark>
			<styleUrl>#style0</styleUrl>
			<Style id="inline">
				<IconStyle>
					<color>ffffffff</color>
					<colorMode>normal</colorMode>
				</IconStyle>
				<LineStyle>
					<color>ffffffff</color>
					<colorMode>normal</colorMode>
				</LineStyle>
				<PolyStyle>
					<color>ffffffff</color>
					<colorMode>normal</colorMode>
				</PolyStyle>
			</Style>
			<ExtendedData>
				<SchemaData schemaUrl="#S_otego_creek_DDDSSSSDSSSDDDDDDD">
					<SimpleData name="fid">363</SimpleData>
					<SimpleData name="cat">363</SimpleData>
					<SimpleData name="cat_">366</SimpleData>
					<SimpleData name="COMID">8.08555e+06</SimpleData>
					<SimpleData name="FDATE">1999/09/29</SimpleData>
					<SimpleData name="RESOLUTION">Medium</SimpleData>
					<SimpleData name="GNIS_ID">959535</SimpleData>
					<SimpleData name="GNIS_NAME">Otego Creek</SimpleData>
					<SimpleData name="LENGTHKM">0.963</SimpleData>
					<SimpleData name="REACHCODE">02050101000343</SimpleData>
					<SimpleData name="FLOWDIR">With Digitized</SimpleData>
					<SimpleData name="FTYPE">StreamRiver</SimpleData>
					<SimpleData name="FCODE">46006</SimpleData>
					<SimpleData name="AreaSqKM">0.9252</SimpleData>
					<SimpleData name="TotDASqKM">150.027</SimpleData>
					<SimpleData name="DUP_COMID">0</SimpleData>
					<SimpleData name="DUP_ArSqKM">0</SimpleData>
					<SimpleData name="DUP_Length">0.963</SimpleData>
					<SimpleData name="GIS_FID">0</SimpleData>
					<SimpleData name="rid">363</SimpleData>
				</SchemaData>
			</ExtendedData>
			<LineString>
				<coordinates>
					-75.07433019411171,42.55490926692012,0 -75.07479459365946,42.55461220015354,0 -75.07507339435504,42.55417766723428,0 -75.07507439435007,42.55289666733809,0 -75.07538432750084,42.55230206711547,0 -75.07550859422234,42.55145566689668,0 -75.07476619350346,42.55136386724572,0 -75.07442612743262,42.55106640096531,0 -75.07436452770757,42.55067746729232,0 -75.07489079388051,42.55033466701927,0 -75.07498372690546,42.55010586677612,0 -75.0749223937631,42.54944246700768,0 -75.07455199354438,42.54850460032189,0 -75.07442879446835,42.54774966701059,0 -75.07399592752138,42.547452067539,0 
				</coordinates>
			</LineString>
		</Placemark>
		<Placemark>
			<styleUrl>#style0</styleUrl>
			<Style id="inline">
				<IconStyle>
					<color>ffffffff</color>
					<colorMode>normal</colorMode>
				</IconStyle>
				<LineStyle>
					<color>ffffffff</color>
					<colorMode>normal</colorMode>
				</LineStyle>
				<PolyStyle>
					<color>ffffffff</color>
					<colorMode>normal</colorMode>
				</PolyStyle>
			</Style>
			<ExtendedData>
				<SchemaData schemaUrl="#S_otego_creek_DDDSSSSDSSSDDDDDDD">
					<SimpleData name="fid">364</SimpleData>
					<SimpleData name="cat">364</SimpleData>
					<SimpleData name="cat_">367</SimpleData>
					<SimpleData name="COMID">8.08553e+06</SimpleData>
					<SimpleData name="FDATE">1999/09/29</SimpleData>
					<SimpleData name="RESOLUTION">Medium</SimpleData>
					<SimpleData name="GNIS_ID">959535</SimpleData>
					<SimpleData name="GNIS_NAME">Otego Creek</SimpleData>
					<SimpleData name="LENGTHKM">0.16</SimpleData>
					<SimpleData name="REACHCODE">02050101000344</SimpleData>
					<SimpleData name="FLOWDIR">With Digitized</SimpleData>
					<SimpleData name="FTYPE">StreamRiver</SimpleData>
					<SimpleData name="FCODE">46006</SimpleData>
					<SimpleData name="AreaSqKM">0.0684</SimpleData>
					<SimpleData name="TotDASqKM">149.102</SimpleData>
					<SimpleData name="DUP_COMID">0</SimpleData>
					<SimpleData name="DUP_ArSqKM">0</SimpleData>
					<SimpleData name="DUP_Length">0.16</SimpleData>
					<SimpleData name="GIS_FID">0</SimpleData>
					<SimpleData name="rid">364</SimpleData>
				</SchemaData>
			</ExtendedData>
			<LineString>
				<coordinates>
					-75.07324672704968,42.55543500012861,0 -75.07315419352032,42.55509180078391,0 -75.07324712697684,42.55493166741622,0 -75.07355659359008,42.55474886765928,0 -75.07392812735939,42.55472606690804,0 -75.07433019411171,42.55490926692012,0 
				</coordinates>
			</LineString>
		</Placemark>
		<Placemark>
			<styleUrl>#style0</styleUrl>
			<Style id="inline">
				<IconStyle>
					<color>ffffffff</color>
					<colorMode>normal</colorMode>
				</IconStyle>
				<LineStyle>
					<color>ffffffff</color>
					<colorMode>normal</colorMode>
				</LineStyle>
				<PolyStyle>
					<color>ffffffff</color>
					<colorMode>normal</colorMode>
				</PolyStyle>
			</Style>
			<ExtendedData>
				<SchemaData schemaUrl="#S_otego_creek_DDDSSSSDSSSDDDDDDD">
					<SimpleData name="fid">365</SimpleData>
					<SimpleData name="cat">365</SimpleData>
					<SimpleData name="cat_">368</SimpleData>
					<SimpleData name="COMID">8.08553e+06</SimpleData>
					<SimpleData name="FDATE">1999/09/29</SimpleData>
					<SimpleData name="RESOLUTION">Medium</SimpleData>
					<SimpleData name="GNIS_ID">959535</SimpleData>
					<SimpleData name="GNIS_NAME">Otego Creek</SimpleData>
					<SimpleData name="LENGTHKM">1.142</SimpleData>
					<SimpleData name="REACHCODE">02050101000345</SimpleData>
					<SimpleData name="FLOWDIR">With Digitized</SimpleData>
					<SimpleData name="FTYPE">StreamRiver</SimpleData>
					<SimpleData name="FCODE">46006</SimpleData>
					<SimpleData name="AreaSqKM">1.6317</SimpleData>
					<SimpleData name="TotDASqKM">149.034</SimpleData>
					<SimpleData name="DUP_COMID">0</SimpleData>
					<SimpleData name="DUP_ArSqKM">0</SimpleData>
					<SimpleData name="DUP_Length">1.142</SimpleData>
					<SimpleData name="GIS_FID">0</SimpleData>
					<SimpleData name="rid">365</SimpleData>
				</SchemaData>
			</ExtendedData>
			<LineString>
				<coordinates>
					-75.06287592690543,42.56110286755201,0 -75.06498179394112,42.55954846732323,0 -75.0659105270196,42.55906860012733,0 -75.06693219432157,42.55836006777143,0 -75.06745832656433,42.5582688009417,0 -75.06826252765993,42.55847500048353,0 -75.06885039431712,42.55847526740973,0 -75.06915999427541,42.5583152671973,0 -75.06959372716138,42.55774360056223,0 -75.06984139442436,42.55756080045253,0 -75.07067699336696,42.55737820036465,0 -75.07120319440841,42.55714960085724,0 -75.07157479386443,42.55687526723503,0 -75.07173012692012,42.55621206685434,0 -75.07207052738248,42.55598346697614,0 -75.07278232754331,42.55582360062994,0 -75.07324672704968,42.55543500012861,0 
				</coordinates>
			</LineString>
		</Placemark>
		<Placemark>
			<styleUrl>#style0</styleUrl>
			<Style id="inline">
				<IconStyle>
					<color>ffffffff</color>
					<colorMode>normal</colorMode>
				</IconStyle>
				<LineStyle>
					<color>ffffffff</color>
					<colorMode>normal</colorMode>
				</LineStyle>
				<PolyStyle>
					<color>ffffffff</color>
					<colorMode>normal</colorMode>
				</PolyStyle>
			</Style>
			<ExtendedData>
				<SchemaData schemaUrl="#S_otego_creek_DDDSSSSDSSSDDDDDDD">
					<SimpleData name="fid">366</SimpleData>
					<SimpleData name="cat">366</SimpleData>
					<SimpleData name="cat_">369</SimpleData>
					<SimpleData name="COMID">8.08552e+06</SimpleData>
					<SimpleData name="FDATE">1999/09/29</SimpleData>
					<SimpleData name="RESOLUTION">Medium</SimpleData>
					<SimpleData name="GNIS_ID">959535</SimpleData>
					<SimpleData name="GNIS_NAME">Otego Creek</SimpleData>
					<SimpleData name="LENGTHKM">0.164</SimpleData>
					<SimpleData name="REACHCODE">02050101000346</SimpleData>
					<SimpleData name="FLOWDIR">With Digitized</SimpleData>
					<SimpleData name="FTYPE">StreamRiver</SimpleData>
					<SimpleData name="FCODE">46006</SimpleData>
					<SimpleData name="AreaSqKM">0.027</SimpleData>
					<SimpleData name="TotDASqKM">147.398</SimpleData>
					<SimpleData name="DUP_COMID">0</SimpleData>
					<SimpleData name="DUP_ArSqKM">0</SimpleData>
					<SimpleData name="DUP_Length">0.164</SimpleData>
					<SimpleData name="GIS_FID">0</SimpleData>
					<SimpleData name="rid">366</SimpleData>
				</SchemaData>
			</ExtendedData>
			<LineString>
				<coordinates>
					-75.06138999454812,42.56187980060589,0 -75.06157572669379,42.56171980065493,0 -75.0616999268444,42.56137666733285,0 -75.06287592690543,42.56110286755201,0 
				</coordinates>
			</LineString>
		</Placemark>
		<Placemark>
			<styleUrl>#style0</styleUrl>
			<Style id="inline">
				<IconStyle>
					<color>ffffffff</color>
					<colorMode>normal</colorMode>
				</IconStyle>
				<LineStyle>
					<color>ffffffff</color>
					<colorMode>normal</colorMode>
				</LineStyle>
				<PolyStyle>
					<color>ffffffff</color>
					<colorMode>normal</colorMode>
				</PolyStyle>
			</Style>
			<ExtendedData>
				<SchemaData schemaUrl="#S_otego_creek_DDDSSSSDSSSDDDDDDD">
					<SimpleData name="fid">367</SimpleData>
					<SimpleData name="cat">367</SimpleData>
					<SimpleData name="cat_">370</SimpleData>
					<SimpleData name="COMID">8.08552e+06</SimpleData>
					<SimpleData name="FDATE">1999/09/29</SimpleData>
					<SimpleData name="RESOLUTION">Medium</SimpleData>
					<SimpleData name="GNIS_ID">959535</SimpleData>
					<SimpleData name="GNIS_NAME">Otego Creek</SimpleData>
					<SimpleData name="LENGTHKM">0.076</SimpleData>
					<SimpleData name="REACHCODE">02050101000347</SimpleData>
					<SimpleData name="FLOWDIR">With Digitized</SimpleData>
					<SimpleData name="FTYPE">StreamRiver</SimpleData>
					<SimpleData name="FCODE">46006</SimpleData>
					<SimpleData name="AreaSqKM">0.0162</SimpleData>
					<SimpleData name="TotDASqKM">144.787</SimpleData>
					<SimpleData name="DUP_COMID">0</SimpleData>
					<SimpleData name="DUP_ArSqKM">0</SimpleData>
					<SimpleData name="DUP_Length">0.076</SimpleData>
					<SimpleData name="GIS_FID">0</SimpleData>
					<SimpleData name="rid">367</SimpleData>
				</SchemaData>
			</ExtendedData>
			<LineString>
				<coordinates>
					-75.06179152753427,42.56249766725478,0 -75.06138999454812,42.56187980060589,0 
				</coordinates>
			</LineString>
		</Placemark>
		<Placemark>
			<styleUrl>#style0</styleUrl>
			<Style id="inline">
				<IconStyle>
					<color>ffffffff</color>
					<colorMode>normal</colorMode>
				</IconStyle>
				<LineStyle>
					<color>ffffffff</color>
					<colorMode>normal</colorMode>
				</LineStyle>
				<PolyStyle>
					<color>ffffffff</color>
					<colorMode>normal</colorMode>
				</PolyStyle>
			</Style>
			<ExtendedData>
				<SchemaData schemaUrl="#S_otego_creek_DDDSSSSDSSSDDDDDDD">
					<SimpleData name="fid">368</SimpleData>
					<SimpleData name="cat">368</SimpleData>
					<SimpleData name="cat_">371</SimpleData>
					<SimpleData name="COMID">8.08551e+06</SimpleData>
					<SimpleData name="FDATE">1999/09/29</SimpleData>
					<SimpleData name="RESOLUTION">Medium</SimpleData>
					<SimpleData name="GNIS_ID">959535</SimpleData>
					<SimpleData name="GNIS_NAME">Otego Creek</SimpleData>
					<SimpleData name="LENGTHKM">0.43</SimpleData>
					<SimpleData name="REACHCODE">02050101000348</SimpleData>
					<SimpleData name="FLOWDIR">With Digitized</SimpleData>
					<SimpleData name="FTYPE">StreamRiver</SimpleData>
					<SimpleData name="FCODE">46006</SimpleData>
					<SimpleData name="AreaSqKM">0.3033</SimpleData>
					<SimpleData name="TotDASqKM">144.771</SimpleData>
					<SimpleData name="DUP_COMID">0</SimpleData>
					<SimpleData name="DUP_ArSqKM">0</SimpleData>
					<SimpleData name="DUP_Length">0.43</SimpleData>
					<SimpleData name="GIS_FID">0</SimpleData>
					<SimpleData name="rid">368</SimpleData>
				</SchemaData>
			</ExtendedData>
			<LineString>
				<coordinates>
					-75.06095292677995,42.56563106726296,0 -75.06002512671029,42.56503566725802,0 -75.05999452721338,42.56471546731402,0 -75.06064559374471,42.563412000315,0 -75.06179152753427,42.56249766725478,0 
				</coordinates>
			</LineString>
		</Placemark>
		<Placemark>
			<styleUrl>#style0</styleUrl>
			<Style id="inline">
				<IconStyle>
					<color>ffffffff</color>
					<colorMode>normal</colorMode>
				</IconStyle>
				<LineStyle>
					<color>ffffffff</color>
					<colorMode>normal</colorMode>
				</LineStyle>
				<PolyStyle>
					<color>ffffffff</color>
					<colorMode>normal</colorMode>
				</PolyStyle>
			</Style>
			<ExtendedData>
				<SchemaData schemaUrl="#S_otego_creek_DDDSSSSDSSSDDDDDDD">
					<SimpleData name="fid">369</SimpleData>
					<SimpleData name="cat">369</SimpleData>
					<SimpleData name="cat_">372</SimpleData>
					<SimpleData name="COMID">8.08551e+06</SimpleData>
					<SimpleData name="FDATE">1999/09/29</SimpleData>
					<SimpleData name="RESOLUTION">Medium</SimpleData>
					<SimpleData name="GNIS_ID">959535</SimpleData>
					<SimpleData name="GNIS_NAME">Otego Creek</SimpleData>
					<SimpleData name="LENGTHKM">0.526</SimpleData>
					<SimpleData name="REACHCODE">02050101000349</SimpleData>
					<SimpleData name="FLOWDIR">With Digitized</SimpleData>
					<SimpleData name="FTYPE">StreamRiver</SimpleData>
					<SimpleData name="FCODE">46006</SimpleData>
					<SimpleData name="AreaSqKM">0.2628</SimpleData>
					<SimpleData name="TotDASqKM">141.794</SimpleData>
					<SimpleData name="DUP_COMID">0</SimpleData>
					<SimpleData name="DUP_ArSqKM">0</SimpleData>
					<SimpleData name="DUP_Length">0.526</SimpleData>
					<SimpleData name="GIS_FID">0</SimpleData>
					<SimpleData name="rid">369</SimpleData>
				</SchemaData>
			</ExtendedData>
			<LineString>
				<coordinates>
					-75.06218719388593,42.56913146727832,0 -75.06255899416466,42.5687884671902,0 -75.06286879449267,42.56842266709078,0 -75.06293092776221,42.56812540073889,0 -75.06166239380696,42.56791880070632,0 -75.06088919405501,42.56739226762055,0 -75.0607037269766,42.56714060037775,0 -75.06070399418444,42.56684326706753,0 -75.0609523944965,42.56611140052549,0 -75.06095292677995,42.56563106726296,0 
				</coordinates>
			</LineString>
		</Placemark>
		<Placemark>
			<styleUrl>#style0</styleUrl>
			<Style id="inline">
				<IconStyle>
					<color>ffffffff</color>
					<colorMode>normal</colorMode>
				</IconStyle>
				<LineStyle>
					<color>ffffffff</color>
					<colorMode>normal</colorMode>
				</LineStyle>
				<PolyStyle>
					<color>ffffffff</color>
					<colorMode>normal</colorMode>
				</PolyStyle>
			</Style>
			<ExtendedData>
				<SchemaData schemaUrl="#S_otego_creek_DDDSSSSDSSSDDDDDDD">
					<SimpleData name="fid">370</SimpleData>
					<SimpleData name="cat">370</SimpleData>
					<SimpleData name="cat_">373</SimpleData>
					<SimpleData name="COMID">8.0855e+06</SimpleData>
					<SimpleData name="FDATE">1999/09/29</SimpleData>
					<SimpleData name="RESOLUTION">Medium</SimpleData>
					<SimpleData name="GNIS_ID">959535</SimpleData>
					<SimpleData name="GNIS_NAME">Otego Creek</SimpleData>
					<SimpleData name="LENGTHKM">0.186</SimpleData>
					<SimpleData name="REACHCODE">02050101000350</SimpleData>
					<SimpleData name="FLOWDIR">With Digitized</SimpleData>
					<SimpleData name="FTYPE">StreamRiver</SimpleData>
					<SimpleData name="FCODE">46006</SimpleData>
					<SimpleData name="AreaSqKM">0.0315</SimpleData>
					<SimpleData name="TotDASqKM">140.864</SimpleData>
					<SimpleData name="DUP_COMID">0</SimpleData>
					<SimpleData name="DUP_ArSqKM">0</SimpleData>
					<SimpleData name="DUP_Length">0.186</SimpleData>
					<SimpleData name="GIS_FID">0</SimpleData>
					<SimpleData name="rid">370</SimpleData>
				</SchemaData>
			</ExtendedData>
			<LineString>
				<coordinates>
					-75.06091692789984,42.57041166695191,0 -75.06107232765238,42.56990860108827,0 -75.06184672674748,42.56924560034548,0 -75.06218719388593,42.56913146727832,0 
				</coordinates>
			</LineString>
		</Placemark>
		<Placemark>
			<styleUrl>#style0</styleUrl>
			<Style id="inline">
				<IconStyle>
					<color>ffffffff</color>
					<colorMode>normal</colorMode>
				</IconStyle>
				<LineStyle>
					<color>ffffffff</color>
					<colorMode>normal</colorMode>
				</LineStyle>
				<PolyStyle>
					<color>ffffffff</color>
					<colorMode>normal</colorMode>
				</PolyStyle>
			</Style>
			<ExtendedData>
				<SchemaData schemaUrl="#S_otego_creek_DDDSSSSDSSSDDDDDDD">
					<SimpleData name="fid">371</SimpleData>
					<SimpleData name="cat">371</SimpleData>
					<SimpleData name="cat_">374</SimpleData>
					<SimpleData name="COMID">8.08549e+06</SimpleData>
					<SimpleData name="FDATE">1999/09/29</SimpleData>
					<SimpleData name="RESOLUTION">Medium</SimpleData>
					<SimpleData name="GNIS_ID">959535</SimpleData>
					<SimpleData name="GNIS_NAME">Otego Creek</SimpleData>
					<SimpleData name="LENGTHKM">0.25</SimpleData>
					<SimpleData name="REACHCODE">02050101000351</SimpleData>
					<SimpleData name="FLOWDIR">With Digitized</SimpleData>
					<SimpleData name="FTYPE">StreamRiver</SimpleData>
					<SimpleData name="FCODE">46006</SimpleData>
					<SimpleData name="AreaSqKM">0.0477</SimpleData>
					<SimpleData name="TotDASqKM">132.213</SimpleData>
					<SimpleData name="DUP_COMID">0</SimpleData>
					<SimpleData name="DUP_ArSqKM">0</SimpleData>
					<SimpleData name="DUP_Length">0.25</SimpleData>
					<SimpleData name="GIS_FID">0</SimpleData>
					<SimpleData name="rid">371</SimpleData>
				</SchemaData>
			</ExtendedData>
			<LineString>
				<coordinates>
					-75.06069859325136,42.57203566753513,0 -75.06026532708528,42.57203540029865,0 -75.06004879396563,42.57192100063499,0 -75.06004912710434,42.57166940068036,0 -75.06032812680759,42.57128060012309,0 -75.06076172677008,42.57098346682373,0 -75.06091652731882,42.5707548008903,0 -75.06091692789984,42.57041166695191,0 
				</coordinates>
			</LineString>
		</Placemark>
		<Placemark>
			<styleUrl>#style0</styleUrl>
			<Style id="inline">
				<IconStyle>
					<color>ffffffff</color>
					<colorMode>normal</colorMode>
				</IconStyle>
				<LineStyle>
					<color>ffffffff</color>
					<colorMode>normal</colorMode>
				</LineStyle>
				<PolyStyle>
					<color>ffffffff</color>
					<colorMode>normal</colorMode>
				</PolyStyle>
			</Style>
			<ExtendedData>
				<SchemaData schemaUrl="#S_otego_creek_DDDSSSSDSSSDDDDDDD">
					<SimpleData name="fid">372</SimpleData>
					<SimpleData name="cat">372</SimpleData>
					<SimpleData name="cat_">375</SimpleData>
					<SimpleData name="COMID">8.08549e+06</SimpleData>
					<SimpleData name="FDATE">1999/09/29</SimpleData>
					<SimpleData name="RESOLUTION">Medium</SimpleData>
					<SimpleData name="GNIS_ID">959535</SimpleData>
					<SimpleData name="GNIS_NAME">Otego Creek</SimpleData>
					<SimpleData name="LENGTHKM">0.795</SimpleData>
					<SimpleData name="REACHCODE">02050101000352</SimpleData>
					<SimpleData name="FLOWDIR">With Digitized</SimpleData>
					<SimpleData name="FTYPE">StreamRiver</SimpleData>
					<SimpleData name="FCODE">46006</SimpleData>
					<SimpleData name="AreaSqKM">0.6606</SimpleData>
					<SimpleData name="TotDASqKM">132.165</SimpleData>
					<SimpleData name="DUP_COMID">0</SimpleData>
					<SimpleData name="DUP_ArSqKM">0</SimpleData>
					<SimpleData name="DUP_Length">0.795</SimpleData>
					<SimpleData name="GIS_FID">0</SimpleData>
					<SimpleData name="rid">372</SimpleData>
				</SchemaData>
			</ExtendedData>
			<LineString>
				<coordinates>
					-75.06044432694971,42.57866920077076,0 -75.06044572721474,42.57722806690268,0 -75.060198727347,42.57665606710623,0 -75.06029199351499,42.57619866695216,0 -75.0605711273621,42.57564980038676,0 -75.06109779368538,42.57512400096959,0 -75.06131492778891,42.57475806702813,0 -75.06131512685646,42.57441500032456,0 -75.06075859429501,42.57386566706712,0 -75.06069712690945,42.5735454668662,0 -75.06088299422508,42.57336246735805,0 -75.06103832765207,42.57279080097702,0 -75.06076019362382,42.57244740039689,0 -75.06069859325136,42.57203566753513,0 
				</coordinates>
			</LineString>
		</Placemark>
		<Placemark>
			<styleUrl>#style0</styleUrl>
			<Style id="inline">
				<IconStyle>
					<color>ffffffff</color>
					<colorMode>normal</colorMode>
				</IconStyle>
				<LineStyle>
					<color>ffffffff</color>
					<colorMode>normal</colorMode>
				</LineStyle>
				<PolyStyle>
					<color>ffffffff</color>
					<colorMode>normal</colorMode>
				</PolyStyle>
			</Style>
			<ExtendedData>
				<SchemaData schemaUrl="#S_otego_creek_DDDSSSSDSSSDDDDDDD">
					<SimpleData name="fid">373</SimpleData>
					<SimpleData name="cat">373</SimpleData>
					<SimpleData name="cat_">376</SimpleData>
					<SimpleData name="COMID">8.08546e+06</SimpleData>
					<SimpleData name="FDATE">1999/09/29</SimpleData>
					<SimpleData name="RESOLUTION">Medium</SimpleData>
					<SimpleData name="GNIS_ID">959535</SimpleData>
					<SimpleData name="GNIS_NAME">Otego Creek</SimpleData>
					<SimpleData name="LENGTHKM">1.679</SimpleData>
					<SimpleData name="REACHCODE">02050101000353</SimpleData>
					<SimpleData name="FLOWDIR">With Digitized</SimpleData>
					<SimpleData name="FTYPE">StreamRiver</SimpleData>
					<SimpleData name="FCODE">46006</SimpleData>
					<SimpleData name="AreaSqKM">1.4499</SimpleData>
					<SimpleData name="TotDASqKM">129.442</SimpleData>
					<SimpleData name="DUP_COMID">0</SimpleData>
					<SimpleData name="DUP_ArSqKM">0</SimpleData>
					<SimpleData name="DUP_Length">1.679</SimpleData>
					<SimpleData name="GIS_FID">0</SimpleData>
					<SimpleData name="rid">373</SimpleData>
				</SchemaData>
			</ExtendedData>
			<LineString>
				<coordinates>
					-75.0581115273981,42.58916726708058,0 -75.05811172758482,42.58898426710145,0 -75.05941312734285,42.58779546747411,0 -75.05972319354423,42.58731526698786,0 -75.06031179341701,42.58692680023701,0 -75.0633155941514,42.58578480045855,0 -75.06378032771993,42.58551040052161,0 -75.06396632735009,42.58521320035734,0 -75.06396679395462,42.58473280026919,0 -75.06378119408262,42.58454966685115,0 -75.06279092667873,42.58425180045604,0 -75.06251252720766,42.58404580063161,0 -75.06251319434215,42.58345106739635,0 -75.06108932677817,42.58335880087564,0 -75.06068719357029,42.58306120039091,0 -75.06053299361791,42.58258080044341,0 -75.06062599419957,42.58246640039853,0 -75.06127612735779,42.58230666760625,0 -75.06130759351241,42.58198640031873,0 -75.06115359381309,42.58116286719012,0 -75.06146359424679,42.58065986726233,0 -75.06137119448219,42.58024806721431,0 -75.06106212688113,42.57974460011322,0 -75.06041252772664,42.57944686754185,0 -75.06044432694971,42.57866920077076,0 
				</coordinates>
			</LineString>
		</Placemark>
		<Placemark>
			<styleUrl>#style0</styleUrl>
			<Style id="inline">
				<IconStyle>
					<color>ffffffff</color>
					<colorMode>normal</colorMode>
				</IconStyle>
				<LineStyle>
					<color>ffffffff</color>
					<colorMode>normal</colorMode>
				</LineStyle>
				<PolyStyle>
					<color>ffffffff</color>
					<colorMode>normal</colorMode>
				</PolyStyle>
			</Style>
			<ExtendedData>
				<SchemaData schemaUrl="#S_otego_creek_DDDSSSSDSSSDDDDDDD">
					<SimpleData name="fid">374</SimpleData>
					<SimpleData name="cat">374</SimpleData>
					<SimpleData name="cat_">377</SimpleData>
					<SimpleData name="COMID">8.08544e+06</SimpleData>
					<SimpleData name="FDATE">1999/09/29</SimpleData>
					<SimpleData name="RESOLUTION">Medium</SimpleData>
					<SimpleData name="GNIS_ID">959535</SimpleData>
					<SimpleData name="GNIS_NAME">Otego Creek</SimpleData>
					<SimpleData name="LENGTHKM">1.452</SimpleData>
					<SimpleData name="REACHCODE">02050101000354</SimpleData>
					<SimpleData name="FLOWDIR">With Digitized</SimpleData>
					<SimpleData name="FTYPE">StreamRiver</SimpleData>
					<SimpleData name="FCODE">46006</SimpleData>
					<SimpleData name="AreaSqKM">1.6281</SimpleData>
					<SimpleData name="TotDASqKM">77.0013</SimpleData>
					<SimpleData name="DUP_COMID">0</SimpleData>
					<SimpleData name="DUP_ArSqKM">0</SimpleData>
					<SimpleData name="DUP_Length">1.452</SimpleData>
					<SimpleData name="GIS_FID">0</SimpleData>
					<SimpleData name="rid">374</SimpleData>
				</SchemaData>
			</ExtendedData>
			<LineString>
				<coordinates>
					-75.05754272715023,42.59984926683016,0 -75.05788339422689,42.59971220018984,0 -75.05794559348298,42.59941500027392,0 -75.05701739328606,42.59879680075163,0 -75.05692512699315,42.59831640064142,0 -75.05763799334133,42.59758480054644,0 -75.05791712722751,42.59715040084451,0 -75.05797979439616,42.59641840106268,0 -75.05816612705146,42.59602966748031,0 -75.05835279352353,42.59506906681082,0 -75.05906552783766,42.59449760058784,0 -75.06021139423177,42.59408646769447,0 -75.06021172713604,42.59383486737305,0 -75.05860299397193,42.59271306724806,0 -75.05823212751901,42.59223246714959,0 -75.05826312675079,42.59214106739434,0 -75.05817039427467,42.59204940079231,0 -75.05736679338166,42.59072226721172,0 -75.05736759356354,42.59001320027232,0 -75.05786372694871,42.58935006743847,0 -75.0581115273981,42.58916726708058,0 
				</coordinates>
			</LineString>
		</Placemark>
		<Placemark>
			<styleUrl>#style0</styleUrl>
			<Style id="inline">
				<IconStyle>
					<color>ffffffff</color>
					<colorMode>normal</colorMode>
				</IconStyle>
				<LineStyle>
					<color>ffffffff</color>
					<colorMode>normal</colorMode>
				</LineStyle>
				<PolyStyle>
					<color>ffffffff</color>
					<colorMode>normal</colorMode>
				</PolyStyle>
			</Style>
			<ExtendedData>
				<SchemaData schemaUrl="#S_otego_creek_DDDSSSSDSSSDDDDDDD">
					<SimpleData name="fid">375</SimpleData>
					<SimpleData name="cat">375</SimpleData>
					<SimpleData name="cat_">378</SimpleData>
					<SimpleData name="COMID">8.08542e+06</SimpleData>
					<SimpleData name="FDATE">1999/09/29</SimpleData>
					<SimpleData name="RESOLUTION">Medium</SimpleData>
					<SimpleData name="GNIS_ID">959535</SimpleData>
					<SimpleData name="GNIS_NAME">Otego Creek</SimpleData>
					<SimpleData name="LENGTHKM">6.286</SimpleData>
					<SimpleData name="REACHCODE">02050101000355</SimpleData>
					<SimpleData name="FLOWDIR">With Digitized</SimpleData>
					<SimpleData name="FTYPE">StreamRiver</SimpleData>
					<SimpleData name="FCODE">46006</SimpleData>
					<SimpleData name="AreaSqKM">11.5389</SimpleData>
					<SimpleData name="TotDASqKM">62.6265</SimpleData>
					<SimpleData name="DUP_COMID">0</SimpleData>
					<SimpleData name="DUP_ArSqKM">0</SimpleData>
					<SimpleData name="DUP_Length">6.286</SimpleData>
					<SimpleData name="GIS_FID">0</SimpleData>
					<SimpleData name="rid">375</SimpleData>
				</SchemaData>
			</ExtendedData>
			<LineString>
				<coordinates>
					-75.05649999338253,42.6469470004836,0 -75.0565623268286,42.64664960026095,0 -75.05643899339152,42.64610060026405,0 -75.05631679440877,42.64454500097018,0 -75.05613112758897,42.64427040043928,0 -75.05489259369476,42.64353780011347,0 -75.05328212707323,42.64294206722301,0 -75.05269392672781,42.6425070003741,0 -75.0525395940157,42.64202666747929,0 -75.05275679449821,42.64161500022196,0 -75.05350159357302,42.64065466701696,0 -75.05424579392158,42.64012906737707,0 -75.05554752715821,42.63969526692595,0 -75.05595039332887,42.63948966732197,0 -75.05598172716849,42.63923800005711,0 -75.05551759390947,42.63871160021519,0 -75.05486739408097,42.63834526673295,0 -75.05412472702059,42.63775006708331,0 -75.05338252669145,42.63649160061507,0 -75.05282619347054,42.63532460081884,0 -75.05285792712584,42.63472980040795,0 -75.05329219387548,42.63427260004782,0 -75.05437672715962,42.63399886699811,0 -75.05499659364844,42.63370180055859,0 -75.05518272745496,42.63342740094699,0 -75.05518319436409,42.63301566733019,0 -75.05416199450404,42.63210006694509,0 -75.0539459268081,42.63145960030241,0 -75.05354372750054,42.63095606729132,0 -75.05348239416125,42.63038420048333,0 -75.05376279386361,42.6289890003079,0 -75.05506512746318,42.62782326711812,0 -75.05602579364833,42.62745780074523,0 -75.05680079431686,42.62706940042453,0 -75.0570797934196,42.62679506749859,0 -75.05720412749177,42.62649780040669,0 -75.0571117274504,42.62592580043742,0 -75.05661672668715,42.62537660075365,0 -75.05649312781848,42.62507920076517,0 -75.05649352702427,42.62478180061799,0 -75.05621519448076,42.62434700028904,0 -75.05624812792041,42.62260860016899,0 -75.05655819428782,42.62228846732124,0 -75.05655852743718,42.62199120062022,0 -75.05631132665815,42.62144200085891,0 -75.05631172673597,42.62114466734459,0 -75.05652972758766,42.61997806717544,0 -75.05736652774232,42.61947540044168,0 -75.05767812676061,42.61769140034619,0 -75.0574309944702,42.61709646688829,0 -75.05730799361616,42.61631866745623,0 -75.05746359404881,42.61556386736117,0 -75.0572169944154,42.61462586691513,0 -75.0566909271646,42.61425966750669,0 -75.05684599342773,42.6140082008163,0 -75.057713527342,42.61366546704853,0 -75.05808572723019,42.61318540024135,0 -75.05811752747913,42.61236200064936,0 -75.05787159424874,42.61064620065343,0 -75.05747012757557,42.60963946696374,0 -75.05678972655406,42.60886140082203,0 -75.05638779399177,42.60819780045001,0 -75.05626432760394,42.60783166728843,0 -75.05626512764582,42.60712260079787,0 -75.05638919351527,42.60691680056437,0 -75.05657512715244,42.60682546741617,0 -75.0575349943347,42.60689460064515,0 -75.05793772730541,42.60678046687259,0 -75.05880552668037,42.60609466736457,0 -75.05892952766179,42.60588900079271,0 -75.05883699381695,42.60545426712621,0 -75.05828019335475,42.60506506723586,0 -75.05828072738417,42.60451606751921,0 -75.057661794192,42.60414980059146,0 -75.05760019364504,42.6038294667154,0 -75.0578179937072,42.60305180032275,0 -75.05788059368098,42.60238846683666,0 -75.05729332730195,42.6014732009837,0 -75.05732492731234,42.60085560058173,0 -75.05744892735726,42.60064980097829,0 -75.05754272715023,42.59984926683016,0 
				</coordinates>
			</LineString>
		</Placemark>
		<Placemark>
			<styleUrl>#style0</styleUrl>
			<Style id="inline">
				<IconStyle>
					<color>ffffffff</color>
					<colorMode>normal</colorMode>
				</IconStyle>
				<LineStyle>
					<color>ffffffff</color>
					<colorMode>normal</colorMode>
				</LineStyle>
				<PolyStyle>
					<color>ffffffff</color>
					<colorMode>normal</colorMode>
				</PolyStyle>
			</Style>
			<ExtendedData>
				<SchemaData schemaUrl="#S_otego_creek_DDDSSSSDSSSDDDDDDD">
					<SimpleData name="fid">376</SimpleData>
					<SimpleData name="cat">376</SimpleData>
					<SimpleData name="cat_">379</SimpleData>
					<SimpleData name="COMID">8.08533e+06</SimpleData>
					<SimpleData name="FDATE">1999/09/29</SimpleData>
					<SimpleData name="RESOLUTION">Medium</SimpleData>
					<SimpleData name="GNIS_ID">959535</SimpleData>
					<SimpleData name="GNIS_NAME">Otego Creek</SimpleData>
					<SimpleData name="LENGTHKM">0.232</SimpleData>
					<SimpleData name="REACHCODE">02050101000356</SimpleData>
					<SimpleData name="FLOWDIR">With Digitized</SimpleData>
					<SimpleData name="FTYPE">StreamRiver</SimpleData>
					<SimpleData name="FCODE">46006</SimpleData>
					<SimpleData name="AreaSqKM">0.1512</SimpleData>
					<SimpleData name="TotDASqKM">48.9996</SimpleData>
					<SimpleData name="DUP_COMID">0</SimpleData>
					<SimpleData name="DUP_ArSqKM">0</SimpleData>
					<SimpleData name="DUP_Length">0.232</SimpleData>
					<SimpleData name="GIS_FID">0</SimpleData>
					<SimpleData name="rid">376</SimpleData>
				</SchemaData>
			</ExtendedData>
			<LineString>
				<coordinates>
					-75.05467019391955,42.64845546669166,0 -75.05479452689865,42.6481124669901,0 -75.05522872718117,42.64774680078906,0 -75.05612792713431,42.64728980038023,0 -75.05649999338253,42.6469470004836,0 
				</coordinates>
			</LineString>
		</Placemark>
		<Placemark>
			<styleUrl>#style0</styleUrl>
			<Style id="inline">
				<IconStyle>
					<color>ffffffff</color>
					<colorMode>normal</colorMode>
				</IconStyle>
				<LineStyle>
					<color>ffffffff</color>
					<colorMode>normal</colorMode>
				</LineStyle>
				<PolyStyle>
					<color>ffffffff</color>
					<colorMode>normal</colorMode>
				</PolyStyle>
			</Style>
			<ExtendedData>
				<SchemaData schemaUrl="#S_otego_creek_DDDSSSSDSSSDDDDDDD">
					<SimpleData name="fid">377</SimpleData>
					<SimpleData name="cat">377</SimpleData>
					<SimpleData name="cat_">380</SimpleData>
					<SimpleData name="COMID">8.08533e+06</SimpleData>
					<SimpleData name="FDATE">1999/09/29</SimpleData>
					<SimpleData name="RESOLUTION">Medium</SimpleData>
					<SimpleData name="GNIS_ID">959535</SimpleData>
					<SimpleData name="GNIS_NAME">Otego Creek</SimpleData>
					<SimpleData name="LENGTHKM">0.984</SimpleData>
					<SimpleData name="REACHCODE">02050101000357</SimpleData>
					<SimpleData name="FLOWDIR">With Digitized</SimpleData>
					<SimpleData name="FTYPE">StreamRiver</SimpleData>
					<SimpleData name="FCODE">46006</SimpleData>
					<SimpleData name="AreaSqKM">0.531</SimpleData>
					<SimpleData name="TotDASqKM">47.1474</SimpleData>
					<SimpleData name="DUP_COMID">0</SimpleData>
					<SimpleData name="DUP_ArSqKM">0</SimpleData>
					<SimpleData name="DUP_Length">0.984</SimpleData>
					<SimpleData name="GIS_FID">0</SimpleData>
					<SimpleData name="rid">377</SimpleData>
				</SchemaData>
			</ExtendedData>
			<LineString>
				<coordinates>
					-75.05546919381348,42.65435760037617,0 -75.05602819403011,42.65323706686423,0 -75.05630712786035,42.65316860039889,0 -75.05736052720012,42.65346660016008,0 -75.05782532782484,42.65351260019222,0 -75.05822832768693,42.65332986731715,0 -75.05838372757826,42.65296386723503,0 -75.05816739444398,42.65234626700155,0 -75.05699052712632,42.65172800084217,0 -75.0567119273676,42.65149906680756,0 -75.05627932680821,42.65042366709256,0 -75.0554431939122,42.64989706679871,0 -75.05504092748316,42.64946226692385,0 -75.0547935274471,42.64898166706445,0 -75.05467019391955,42.64845546669166,0 
				</coordinates>
			</LineString>
		</Placemark>
		<Placemark>
			<styleUrl>#style0</styleUrl>
			<Style id="inline">
				<IconStyle>
					<color>ffffffff</color>
					<colorMode>normal</colorMode>
				</IconStyle>
				<LineStyle>
					<color>ffffffff</color>
					<colorMode>normal</colorMode>
				</LineStyle>
				<PolyStyle>
					<color>ffffffff</color>
					<colorMode>normal</colorMode>
				</PolyStyle>
			</Style>
			<ExtendedData>
				<SchemaData schemaUrl="#S_otego_creek_DDDSSSSDSSSDDDDDDD">
					<SimpleData name="fid">378</SimpleData>
					<SimpleData name="cat">378</SimpleData>
					<SimpleData name="cat_">381</SimpleData>
					<SimpleData name="COMID">8.08532e+06</SimpleData>
					<SimpleData name="FDATE">1999/09/29</SimpleData>
					<SimpleData name="RESOLUTION">Medium</SimpleData>
					<SimpleData name="GNIS_ID">959535</SimpleData>
					<SimpleData name="GNIS_NAME">Otego Creek</SimpleData>
					<SimpleData name="LENGTHKM">0.758</SimpleData>
					<SimpleData name="REACHCODE">02050101000358</SimpleData>
					<SimpleData name="FLOWDIR">With Digitized</SimpleData>
					<SimpleData name="FTYPE">StreamRiver</SimpleData>
					<SimpleData name="FCODE">46006</SimpleData>
					<SimpleData name="AreaSqKM">0.8946</SimpleData>
					<SimpleData name="TotDASqKM">42.5043</SimpleData>
					<SimpleData name="DUP_COMID">0</SimpleData>
					<SimpleData name="DUP_ArSqKM">0</SimpleData>
					<SimpleData name="DUP_Length">0.758</SimpleData>
					<SimpleData name="GIS_FID">0</SimpleData>
					<SimpleData name="rid">378</SimpleData>
				</SchemaData>
			</ExtendedData>
			<LineString>
				<coordinates>
					-75.0535417272645,42.65970886683716,0 -75.05332592688852,42.65877100048862,0 -75.05304732736079,42.65835906682919,0 -75.05242832722018,42.65778686715392,0 -75.05242912783808,42.65703206725125,0 -75.05298792716863,42.65616306725158,0 -75.05305039433574,42.65572860037793,0 -75.05354719438,42.65481386693958,0 -75.05457012790231,42.65474586689835,0 -75.05546919381348,42.65435760037617,0 
				</coordinates>
			</LineString>
		</Placemark>
		<Placemark>
			<styleUrl>#style0</styleUrl>
			<Style id="inline">
				<IconStyle>
					<color>ffffffff</color>
					<colorMode>normal</colorMode>
				</IconStyle>
				<LineStyle>
					<color>ffffffff</color>
					<colorMode>normal</colorMode>
				</LineStyle>
				<PolyStyle>
					<color>ffffffff</color>
					<colorMode>normal</colorMode>
				</PolyStyle>
			</Style>
			<ExtendedData>
				<SchemaData schemaUrl="#S_otego_creek_DDDSSSSDSSSDDDDDDD">
					<SimpleData name="fid">379</SimpleData>
					<SimpleData name="cat">379</SimpleData>
					<SimpleData name="cat_">382</SimpleData>
					<SimpleData name="COMID">8.08530e+06</SimpleData>
					<SimpleData name="FDATE">1999/09/29</SimpleData>
					<SimpleData name="RESOLUTION">Medium</SimpleData>
					<SimpleData name="GNIS_ID">959535</SimpleData>
					<SimpleData name="GNIS_NAME">Otego Creek</SimpleData>
					<SimpleData name="LENGTHKM">0.236</SimpleData>
					<SimpleData name="REACHCODE">02050101000359</SimpleData>
					<SimpleData name="FLOWDIR">With Digitized</SimpleData>
					<SimpleData name="FTYPE">StreamRiver</SimpleData>
					<SimpleData name="FCODE">46006</SimpleData>
					<SimpleData name="AreaSqKM">0.0504</SimpleData>
					<SimpleData name="TotDASqKM">41.4846</SimpleData>
					<SimpleData name="DUP_COMID">0</SimpleData>
					<SimpleData name="DUP_ArSqKM">0</SimpleData>
					<SimpleData name="DUP_Length">0.236</SimpleData>
					<SimpleData name="GIS_FID">0</SimpleData>
					<SimpleData name="rid">379</SimpleData>
				</SchemaData>
			</ExtendedData>
			<LineString>
				<coordinates>
					-75.05245472684351,42.66162966669928,0 -75.05332459354449,42.65982320040069,0 -75.0535417272645,42.65970886683716,0 
				</coordinates>
			</LineString>
		</Placemark>
		<Placemark>
			<styleUrl>#style0</styleUrl>
			<Style id="inline">
				<IconStyle>
					<color>ffffffff</color>
					<colorMode>normal</colorMode>
				</IconStyle>
				<LineStyle>
					<color>ffffffff</color>
					<colorMode>normal</colorMode>
				</LineStyle>
				<PolyStyle>
					<color>ffffffff</color>
					<colorMode>normal</colorMode>
				</PolyStyle>
			</Style>
			<ExtendedData>
				<SchemaData schemaUrl="#S_otego_creek_DDDSSSSDSSSDDDDDDD">
					<SimpleData name="fid">380</SimpleData>
					<SimpleData name="cat">380</SimpleData>
					<SimpleData name="cat_">383</SimpleData>
					<SimpleData name="COMID">8.0853e+06</SimpleData>
					<SimpleData name="FDATE">1999/09/29</SimpleData>
					<SimpleData name="RESOLUTION">Medium</SimpleData>
					<SimpleData name="GNIS_ID">959535</SimpleData>
					<SimpleData name="GNIS_NAME">Otego Creek</SimpleData>
					<SimpleData name="LENGTHKM">0.876</SimpleData>
					<SimpleData name="REACHCODE">02050101000360</SimpleData>
					<SimpleData name="FLOWDIR">With Digitized</SimpleData>
					<SimpleData name="FTYPE">StreamRiver</SimpleData>
					<SimpleData name="FCODE">46006</SimpleData>
					<SimpleData name="AreaSqKM">0.7803</SimpleData>
					<SimpleData name="TotDASqKM">41.4342</SimpleData>
					<SimpleData name="DUP_COMID">0</SimpleData>
					<SimpleData name="DUP_ArSqKM">0</SimpleData>
					<SimpleData name="DUP_Length">0.851</SimpleData>
					<SimpleData name="GIS_FID">0</SimpleData>
					<SimpleData name="rid">380</SimpleData>
				</SchemaData>
			</ExtendedData>
			<LineString>
				<coordinates>
					-75.04938913113673,42.66776646808515,0 -75.05009272680287,42.66714100007732,0 -75.05046519411619,42.66654640063395,0 -75.05043472700871,42.66611180040167,0 -75.05012592682972,42.66524240078262,0 -75.04947599451404,42.66444140016806,0 -75.04932132747756,42.66409820092935,0 -75.04932192771788,42.6636178005372,0 -75.05133812765284,42.66231526710118,0 -75.05208232673391,42.66197260073965,0 -75.05245472684351,42.66162966669928,0 
				</coordinates>
			</LineString>
		</Placemark>
		<Placemark>
			<styleUrl>#style0</styleUrl>
			<Style id="inline">
				<IconStyle>
					<color>ffffffff</color>
					<colorMode>normal</colorMode>
				</IconStyle>
				<LineStyle>
					<color>ffffffff</color>
					<colorMode>normal</colorMode>
				</LineStyle>
				<PolyStyle>
					<color>ffffffff</color>
					<colorMode>normal</colorMode>
				</PolyStyle>
			</Style>
			<ExtendedData>
				<SchemaData schemaUrl="#S_otego_creek_DDDSSSSDSSSDDDDDDD">
					<SimpleData name="fid">381</SimpleData>
					<SimpleData name="cat">381</SimpleData>
					<SimpleData name="cat_">384</SimpleData>
					<SimpleData name="COMID">8.08529e+06</SimpleData>
					<SimpleData name="FDATE">1999/09/29</SimpleData>
					<SimpleData name="RESOLUTION">Medium</SimpleData>
					<SimpleData name="GNIS_ID">959535</SimpleData>
					<SimpleData name="GNIS_NAME">Otego Creek</SimpleData>
					<SimpleData name="LENGTHKM">0.341</SimpleData>
					<SimpleData name="REACHCODE">02050101000361</SimpleData>
					<SimpleData name="FLOWDIR">With Digitized</SimpleData>
					<SimpleData name="FTYPE">StreamRiver</SimpleData>
					<SimpleData name="FCODE">46006</SimpleData>
					<SimpleData name="AreaSqKM">0.0648</SimpleData>
					<SimpleData name="TotDASqKM">36.0954</SimpleData>
					<SimpleData name="DUP_COMID">0</SimpleData>
					<SimpleData name="DUP_ArSqKM">0</SimpleData>
					<SimpleData name="DUP_Length">0.341</SimpleData>
					<SimpleData name="GIS_FID">0</SimpleData>
					<SimpleData name="rid">381</SimpleData>
				</SchemaData>
			</ExtendedData>
			<LineString>
				<coordinates>
					-75.04621472670242,42.66995186713591,0 -75.04636959465614,42.66995200014311,0 -75.04711392744505,42.66963226679736,0 -75.04733132744356,42.66931206728869,0 -75.0487581945452,42.66846680024133,0 -75.04919279424553,42.66794100038963,0 
				</coordinates>
			</LineString>
		</Placemark>
		<Placemark>
			<styleUrl>#style0</styleUrl>
			<Style id="inline">
				<IconStyle>
					<color>ffffffff</color>
					<colorMode>normal</colorMode>
				</IconStyle>
				<LineStyle>
					<color>ffffffff</color>
					<colorMode>normal</colorMode>
				</LineStyle>
				<PolyStyle>
					<color>ffffffff</color>
					<colorMode>normal</colorMode>
				</PolyStyle>
			</Style>
			<ExtendedData>
				<SchemaData schemaUrl="#S_otego_creek_DDDSSSSDSSSDDDDDDD">
					<SimpleData name="fid">382</SimpleData>
					<SimpleData name="cat">382</SimpleData>
					<SimpleData name="cat_">385</SimpleData>
					<SimpleData name="COMID">8.08528e+06</SimpleData>
					<SimpleData name="FDATE">1999/09/29</SimpleData>
					<SimpleData name="RESOLUTION">Medium</SimpleData>
					<SimpleData name="GNIS_ID">959535</SimpleData>
					<SimpleData name="GNIS_NAME">Otego Creek</SimpleData>
					<SimpleData name="LENGTHKM">0.509</SimpleData>
					<SimpleData name="REACHCODE">02050101000362</SimpleData>
					<SimpleData name="FLOWDIR">With Digitized</SimpleData>
					<SimpleData name="FTYPE">StreamRiver</SimpleData>
					<SimpleData name="FCODE">46006</SimpleData>
					<SimpleData name="AreaSqKM">0.1908</SimpleData>
					<SimpleData name="TotDASqKM">32.7654</SimpleData>
					<SimpleData name="DUP_COMID">0</SimpleData>
					<SimpleData name="DUP_ArSqKM">0</SimpleData>
					<SimpleData name="DUP_Length">0.509</SimpleData>
					<SimpleData name="GIS_FID">0</SimpleData>
					<SimpleData name="rid">382</SimpleData>
				</SchemaData>
			</ExtendedData>
			<LineString>
				<coordinates>
					-75.04673619424678,42.67416106747235,0 -75.04670539387391,42.67395520005459,0 -75.04596239432618,42.67319986674941,0 -75.04593232779045,42.67258226686111,0 -75.04618072755162,42.67219360087027,0 -75.04621212759413,42.67189620039978,0 -75.04599552716738,42.67157580036847,0 -75.04587212723646,42.67111820025308,0 -75.04584212685685,42.67034040003465,0 -75.04621472670242,42.66995186713591,0 
				</coordinates>
			</LineString>
		</Placemark>
		<Placemark>
			<styleUrl>#style0</styleUrl>
			<Style id="inline">
				<IconStyle>
					<color>ffffffff</color>
					<colorMode>normal</colorMode>
				</IconStyle>
				<LineStyle>
					<color>ffffffff</color>
					<colorMode>normal</colorMode>
				</LineStyle>
				<PolyStyle>
					<color>ffffffff</color>
					<colorMode>normal</colorMode>
				</PolyStyle>
			</Style>
			<ExtendedData>
				<SchemaData schemaUrl="#S_otego_creek_DDDSSSSDSSSDDDDDDD">
					<SimpleData name="fid">383</SimpleData>
					<SimpleData name="cat">383</SimpleData>
					<SimpleData name="cat_">386</SimpleData>
					<SimpleData name="COMID">8.08526e+06</SimpleData>
					<SimpleData name="FDATE">1999/09/29</SimpleData>
					<SimpleData name="RESOLUTION">Medium</SimpleData>
					<SimpleData name="GNIS_ID">959535</SimpleData>
					<SimpleData name="GNIS_NAME">Otego Creek</SimpleData>
					<SimpleData name="LENGTHKM">1.801</SimpleData>
					<SimpleData name="REACHCODE">02050101000363</SimpleData>
					<SimpleData name="FLOWDIR">With Digitized</SimpleData>
					<SimpleData name="FTYPE">StreamRiver</SimpleData>
					<SimpleData name="FCODE">46006</SimpleData>
					<SimpleData name="AreaSqKM">1.6776</SimpleData>
					<SimpleData name="TotDASqKM">30.9465</SimpleData>
					<SimpleData name="DUP_COMID">0</SimpleData>
					<SimpleData name="DUP_ArSqKM">0</SimpleData>
					<SimpleData name="DUP_Length">1.801</SimpleData>
					<SimpleData name="GIS_FID">0</SimpleData>
					<SimpleData name="rid">383</SimpleData>
				</SchemaData>
			</ExtendedData>
			<LineString>
				<coordinates>
					-75.05171079418659,42.68802600048969,0 -75.05102879348037,42.6878196671848,0 -75.05025432756243,42.68733886747675,0 -75.05003752683776,42.68708706668114,0 -75.05003852780148,42.68628646704683,0 -75.05056699441809,42.68507460050851,0 -75.0505985276485,42.68477720089761,0 -75.05035072771284,42.68457120003305,0 -75.04939012673407,42.68411306683998,0 -75.0491427941411,42.68354106680864,0 -75.0484307272488,42.68276286726991,0 -75.04830699384266,42.68246540053879,0 -75.04833952751029,42.68125306696454,0 -75.04858839435373,42.68052126673241,0 -75.0486215270067,42.67878300063499,0 -75.04809512749148,42.6782794005119,0 -75.04797179424672,42.67770740056533,0 -75.04682579418896,42.67686026732785,0 -75.04682619365373,42.67654000049972,0 -75.04726052749415,42.67626586690537,0 -75.0475401942336,42.67580860033637,0 -75.0474175271148,42.67477920046162,0 -75.04710799345578,42.6742986007677,0 -75.04673619424678,42.67416106747235,0 
				</coordinates>
			</LineString>
		</Placemark>
		<Placemark>
			<styleUrl>#style0</styleUrl>
			<Style id="inline">
				<IconStyle>
					<color>ffffffff</color>
					<colorMode>normal</colorMode>
				</IconStyle>
				<LineStyle>
					<color>ffffffff</color>
					<colorMode>normal</colorMode>
				</LineStyle>
				<PolyStyle>
					<color>ffffffff</color>
					<colorMode>normal</colorMode>
				</PolyStyle>
			</Style>
			<ExtendedData>
				<SchemaData schemaUrl="#S_otego_creek_DDDSSSSDSSSDDDDDDD">
					<SimpleData name="fid">384</SimpleData>
					<SimpleData name="cat">384</SimpleData>
					<SimpleData name="cat_">387</SimpleData>
					<SimpleData name="COMID">8.08524e+06</SimpleData>
					<SimpleData name="FDATE">1999/09/29</SimpleData>
					<SimpleData name="RESOLUTION">Medium</SimpleData>
					<SimpleData name="GNIS_ID">959535</SimpleData>
					<SimpleData name="GNIS_NAME">Otego Creek</SimpleData>
					<SimpleData name="LENGTHKM">1.849</SimpleData>
					<SimpleData name="REACHCODE">02050101000364</SimpleData>
					<SimpleData name="FLOWDIR">With Digitized</SimpleData>
					<SimpleData name="FTYPE">StreamRiver</SimpleData>
					<SimpleData name="FCODE">46006</SimpleData>
					<SimpleData name="AreaSqKM">2.6001</SimpleData>
					<SimpleData name="TotDASqKM">13.4127</SimpleData>
					<SimpleData name="DUP_COMID">0</SimpleData>
					<SimpleData name="DUP_ArSqKM">0</SimpleData>
					<SimpleData name="DUP_Length">1.849</SimpleData>
					<SimpleData name="GIS_FID">0</SimpleData>
					<SimpleData name="rid">384</SimpleData>
				</SchemaData>
			</ExtendedData>
			<LineString>
				<coordinates>
					-75.04605072695809,42.70131220077688,0 -75.04602012698751,42.70110626697607,0 -75.04530839404893,42.69980200055168,0 -75.04518439374868,42.69971040055425,0 -75.0442565937462,42.69778840035994,0 -75.04422672680971,42.69694206668991,0 -75.04556372697884,42.69415226695853,0 -75.04575152660364,42.69275706732741,0 -75.04584632688886,42.69145326708748,0 -75.04612599429298,42.69085880078242,0 -75.04637452719392,42.69058440021659,0 -75.0469331274433,42.69019600072674,0 -75.04780172706819,42.68992206667774,0 -75.04879399384389,42.6897856003332,0 -75.05003492773756,42.68930586672408,0 -75.05139952720221,42.6890550675036,0 -75.05186479420735,42.68884960057657,0 -75.05195832732524,42.68843786742887,0 -75.05171079418659,42.68802600048969,0 
				</coordinates>
			</LineString>
		</Placemark>
		<Placemark>
			<styleUrl>#style0</styleUrl>
			<Style id="inline">
				<IconStyle>
					<color>ffffffff</color>
					<colorMode>normal</colorMode>
				</IconStyle>
				<LineStyle>
					<color>ffffffff</color>
					<colorMode>normal</colorMode>
				</LineStyle>
				<PolyStyle>
					<color>ffffffff</color>
					<colorMode>normal</colorMode>
				</PolyStyle>
			</Style>
			<ExtendedData>
				<SchemaData schemaUrl="#S_otego_creek_DDDSSSSDSSSDDDDDDD">
					<SimpleData name="fid">385</SimpleData>
					<SimpleData name="cat">385</SimpleData>
					<SimpleData name="cat_">388</SimpleData>
					<SimpleData name="COMID">8.08521e+06</SimpleData>
					<SimpleData name="FDATE">1999/09/29</SimpleData>
					<SimpleData name="RESOLUTION">Medium</SimpleData>
					<SimpleData name="GNIS_ID"></SimpleData>
					<SimpleData name="GNIS_NAME"></SimpleData>
					<SimpleData name="LENGTHKM">5.816</SimpleData>
					<SimpleData name="REACHCODE">02050101000365</SimpleData>
					<SimpleData name="FLOWDIR">With Digitized</SimpleData>
					<SimpleData name="FTYPE">StreamRiver</SimpleData>
					<SimpleData name="FCODE">46006</SimpleData>
					<SimpleData name="AreaSqKM">7.9353</SimpleData>
					<SimpleData name="TotDASqKM">7.9353</SimpleData>
					<SimpleData name="DUP_COMID">0</SimpleData>
					<SimpleData name="DUP_ArSqKM">0</SimpleData>
					<SimpleData name="DUP_Length">5.816</SimpleData>
					<SimpleData name="GIS_FID">0</SimpleData>
					<SimpleData name="rid">385</SimpleData>
				</SchemaData>
			</ExtendedData>
			<LineString>
				<coordinates>
					-75.05583539361893,42.74308620035214,0 -75.05661312766864,42.74134820025286,0 -75.05689332746606,42.74050200064396,0 -75.05745292768084,42.7396788674396,0 -75.05773279454878,42.73901580017998,0 -75.05776512741861,42.73787206695285,0 -75.05785832745069,42.73768906682288,0 -75.05773492786615,42.73709439998231,0 -75.05751812771454,42.73670526715807,0 -75.05711512731064,42.73633906723808,0 -75.05658772709992,42.73615580061736,0 -75.05559479404127,42.73608660072267,0 -75.05469539380489,42.73572020012936,0 -75.05435439366107,42.7354454671938,0 -75.05345599358917,42.73416400073354,0 -75.05348839394391,42.73311166712516,0 -75.05389352776766,42.73151080055777,0 -75.05395772728775,42.72970380002933,0 -75.054082727552,42.72890326739678,0 -75.05402199394725,42.72766806728191,0 -75.05392899406856,42.72759940080608,0 -75.05389819453664,42.72734780028111,0 -75.05352652770264,42.72689006668257,0 -75.052999593959,42.7264550666383,0 -75.05182132753905,42.72574540007723,0 -75.05132559354105,42.72531039982601,0 -75.05110879403075,42.72489846668525,0 -75.0508311940459,42.72359460010279,0 -75.0509255936075,42.72249666676298,0 -75.05070992738997,42.72116980045312,0 -75.05027632688204,42.72071206651576,0 -75.0495319937087,42.72052860032112,0 -75.04878752689382,42.72052806726201,0 -75.04754612769599,42.7208474670571,0 -75.04611892675162,42.72093806715177,0 -75.04497052736833,42.72134906710596,0 -75.04434999420994,42.72144020073644,0 -75.0436367940852,42.72118800052932,0 -75.04252119447084,42.72022660032,0 -75.0424907267864,42.71986046707639,0 -75.04261519401996,42.71960900067933,0 -75.04320539399916,42.71899180054537,0 -75.04357899402542,42.71803126710938,0 -75.04382759381873,42.71764266674937,0 -75.04438812773684,42.71599606694422,0 -75.04432652694355,42.71569866665675,0 -75.0426531273887,42.71432506734509,0 -75.04249839380421,42.7140048007771,0 -75.04246812757927,42.71357020002936,0 -75.04327699421363,42.71174080072743,0 -75.04361852733393,42.71139800022161,0 -75.04514139374129,42.70906586681634,0 -75.04529779356238,42.70805946725317,0 -75.04551599464878,42.70723620011715,0 -75.04592019400989,42.70652740055299,0 -75.04601439397827,42.70561246736374,0 -75.0465427271631,42.70476646696596,0 -75.04672959384146,42.70410326726397,0 -75.04670072776689,42.70236486702449,0 -75.0465769944727,42.7020444668959,0 -75.04623679406205,42.70140380057151,0 -75.04605072695809,42.70131220077688,0 
				</coordinates>
			</LineString>
		</Placemark>
		<Placemark>
			<styleUrl>#style0</styleUrl>
			<Style id="inline">
				<IconStyle>
					<color>ffffffff</color>
					<colorMode>normal</colorMode>
				</IconStyle>
				<LineStyle>
					<color>ffffffff</color>
					<colorMode>normal</colorMode>
				</LineStyle>
				<PolyStyle>
					<color>ffffffff</color>
					<colorMode>normal</colorMode>
				</PolyStyle>
			</Style>
			<ExtendedData>
				<SchemaData schemaUrl="#S_otego_creek_DDDSSSSDSSSDDDDDDD">
					<SimpleData name="fid">386</SimpleData>
					<SimpleData name="cat">386</SimpleData>
					<SimpleData name="cat_">389</SimpleData>
					<SimpleData name="COMID">8.08545e+06</SimpleData>
					<SimpleData name="FDATE">2008/07/22</SimpleData>
					<SimpleData name="RESOLUTION">Medium</SimpleData>
					<SimpleData name="GNIS_ID">969130</SimpleData>
					<SimpleData name="GNIS_NAME">West Branch Otego Creek</SimpleData>
					<SimpleData name="LENGTHKM">1.324</SimpleData>
					<SimpleData name="REACHCODE">02050101000366</SimpleData>
					<SimpleData name="FLOWDIR">With Digitized</SimpleData>
					<SimpleData name="FTYPE">StreamRiver</SimpleData>
					<SimpleData name="FCODE">46006</SimpleData>
					<SimpleData name="AreaSqKM">0.7128</SimpleData>
					<SimpleData name="TotDASqKM">50.9904</SimpleData>
					<SimpleData name="DUP_COMID">0</SimpleData>
					<SimpleData name="DUP_ArSqKM">0</SimpleData>
					<SimpleData name="DUP_Length">1.324</SimpleData>
					<SimpleData name="GIS_FID">0</SimpleData>
					<SimpleData name="rid">386</SimpleData>
				</SchemaData>
			</ExtendedData>
			<LineString>
				<coordinates>
					-75.07018119405228,42.59329100061766,0 -75.06925232787023,42.59338206688754,0 -75.06878812674371,42.59329026720553,0 -75.06810679425118,42.59338146743114,0 -75.06714792778233,42.59251166729207,0 -75.06495139428107,42.5909094009332,0 -75.06290879330587,42.59017640081571,0 -75.06207312675495,42.59006160034027,0 -75.06055599428163,42.59017506682975,0 -75.05894592699924,42.59058600073282,0 -75.05804812797436,42.59065406695923,0 -75.05783152792512,42.59051666704427,0 -75.0580487276986,42.59003640104761,0 -75.05823519350326,42.58928166754124,0 -75.0581115273981,42.58916726708058,0 
				</coordinates>
			</LineString>
		</Placemark>
		<Placemark>
			<styleUrl>#style0</styleUrl>
			<Style id="inline">
				<IconStyle>
					<color>ffffffff</color>
					<colorMode>normal</colorMode>
				</IconStyle>
				<LineStyle>
					<color>ffffffff</color>
					<colorMode>normal</colorMode>
				</LineStyle>
				<PolyStyle>
					<color>ffffffff</color>
					<colorMode>normal</colorMode>
				</PolyStyle>
			</Style>
			<ExtendedData>
				<SchemaData schemaUrl="#S_otego_creek_DDDSSSSDSSSDDDDDDD">
					<SimpleData name="fid">387</SimpleData>
					<SimpleData name="cat">387</SimpleData>
					<SimpleData name="cat_">390</SimpleData>
					<SimpleData name="COMID">8.08543e+06</SimpleData>
					<SimpleData name="FDATE">2008/07/22</SimpleData>
					<SimpleData name="RESOLUTION">Medium</SimpleData>
					<SimpleData name="GNIS_ID">969130</SimpleData>
					<SimpleData name="GNIS_NAME">West Branch Otego Creek</SimpleData>
					<SimpleData name="LENGTHKM">2.995</SimpleData>
					<SimpleData name="REACHCODE">02050101000367</SimpleData>
					<SimpleData name="FLOWDIR">With Digitized</SimpleData>
					<SimpleData name="FTYPE">StreamRiver</SimpleData>
					<SimpleData name="FCODE">46006</SimpleData>
					<SimpleData name="AreaSqKM">5.2398</SimpleData>
					<SimpleData name="TotDASqKM">48.0078</SimpleData>
					<SimpleData name="DUP_COMID">0</SimpleData>
					<SimpleData name="DUP_ArSqKM">0</SimpleData>
					<SimpleData name="DUP_Length">2.995</SimpleData>
					<SimpleData name="GIS_FID">0</SimpleData>
					<SimpleData name="rid">387</SimpleData>
				</SchemaData>
			</ExtendedData>
			<LineString>
				<coordinates>
					-75.07799612742311,42.61660340066192,0 -75.07796652734848,42.61477326741817,0 -75.07725432679779,42.61479600057861,0 -75.07722392679665,42.61401820082145,0 -75.0767597941113,42.61335466706343,0 -75.07672972696425,42.61248546681441,0 -75.07654432778611,42.61189066743514,0 -75.07598732729033,42.61127280091959,0 -75.07552339416428,42.61058640071208,0 -75.07434719451363,42.60980806713785,0 -75.07406879420091,42.60946486686549,0 -75.07394532775646,42.60905306704456,0 -75.07400812757143,42.60802366715308,0 -75.07444192684248,42.60763506747723,0 -75.07472092756437,42.60722346727092,0 -75.07500019359314,42.60644580034794,0 -75.07518699446346,42.60521080071662,0 -75.07506339432365,42.60482180024239,0 -75.07497052788531,42.60479886710807,0 -75.07487859360697,42.60367800086109,0 -75.07525032781271,42.60340360069519,0 -75.07540539410478,42.60310626691056,0 -75.07540572678857,42.60274040028508,0 -75.0752203272715,42.60223706715942,0 -75.0744163265973,42.60097866748868,0 -75.07364272706309,42.60026926684512,0 -75.07268299410099,42.60008580037355,0 -75.07234292729984,42.59955946752704,0 -75.07231239338347,42.59917066747833,0 -75.07240539422072,42.59898766693037,0 -75.07296319427394,42.59848466720358,0 -75.07302559354044,42.5979128671942,0 -75.07314959366903,42.59773000068982,0 -75.07314979417862,42.59743260027992,0 -75.07268572754657,42.59711206728166,0 -75.0727477938205,42.59688340066398,0 -75.07265512719732,42.59667746759986,0 -75.0716651277919,42.59578486746757,0 -75.07144899441383,42.59509860048996,0 -75.07089219457244,42.59450346704284,0 -75.07049052669413,42.59356560058814,0 -75.07018119405228,42.59329100061766,0 
				</coordinates>
			</LineString>
		</Placemark>
		<Placemark>
			<styleUrl>#style0</styleUrl>
			<Style id="inline">
				<IconStyle>
					<color>ffffffff</color>
					<colorMode>normal</colorMode>
				</IconStyle>
				<LineStyle>
					<color>ffffffff</color>
					<colorMode>normal</colorMode>
				</LineStyle>
				<PolyStyle>
					<color>ffffffff</color>
					<colorMode>normal</colorMode>
				</PolyStyle>
			</Style>
			<ExtendedData>
				<SchemaData schemaUrl="#S_otego_creek_DDDSSSSDSSSDDDDDDD">
					<SimpleData name="fid">388</SimpleData>
					<SimpleData name="cat">388</SimpleData>
					<SimpleData name="cat_">391</SimpleData>
					<SimpleData name="COMID">8.0854e+06</SimpleData>
					<SimpleData name="FDATE">2008/07/22</SimpleData>
					<SimpleData name="RESOLUTION">Medium</SimpleData>
					<SimpleData name="GNIS_ID">969130</SimpleData>
					<SimpleData name="GNIS_NAME">West Branch Otego Creek</SimpleData>
					<SimpleData name="LENGTHKM">1.044</SimpleData>
					<SimpleData name="REACHCODE">02050101000368</SimpleData>
					<SimpleData name="FLOWDIR">With Digitized</SimpleData>
					<SimpleData name="FTYPE">StreamRiver</SimpleData>
					<SimpleData name="FCODE">46006</SimpleData>
					<SimpleData name="AreaSqKM">0.999</SimpleData>
					<SimpleData name="TotDASqKM">34.4772</SimpleData>
					<SimpleData name="DUP_COMID">0</SimpleData>
					<SimpleData name="DUP_ArSqKM">0</SimpleData>
					<SimpleData name="DUP_Length">1.044</SimpleData>
					<SimpleData name="GIS_FID">0</SimpleData>
					<SimpleData name="rid">388</SimpleData>
				</SchemaData>
			</ExtendedData>
			<LineString>
				<coordinates>
					-75.08099419431349,42.62536526763652,0 -75.08099432686086,42.62525100043882,0 -75.08062259381745,42.62509080090566,0 -75.08012799369484,42.62385526701686,0 -75.07913752710994,42.62289420043754,0 -75.07898292710681,42.62255106713529,0 -75.07873592725748,42.6213844005185,0 -75.07870552719373,42.6206524002262,0 -75.07839639441849,42.61985166744032,0 -75.07799519398218,42.61797580040637,0 -75.07790219433375,42.61793006697605,0 -75.07790292769467,42.616969266938,0 -75.07799612742311,42.61660340066192,0 
				</coordinates>
			</LineString>
		</Placemark>
		<Placemark>
			<styleUrl>#style0</styleUrl>
			<Style id="inline">
				<IconStyle>
					<color>ffffffff</color>
					<colorMode>normal</colorMode>
				</IconStyle>
				<LineStyle>
					<color>ffffffff</color>
					<colorMode>normal</colorMode>
				</LineStyle>
				<PolyStyle>
					<color>ffffffff</color>
					<colorMode>normal</colorMode>
				</PolyStyle>
			</Style>
			<ExtendedData>
				<SchemaData schemaUrl="#S_otego_creek_DDDSSSSDSSSDDDDDDD">
					<SimpleData name="fid">389</SimpleData>
					<SimpleData name="cat">389</SimpleData>
					<SimpleData name="cat_">392</SimpleData>
					<SimpleData name="COMID">8.08588e+06</SimpleData>
					<SimpleData name="FDATE">2008/07/22</SimpleData>
					<SimpleData name="RESOLUTION">Medium</SimpleData>
					<SimpleData name="GNIS_ID">969130</SimpleData>
					<SimpleData name="GNIS_NAME">West Branch Otego Creek</SimpleData>
					<SimpleData name="LENGTHKM">0.295</SimpleData>
					<SimpleData name="REACHCODE">02050101000370</SimpleData>
					<SimpleData name="FLOWDIR">With Digitized</SimpleData>
					<SimpleData name="FTYPE">ArtificialPath</SimpleData>
					<SimpleData name="FCODE">55800</SimpleData>
					<SimpleData name="AreaSqKM">0.2691</SimpleData>
					<SimpleData name="TotDASqKM">0.2691</SimpleData>
					<SimpleData name="DUP_COMID">0</SimpleData>
					<SimpleData name="DUP_ArSqKM">0</SimpleData>
					<SimpleData name="DUP_Length">0.295</SimpleData>
					<SimpleData name="GIS_FID">0</SimpleData>
					<SimpleData name="rid">389</SimpleData>
				</SchemaData>
			</ExtendedData>
			<LineString>
				<coordinates>
					-75.10438152763348,42.71412326702304,0 -75.10463059321063,42.71149280066923,0 
				</coordinates>
			</LineString>
		</Placemark>
		<Placemark>
			<styleUrl>#style0</styleUrl>
			<Style id="inline">
				<IconStyle>
					<color>ffffffff</color>
					<colorMode>normal</colorMode>
				</IconStyle>
				<LineStyle>
					<color>ffffffff</color>
					<colorMode>normal</colorMode>
				</LineStyle>
				<PolyStyle>
					<color>ffffffff</color>
					<colorMode>normal</colorMode>
				</PolyStyle>
			</Style>
			<ExtendedData>
				<SchemaData schemaUrl="#S_otego_creek_DDDSSSSDSSSDDDDDDD">
					<SimpleData name="fid">390</SimpleData>
					<SimpleData name="cat">390</SimpleData>
					<SimpleData name="cat_">393</SimpleData>
					<SimpleData name="COMID">8.08525e+06</SimpleData>
					<SimpleData name="FDATE">2008/07/22</SimpleData>
					<SimpleData name="RESOLUTION">Medium</SimpleData>
					<SimpleData name="GNIS_ID">969130</SimpleData>
					<SimpleData name="GNIS_NAME">West Branch Otego Creek</SimpleData>
					<SimpleData name="LENGTHKM">3.033</SimpleData>
					<SimpleData name="REACHCODE">02050101000370</SimpleData>
					<SimpleData name="FLOWDIR">With Digitized</SimpleData>
					<SimpleData name="FTYPE">StreamRiver</SimpleData>
					<SimpleData name="FCODE">46006</SimpleData>
					<SimpleData name="AreaSqKM">5.2344</SimpleData>
					<SimpleData name="TotDASqKM">5.5035</SimpleData>
					<SimpleData name="DUP_COMID">0</SimpleData>
					<SimpleData name="DUP_ArSqKM">0</SimpleData>
					<SimpleData name="DUP_Length">3.033</SimpleData>
					<SimpleData name="GIS_FID">0</SimpleData>
					<SimpleData name="rid">390</SimpleData>
				</SchemaData>
			</ExtendedData>
			<LineString>
				<coordinates>
					-75.10463059321063,42.71149280066923,0 -75.10441339440533,42.71130966707354,0 -75.10422752736605,42.7110580672472,0 -75.10410359380249,42.71021180017614,0 -75.10397972765325,42.7100058675157,0 -75.10394912770298,42.7084732673076,0 -75.10332919342262,42.70764966708142,0 -75.10273992680477,42.70746666697619,0 -75.1019645942494,42.70737506736837,0 -75.10162352734483,42.70723780062644,0 -75.1009103274835,42.70668860034702,0 -75.10087939432346,42.70657426685235,0 -75.10004232740239,42.70586500038895,0 -75.09988739419559,42.70543040028817,0 -75.0998567937684,42.70424080004813,0 -75.10004319340771,42.7035318668764,0 -75.10063312656186,42.70179346713361,0 -75.10066439345408,42.70115299988141,0 -75.10050972681496,42.70023800035071,0 -75.10019972690181,42.69959746711869,0 -75.09973512714267,42.69827080071867,0 -75.09976692695069,42.69660100016709,0 -75.10035692743241,42.69454240079316,0 -75.10116359400158,42.69326160043087,0 -75.10122579376559,42.69282706673045,0 -75.10162932786773,42.69179766672985,0 -75.10172252724477,42.69131746668005,0 -75.10234292664033,42.69042546695164,0 -75.10234312709623,42.68987646664183,0 -75.10132032757893,42.68870966732511,0 -75.10122739362664,42.68841240051933,0 -75.1012277932506,42.6873830006615,0 -75.10097999446081,42.6869026003293,0 -75.10076299385221,42.68676526736675,0 
				</coordinates>
			</LineString>
		</Placemark>
		<Placemark>
			<styleUrl>#style0</styleUrl>
			<Style id="inline">
				<IconStyle>
					<color>ffffffff</color>
					<colorMode>normal</colorMode>
				</IconStyle>
				<LineStyle>
					<color>ffffffff</color>
					<colorMode>normal</colorMode>
				</LineStyle>
				<PolyStyle>
					<color>ffffffff</color>
					<colorMode>normal</colorMode>
				</PolyStyle>
			</Style>
			<ExtendedData>
				<SchemaData schemaUrl="#S_otego_creek_DDDSSSSDSSSDDDDDDD">
					<SimpleData name="fid">391</SimpleData>
					<SimpleData name="cat">391</SimpleData>
					<SimpleData name="cat_">394</SimpleData>
					<SimpleData name="COMID">8.08558e+06</SimpleData>
					<SimpleData name="FDATE">2008/07/22</SimpleData>
					<SimpleData name="RESOLUTION">Medium</SimpleData>
					<SimpleData name="GNIS_ID">954899</SimpleData>
					<SimpleData name="GNIS_NAME">Lake Brook</SimpleData>
					<SimpleData name="LENGTHKM">6.993</SimpleData>
					<SimpleData name="REACHCODE">02050101000371</SimpleData>
					<SimpleData name="FLOWDIR">With Digitized</SimpleData>
					<SimpleData name="FTYPE">StreamRiver</SimpleData>
					<SimpleData name="FCODE">46006</SimpleData>
					<SimpleData name="AreaSqKM">11.1573</SimpleData>
					<SimpleData name="TotDASqKM">13.6638</SimpleData>
					<SimpleData name="DUP_COMID">0</SimpleData>
					<SimpleData name="DUP_ArSqKM">0</SimpleData>
					<SimpleData name="DUP_Length">6.993</SimpleData>
					<SimpleData name="GIS_FID">0</SimpleData>
					<SimpleData name="rid">391</SimpleData>
				</SchemaData>
			</ExtendedData>
			<LineString>
				<coordinates>
					-75.12621719360791,42.57788600061143,0 -75.12606252736367,42.57754286756154,0 -75.12584579404003,42.57564440100798,0 -75.12501019438561,42.57486660027847,0 -75.12460772686748,42.57470646692657,0 -75.1243911932964,42.57456920040339,0 -75.1239887936536,42.57374566757673,0 -75.12349359428474,42.57315100033692,0 -75.12327699416463,42.57253346758331,0 -75.12340092656453,42.56988000077839,0 -75.12327719384155,42.56965126754799,0 -75.12278212702454,42.56926240049783,0 -75.12169892664305,42.56871326723996,0 -75.12098719318857,42.5685074674691,0 -75.11940892754691,42.56830146767668,0 -75.11866619399444,42.56795840072779,0 -75.1177689277211,42.56699766713223,0 -75.11776892772008,42.56690620080963,0 -75.11749032746597,42.56670026753584,0 -75.11557179376655,42.56647140083233,0 -75.11498392659458,42.56631120090209,0 -75.11445779326472,42.56589940068001,0 -75.11427219411235,42.56564780055867,0 -75.11408659387831,42.5650530010089,0 -75.11408672739648,42.56427526694239,0 -75.11430359400602,42.56283420045956,0 -75.11424179415425,42.56226226757859,0 -75.11408712709246,42.56187340101177,0 -75.11377779421687,42.56121006728306,0 -75.11377792680275,42.56093560067741,0 -75.11343759384269,42.56022646722761,0 -75.11232399341321,42.55903686693362,0 -75.11164332729264,42.55853360040873,0 -75.11136492664905,42.55816746730186,0 -75.11121032664339,42.5577556672743,0 -75.11117939329736,42.55729826729912,0 -75.10895212759716,42.55569680102137,0 -75.10879739383999,42.55539940054093,0 -75.10876679370816,42.55423280025708,0 -75.10864312751272,42.55398106699951,0 -75.10848852706003,42.55382100048727,0 -75.10851992678873,42.55263160071088,0 -75.10882939367228,42.55205980074626,0 -75.10873672759611,42.5516936672535,0 -75.1083347271604,42.55116760075906,0 -75.10824199436723,42.550069467066,0 -75.10805659401218,42.54974926740725,0 -75.10802572717643,42.54938326688488,0 -75.10787112681784,42.5491774005766,0 -75.10784019378059,42.54892580084787,0 -75.10737639433182,42.54817080028204,0 -75.10762432749252,42.54661540053796,0 -75.10824332780999,42.54565466718485,0 -75.10824332715936,42.54524300102784,0 -75.10765572687987,42.54499126707049,0 -75.10573772724526,42.54487660085488,0 -75.10419119445753,42.54409866699123,0 -75.10273752676635,42.54354940084071,0 -75.10193352758395,42.54297740071996,0 -75.10060372700268,42.54181046740139,0 -75.09949039446995,42.54096386731176,0 -75.09890292786714,42.54023180047768,0 -75.0984085273397,42.53901940030723,0 -75.09816132739823,42.53863040075537,0 -75.09642979356035,42.53693726743946,0 -75.0948835940608,42.53613626769049,0 -75.09463639335334,42.53593040079512,0 -75.09435819428532,42.53540406729926,0 -75.09237952723667,42.53384820024171,0 -75.08981259345722,42.53329840018607,0 -75.08764819380077,42.53226840045444,0 -75.08687499363731,42.5320394003532,0 -75.08427692760908,42.53229020025772,0 
				</coordinates>
			</LineString>
		</Placemark>
		<Placemark>
			<styleUrl>#style0</styleUrl>
			<Style id="inline">
				<IconStyle>
					<color>ffffffff</color>
					<colorMode>normal</colorMode>
				</IconStyle>
				<LineStyle>
					<color>ffffffff</color>
					<colorMode>normal</colorMode>
				</LineStyle>
				<PolyStyle>
					<color>ffffffff</color>
					<colorMode>normal</colorMode>
				</PolyStyle>
			</Style>
			<ExtendedData>
				<SchemaData schemaUrl="#S_otego_creek_DDDSSSSDSSSDDDDDDD">
					<SimpleData name="fid">392</SimpleData>
					<SimpleData name="cat">392</SimpleData>
					<SimpleData name="cat_">395</SimpleData>
					<SimpleData name="COMID">8.0859e+06</SimpleData>
					<SimpleData name="FDATE">2008/07/22</SimpleData>
					<SimpleData name="RESOLUTION">Medium</SimpleData>
					<SimpleData name="GNIS_ID">954899</SimpleData>
					<SimpleData name="GNIS_NAME">Lake Brook</SimpleData>
					<SimpleData name="LENGTHKM">0.76</SimpleData>
					<SimpleData name="REACHCODE">02050101000372</SimpleData>
					<SimpleData name="FLOWDIR">With Digitized</SimpleData>
					<SimpleData name="FTYPE">ArtificialPath</SimpleData>
					<SimpleData name="FCODE">55800</SimpleData>
					<SimpleData name="AreaSqKM">2.5065</SimpleData>
					<SimpleData name="TotDASqKM">2.5065</SimpleData>
					<SimpleData name="DUP_COMID">0</SimpleData>
					<SimpleData name="DUP_ArSqKM">0</SimpleData>
					<SimpleData name="DUP_Length">0.76</SimpleData>
					<SimpleData name="GIS_FID">0</SimpleData>
					<SimpleData name="rid">392</SimpleData>
				</SchemaData>
			</ExtendedData>
			<LineString>
				<coordinates>
					-75.13005559373634,42.58408486694931,0 -75.12621719360791,42.57788600061143,0 
				</coordinates>
			</LineString>
		</Placemark>
		<Placemark>
			<styleUrl>#style0</styleUrl>
			<Style id="inline">
				<IconStyle>
					<color>ffffffff</color>
					<colorMode>normal</colorMode>
				</IconStyle>
				<LineStyle>
					<color>ffffffff</color>
					<colorMode>normal</colorMode>
				</LineStyle>
				<PolyStyle>
					<color>ffffffff</color>
					<colorMode>normal</colorMode>
				</PolyStyle>
			</Style>
			<ExtendedData>
				<SchemaData schemaUrl="#S_otego_creek_DDDSSSSDSSSDDDDDDD">
					<SimpleData name="fid">617</SimpleData>
					<SimpleData name="cat">617</SimpleData>
					<SimpleData name="cat_">622</SimpleData>
					<SimpleData name="COMID">8.08524e+06</SimpleData>
					<SimpleData name="FDATE">1999/09/29</SimpleData>
					<SimpleData name="RESOLUTION">Medium</SimpleData>
					<SimpleData name="GNIS_ID">946743</SimpleData>
					<SimpleData name="GNIS_NAME">Clark Brook</SimpleData>
					<SimpleData name="LENGTHKM">2.773</SimpleData>
					<SimpleData name="REACHCODE">02050101000591</SimpleData>
					<SimpleData name="FLOWDIR">With Digitized</SimpleData>
					<SimpleData name="FTYPE">StreamRiver</SimpleData>
					<SimpleData name="FCODE">46006</SimpleData>
					<SimpleData name="AreaSqKM">3.8277</SimpleData>
					<SimpleData name="TotDASqKM">15.8562</SimpleData>
					<SimpleData name="DUP_COMID">0</SimpleData>
					<SimpleData name="DUP_ArSqKM">0</SimpleData>
					<SimpleData name="DUP_Length">2.773</SimpleData>
					<SimpleData name="GIS_FID">0</SimpleData>
					<SimpleData name="rid">617</SimpleData>
				</SchemaData>
			</ExtendedData>
			<LineString>
				<coordinates>
					-75.06859219412294,42.70658620018575,0 -75.06806539372401,42.7061970670924,0 -75.06806539355193,42.70610560053539,0 -75.06713579394166,42.70528166687757,0 -75.06660899375244,42.70468666726048,0 -75.06620692724933,42.70370286698476,0 -75.06561832712381,42.70290200026245,0 -75.06549459372216,42.70242160031883,0 -75.0645337936905,42.70189500017322,0 -75.0643169274733,42.70171186740875,0 -75.06422472770704,42.70086546731009,0 -75.0638227273934,42.69976726675037,0 -75.06370012676034,42.69830340073105,0 -75.06335999360262,42.69718240066423,0 -75.06323612685168,42.69713660059362,0 -75.06215279369108,42.69498580026782,0 -75.06209112717079,42.69466546713464,0 -75.06162672697752,42.69402486704031,0 -75.06106952723279,42.69297226706097,0 -75.06088459345665,42.6918972005679,0 -75.06026539436917,42.6909360002801,0 -75.05964579327434,42.69043246741909,0 -75.05902599384017,42.69011200048938,0 -75.05822052788591,42.68949386680438,0 -75.05784892770428,42.68901326711949,0 -75.05676459393517,42.68823500008847,0 -75.05608272709476,42.68796000015912,0 -75.05536979372118,42.6877994665914,0 -75.05385039350901,42.68775286730086,0 -75.05171079418659,42.68802600048969,0 
				</coordinates>
			</LineString>
		</Placemark>
		<Placemark>
			<styleUrl>#style0</styleUrl>
			<Style id="inline">
				<IconStyle>
					<color>ffffffff</color>
					<colorMode>normal</colorMode>
				</IconStyle>
				<LineStyle>
					<color>ffffffff</color>
					<colorMode>normal</colorMode>
				</LineStyle>
				<PolyStyle>
					<color>ffffffff</color>
					<colorMode>normal</colorMode>
				</PolyStyle>
			</Style>
			<ExtendedData>
				<SchemaData schemaUrl="#S_otego_creek_DDDSSSSDSSSDDDDDDD">
					<SimpleData name="fid">618</SimpleData>
					<SimpleData name="cat">618</SimpleData>
					<SimpleData name="cat_">623</SimpleData>
					<SimpleData name="COMID">8.0852e+06</SimpleData>
					<SimpleData name="FDATE">1999/09/29</SimpleData>
					<SimpleData name="RESOLUTION">Medium</SimpleData>
					<SimpleData name="GNIS_ID">946743</SimpleData>
					<SimpleData name="GNIS_NAME">Clark Brook</SimpleData>
					<SimpleData name="LENGTHKM">2.498</SimpleData>
					<SimpleData name="REACHCODE">02050101000592</SimpleData>
					<SimpleData name="FLOWDIR">With Digitized</SimpleData>
					<SimpleData name="FTYPE">StreamRiver</SimpleData>
					<SimpleData name="FCODE">46006</SimpleData>
					<SimpleData name="AreaSqKM">5.229</SimpleData>
					<SimpleData name="TotDASqKM">9.4941</SimpleData>
					<SimpleData name="DUP_COMID">0</SimpleData>
					<SimpleData name="DUP_ArSqKM">0</SimpleData>
					<SimpleData name="DUP_Length">2.498</SimpleData>
					<SimpleData name="GIS_FID">0</SimpleData>
					<SimpleData name="rid">618</SimpleData>
				</SchemaData>
			</ExtendedData>
			<LineString>
				<coordinates>
					-75.0714909942686,42.72591600050857,0 -75.07158432708134,42.72568726729284,0 -75.07201899453374,42.72525286691577,0 -75.0735413273878,42.72294326718291,0 -75.07357252695115,42.72253146693468,0 -75.07338659356076,42.72230280003036,0 -75.07251852676042,42.72163906669478,0 -75.0708131274279,42.72065466673324,0 -75.07025519353473,42.72010546717637,0 -75.06985252699225,42.71948766667808,0 -75.06963579388704,42.71903006747539,0 -75.0696367273453,42.71797786718458,0 -75.0700099938485,42.71674286689762,0 -75.07019712764037,42.71557640074599,0 -75.06994939435445,42.71511880085265,0 -75.06951539358163,42.71479840022658,0 -75.06784092670728,42.71427146689074,0 -75.06734479372123,42.71395100050447,0 -75.0670043269306,42.71321886682343,0 -75.06691172773927,42.71273846679971,0 -75.06694379450691,42.71159480012814,0 -75.06706832694667,42.71118320030192,0 -75.06700639359828,42.71109159989082,0 -75.06703832722914,42.71006226674011,0 -75.06812539334807,42.70841586731864,0 -75.06837419400054,42.70772980077482,0 -75.06868459398432,42.70740966688986,0 -75.06871612661755,42.70692926714719,0 -75.06862312725114,42.70686066704475,0 -75.06859219412294,42.70658620018575,0 
				</coordinates>
			</LineString>
		</Placemark>
		<Placemark>
			<styleUrl>#style0</styleUrl>
			<Style id="inline">
				<IconStyle>
					<color>ffffffff</color>
					<colorMode>normal</colorMode>
				</IconStyle>
				<LineStyle>
					<color>ffffffff</color>
					<colorMode>normal</colorMode>
				</LineStyle>
				<PolyStyle>
					<color>ffffffff</color>
					<colorMode>normal</colorMode>
				</PolyStyle>
			</Style>
			<ExtendedData>
				<SchemaData schemaUrl="#S_otego_creek_DDDSSSSDSSSDDDDDDD">
					<SimpleData name="fid">619</SimpleData>
					<SimpleData name="cat">619</SimpleData>
					<SimpleData name="cat_">624</SimpleData>
					<SimpleData name="COMID">8.08516e+06</SimpleData>
					<SimpleData name="FDATE">1999/09/29</SimpleData>
					<SimpleData name="RESOLUTION">Medium</SimpleData>
					<SimpleData name="GNIS_ID">946743</SimpleData>
					<SimpleData name="GNIS_NAME">Clark Brook</SimpleData>
					<SimpleData name="LENGTHKM">2.804</SimpleData>
					<SimpleData name="REACHCODE">02050101000593</SimpleData>
					<SimpleData name="FLOWDIR">With Digitized</SimpleData>
					<SimpleData name="FTYPE">StreamRiver</SimpleData>
					<SimpleData name="FCODE">46006</SimpleData>
					<SimpleData name="AreaSqKM">3.0717</SimpleData>
					<SimpleData name="TotDASqKM">3.0717</SimpleData>
					<SimpleData name="DUP_COMID">0</SimpleData>
					<SimpleData name="DUP_ArSqKM">0</SimpleData>
					<SimpleData name="DUP_Length">2.804</SimpleData>
					<SimpleData name="GIS_FID">0</SimpleData>
					<SimpleData name="rid">619</SimpleData>
				</SchemaData>
			</ExtendedData>
			<LineString>
				<coordinates>
					-75.07615972709017,42.74659600015589,0 -75.07519792665143,42.7462066670642,0 -75.07491892741798,42.7458636007789,0 -75.07485712744861,42.74547466732854,0 -75.0750127267429,42.74485720022601,0 -75.07479579425106,42.7445140006375,0 -75.07402032701205,42.74403326727175,0 -75.07361719353553,42.74366706717554,0 -75.07346279346136,42.74256906645927,0 -75.07278132745097,42.74110479993808,0 -75.07194412672239,42.74041826703763,0 -75.07088939431809,42.73993740038473,0 -75.07030019444379,42.73957120019016,0 -75.07011412784517,42.73927380028802,0 -75.07033199434467,42.73847326741694,0 -75.07033252683794,42.73794720009676,0 -75.07023952720509,42.73790139998589,0 -75.07017839348838,42.73680346713861,0 -75.06980659442748,42.73609406710327,0 -75.06859752680599,42.73515580043038,0 -75.0681943932713,42.73469806730343,0 -75.06797792738067,42.73398886705669,0 -75.06788572656178,42.73307386724505,0 -75.06770012788353,42.73238760009563,0 -75.06729732718809,42.73179260018377,0 -75.06627419354763,42.73087720035683,0 -75.06615032719746,42.73067126740062,0 -75.06615092769312,42.73007659997664,0 -75.06636839404692,42.72961920039399,0 -75.06658592780568,42.72939060018559,0 -75.06717572716887,42.72900200068121,0 -75.06729999356808,42.72884200030207,0 -75.0708697938,42.72669340077477,0 -75.0714909942686,42.72591600050857,0 
				</coordinates>
			</LineString>
		</Placemark>
		<Placemark>
			<styleUrl>#style0</styleUrl>
			<Style id="inline">
				<IconStyle>
					<color>ffffffff</color>
					<colorMode>normal</colorMode>
				</IconStyle>
				<LineStyle>
					<color>ffffffff</color>
					<colorMode>normal</colorMode>
				</LineStyle>
				<PolyStyle>
					<color>ffffffff</color>
					<colorMode>normal</colorMode>
				</PolyStyle>
			</Style>
			<ExtendedData>
				<SchemaData schemaUrl="#S_otego_creek_DDDSSSSDSSSDDDDDDD">
					<SimpleData name="fid">633</SimpleData>
					<SimpleData name="cat">633</SimpleData>
					<SimpleData name="cat_">638</SimpleData>
					<SimpleData name="COMID">8.08567e+06</SimpleData>
					<SimpleData name="FDATE">1999/09/29</SimpleData>
					<SimpleData name="RESOLUTION">Medium</SimpleData>
					<SimpleData name="GNIS_ID">952283</SimpleData>
					<SimpleData name="GNIS_NAME">Harrison Creek</SimpleData>
					<SimpleData name="LENGTHKM">0.539</SimpleData>
					<SimpleData name="REACHCODE">02050101000606</SimpleData>
					<SimpleData name="FLOWDIR">With Digitized</SimpleData>
					<SimpleData name="FTYPE">StreamRiver</SimpleData>
					<SimpleData name="FCODE">46006</SimpleData>
					<SimpleData name="AreaSqKM">0.3546</SimpleData>
					<SimpleData name="TotDASqKM">20.1096</SimpleData>
					<SimpleData name="DUP_COMID">0</SimpleData>
					<SimpleData name="DUP_ArSqKM">0</SimpleData>
					<SimpleData name="DUP_Length">0.514</SimpleData>
					<SimpleData name="GIS_FID">0</SimpleData>
					<SimpleData name="rid">633</SimpleData>
				</SchemaData>
			</ExtendedData>
			<LineString>
				<coordinates>
					-75.1305023593264,42.50344246310686,0 -75.13011199420805,42.50333746725293,0 -75.12955552710697,42.50285706722509,0 -75.12881359425336,42.5029028670762,0 -75.12801012699434,42.5018278008331,0 -75.12776299385553,42.50125586713941,0 -75.12751559345614,42.50050100025153,0 -75.12733012677131,42.50045526741478,0 -75.12726832732194,42.50007880044042,0 
				</coordinates>
			</LineString>
		</Placemark>
		<Placemark>
			<styleUrl>#style0</styleUrl>
			<Style id="inline">
				<IconStyle>
					<color>ffffffff</color>
					<colorMode>normal</colorMode>
				</IconStyle>
				<LineStyle>
					<color>ffffffff</color>
					<colorMode>normal</colorMode>
				</LineStyle>
				<PolyStyle>
					<color>ffffffff</color>
					<colorMode>normal</colorMode>
				</PolyStyle>
			</Style>
			<ExtendedData>
				<SchemaData schemaUrl="#S_otego_creek_DDDSSSSDSSSDDDDDDD">
					<SimpleData name="fid">634</SimpleData>
					<SimpleData name="cat">634</SimpleData>
					<SimpleData name="cat_">639</SimpleData>
					<SimpleData name="COMID">8.08638e+06</SimpleData>
					<SimpleData name="FDATE">1999/07/04</SimpleData>
					<SimpleData name="RESOLUTION">Medium</SimpleData>
					<SimpleData name="GNIS_ID">952283</SimpleData>
					<SimpleData name="GNIS_NAME">Harrison Creek</SimpleData>
					<SimpleData name="LENGTHKM">3.196</SimpleData>
					<SimpleData name="REACHCODE">02050101000606</SimpleData>
					<SimpleData name="FLOWDIR">With Digitized</SimpleData>
					<SimpleData name="FTYPE">StreamRiver</SimpleData>
					<SimpleData name="FCODE">46006</SimpleData>
					<SimpleData name="AreaSqKM">3.2094</SimpleData>
					<SimpleData name="TotDASqKM">23.319</SimpleData>
					<SimpleData name="DUP_COMID">0</SimpleData>
					<SimpleData name="DUP_ArSqKM">0</SimpleData>
					<SimpleData name="DUP_Length">3.196</SimpleData>
					<SimpleData name="GIS_FID">0</SimpleData>
					<SimpleData name="rid">634</SimpleData>
				</SchemaData>
			</ExtendedData>
			<LineString>
				<coordinates>
					-75.12726832732194,42.50007880044042,0 -75.12695912774311,42.49974966748813,0 -75.12680452707008,42.49965820088404,0 -75.12680459369233,42.49952100034095,0 -75.12655732736552,42.49940660073052,0 -75.12649539350781,42.49920080101482,0 -75.12630992667914,42.49906346713535,0 -75.12618619422881,42.49888046787704,0 -75.12587719444686,42.49860600054654,0 -75.12587712769519,42.49851446765347,0 -75.12559879360299,42.49830866708217,0 -75.12504239415522,42.49782826780945,0 -75.12501159375682,42.49762240099641,0 -75.12491879418302,42.49759960063481,0 -75.12491879426756,42.49748520079281,0 -75.12476419378372,42.49727926770779,0 -75.12473332661628,42.49673026748643,0 -75.1246095935025,42.49670740099565,0 -75.12451699415253,42.49657020091671,0 -75.12445519345219,42.49602120095086,0 -75.1238369934448,42.4952892676359,0 -75.12362059413985,42.49474026782089,0 -75.12355879321824,42.49405400090196,0 -75.12368252709304,42.49291026724266,0 -75.12337352724148,42.49176646737624,0 -75.12303359386814,42.49126326760395,0 -75.12272452695322,42.49089720037126,0 -75.12260092685896,42.49066846753927,0 -75.12232279422311,42.49037106755559,0 -75.12167372744044,42.49000520039186,0 -75.12046832781894,42.48954766711883,0 -75.11997372653542,42.48929600099573,0 -75.11929392680487,42.48854106711876,0 -75.11907759402521,42.48824366706102,0 -75.11861412697623,42.48785480087009,0 -75.11833592781619,42.48739726722859,0 -75.11793419376011,42.4870770010292,0 -75.11709979323123,42.4866652674108,0 -75.11614179378267,42.48641366781864,0 -75.11499832672399,42.48597886744273,0 -75.11379312718952,42.48563566694715,0 -75.11286599386231,42.48494926718904,0 -75.11209339384584,42.48469766713968,0 -75.11181532710786,42.48451460028821,0 -75.11116639381198,42.48433166728442,0 -75.11088819404473,42.48419426733165,0 -75.110857393839,42.48403420070701,0 -75.11076472720788,42.48398846729359,0 -75.11079572677325,42.48373680087349,0 -75.11061032751925,42.48334800110819,0 -75.10993032708468,42.48325640083578,0 -75.10974512718822,42.48314186773862,0 -75.10965239433189,42.48289026776216,0 -75.10962179412647,42.48199820108228,0 -75.10946732709539,42.4817464672499,0 -75.10934392760271,42.48115180055861,0 -75.10922032708267,42.48090006717423,0 -75.1089113274367,42.48067126728911,0 -75.10795332672529,42.48044246718429,0 -75.10693372694419,42.4798248007596,0 -75.10594492750852,42.47959586705157,0 -75.10554319435656,42.47941280056864,0 
				</coordinates>
			</LineString>
		</Placemark>
		<Placemark>
			<styleUrl>#style0</styleUrl>
			<Style id="inline">
				<IconStyle>
					<color>ffffffff</color>
					<colorMode>normal</colorMode>
				</IconStyle>
				<LineStyle>
					<color>ffffffff</color>
					<colorMode>normal</colorMode>
				</LineStyle>
				<PolyStyle>
					<color>ffffffff</color>
					<colorMode>normal</colorMode>
				</PolyStyle>
			</Style>
			<ExtendedData>
				<SchemaData schemaUrl="#S_otego_creek_DDDSSSSDSSSDDDDDDD">
					<SimpleData name="fid">635</SimpleData>
					<SimpleData name="cat">635</SimpleData>
					<SimpleData name="cat_">640</SimpleData>
					<SimpleData name="COMID">8.08564e+06</SimpleData>
					<SimpleData name="FDATE">1999/09/29</SimpleData>
					<SimpleData name="RESOLUTION">Medium</SimpleData>
					<SimpleData name="GNIS_ID">952283</SimpleData>
					<SimpleData name="GNIS_NAME">Harrison Creek</SimpleData>
					<SimpleData name="LENGTHKM">8.305</SimpleData>
					<SimpleData name="REACHCODE">02050101000607</SimpleData>
					<SimpleData name="FLOWDIR">With Digitized</SimpleData>
					<SimpleData name="FTYPE">StreamRiver</SimpleData>
					<SimpleData name="FCODE">46006</SimpleData>
					<SimpleData name="AreaSqKM">15.2397</SimpleData>
					<SimpleData name="TotDASqKM">15.2397</SimpleData>
					<SimpleData name="DUP_COMID">0</SimpleData>
					<SimpleData name="DUP_ArSqKM">0</SimpleData>
					<SimpleData name="DUP_Length">8.305</SimpleData>
					<SimpleData name="GIS_FID">0</SimpleData>
					<SimpleData name="rid">635</SimpleData>
				</SchemaData>
			</ExtendedData>
			<LineString>
				<coordinates>
					-75.18948119395755,42.54632320029556,0 -75.18889259375426,42.54556866734464,0 -75.1875919938804,42.54419700036528,0 -75.18718919344496,42.54362526761162,0 -75.18641552720801,42.54316820099638,0 -75.18607479329319,42.54275666720633,0 -75.1866609941425,42.54120080077517,0 -75.18727899334368,42.54053720039936,0 -75.18764959389112,42.53998800104424,0 -75.18767999341527,42.53939320050306,0 -75.18749392707686,42.53898146734225,0 -75.18709132695948,42.53843280106045,0 -75.18610072697224,42.53765566769675,0 -75.18514092749287,42.5367182674339,0 -75.18495492686263,42.53623806682877,0 -75.1846143939391,42.53578080092471,0 -75.1838093937217,42.53500340073713,0 -75.18368519427304,42.53447726701334,0 -75.18349939342241,42.53422580019353,0 -75.18247779359142,42.53326560058471,0 -75.18244632730202,42.53264800072058,0 -75.18219792669991,42.53164160058819,0 -75.18194999344824,42.53106986684444,0 -75.1817643267202,42.53088700039326,0 -75.18114419336878,42.52926326701195,0 -75.18105072741548,42.52837106706335,0 -75.18086492722361,42.52807386778368,0 -75.18024612748108,42.52791406772634,0 -75.17934939360623,42.52796026706189,0 -75.17792732725447,42.52857860066062,0 -75.17743252728246,42.52871606707007,0 -75.17696859351705,42.52871620077759,0 -75.17619519422131,42.52844206761155,0 -75.17529859394185,42.52873986757,0 -75.17437079362023,42.52883180026002,0 -75.17390692658608,42.5287632671936,0 -75.17322632701801,42.52848920072644,0 -75.17254552647071,42.52800920072937,0 -75.17239072721556,42.52771186776229,0 -75.17201912667679,42.52725446715405,0 -75.17177172692514,42.52716306759969,0 -75.17084392701585,42.52704906703898,0 -75.16917372745795,42.52700400033309,0 -75.16867879350048,42.52688980101952,0 -75.16790539348533,42.52643260049537,0 -75.166637193531,42.52595266698775,0 -75.16589472683401,42.52556420106932,0 -75.16391492733881,42.52476426700801,0 -75.16255392707782,42.52437586770404,0 -75.16088392680685,42.52423906709497,0 -75.16023419351383,42.52401046707869,0 -75.15878039383875,42.52334766777625,0 -75.1559661266335,42.52293680093938,0 -75.15472899333288,42.52268546743097,0 -75.15392499367313,42.52277720101034,0 -75.15281172654213,42.52268600054872,0 -75.15176052665042,42.52316660063373,0 -75.15080192746439,42.52334980055907,0 -75.15021452763648,42.52364726738233,0 -75.14941039426955,42.5237618003044,0 -75.14900839434161,42.52367046747929,0 -75.14835879317401,42.52321320069613,0 -75.14783299353505,42.52303026746965,0 -75.14687452669286,42.52319060047049,0 -75.14628692766615,42.52300780080064,0 -75.14554452717795,42.52252746760994,0 -75.14554412672169,42.52138380065296,0 -75.14520392670293,42.5209948670287,0 -75.14473992671014,42.5206290009631,0 -75.14266792703791,42.52033200062885,0 -75.14204939352885,42.52005746734898,0 -75.14127619363873,42.51957740101274,0 -75.13929679374992,42.51797640074014,0 -75.13815239437167,42.5167870673291,0 -75.13815239432064,42.51639820037695,0 -75.13830692691656,42.51614660065461,0 -75.13833779357284,42.51584906757144,0 -75.13787372737688,42.51461400112601,0 -75.13784272783667,42.51401920040401,0 -75.13771892752361,42.51374480076444,0 -75.13771872684814,42.5123724009576,0 -75.13784219425231,42.5116402677517,0 -75.13765659392962,42.51132006704543,0 -75.13669792766686,42.51010780051786,0 -75.13629599341087,42.50999360081949,0 -75.13543019365082,42.50994780062101,0 -75.13400799343944,42.51010806713327,0 -75.13308052670149,42.50962780023802,0 -75.13255472764531,42.50917026735944,0 -75.13230732698327,42.50859840049366,0 -75.13227632678135,42.50823246736378,0 -75.13196719452179,42.50777500041566,0 -75.13159612677916,42.5073404675144,0 -75.13171972693782,42.50679146722349,0 -75.13162699436981,42.50599086716876,0 -75.13103952698832,42.50525886720663,0 -75.13079212767592,42.50352040074893,0 
				</coordinates>
			</LineString>
		</Placemark>
		<Placemark>
			<styleUrl>#style0</styleUrl>
			<Style id="inline">
				<IconStyle>
					<color>ffffffff</color>
					<colorMode>normal</colorMode>
				</IconStyle>
				<LineStyle>
					<color>ffffffff</color>
					<colorMode>normal</colorMode>
				</LineStyle>
				<PolyStyle>
					<color>ffffffff</color>
					<colorMode>normal</colorMode>
				</PolyStyle>
			</Style>
			<ExtendedData>
				<SchemaData schemaUrl="#S_otego_creek_DDDSSSSDSSSDDDDDDD">
					<SimpleData name="fid">685</SimpleData>
					<SimpleData name="cat">685</SimpleData>
					<SimpleData name="cat_">691</SimpleData>
					<SimpleData name="COMID">8.08556e+06</SimpleData>
					<SimpleData name="FDATE">1999/09/29</SimpleData>
					<SimpleData name="RESOLUTION">Medium</SimpleData>
					<SimpleData name="GNIS_ID">960913</SimpleData>
					<SimpleData name="GNIS_NAME">Pool Brook</SimpleData>
					<SimpleData name="LENGTHKM">10.258</SimpleData>
					<SimpleData name="REACHCODE">02050101000648</SimpleData>
					<SimpleData name="FLOWDIR">With Digitized</SimpleData>
					<SimpleData name="FTYPE">StreamRiver</SimpleData>
					<SimpleData name="FCODE">46006</SimpleData>
					<SimpleData name="AreaSqKM">15.543</SimpleData>
					<SimpleData name="TotDASqKM">15.543</SimpleData>
					<SimpleData name="DUP_COMID">0</SimpleData>
					<SimpleData name="DUP_ArSqKM">0</SimpleData>
					<SimpleData name="DUP_Length">10.258</SimpleData>
					<SimpleData name="GIS_FID">0</SimpleData>
					<SimpleData name="rid">685</SimpleData>
				</SchemaData>
			</ExtendedData>
			<LineString>
				<coordinates>
					-75.12556719333459,42.61286100073097,0 -75.12460712697684,42.61258646697305,0 -75.12324459415149,42.61212906743944,0 -75.12219172701637,42.61183166728182,0 -75.1215723277527,42.61162580039864,0 -75.12104592668204,42.61123686728497,0 -75.12104599389045,42.61073366736427,0 -75.1208911270852,42.61052780068381,0 -75.11931179342089,42.61016180069289,0 -75.1188473267398,42.60988720076562,0 -75.11729912745204,42.60865200087385,0 -75.11717539335505,42.60842320044832,0 -75.11695872757585,42.60746260071556,0 -75.11615372779202,42.60659320045006,0 -75.11559639422597,42.60574680014382,0 -75.11476052676127,42.60542646687751,0 -75.11327419370329,42.60524340035685,0 -75.11262399380861,42.60478580054136,0 -75.11240739406148,42.6040538001866,0 -75.11175732663077,42.6029330007385,0 -75.11172672723845,42.60167486754872,0 -75.11194352698568,42.60110306722123,0 -75.11231519377904,42.60057686688005,0 -75.1131513269498,42.5998908006575,0 -75.11398739363632,42.59890726688995,0 -75.1148235271489,42.59838126711737,0 -75.11531899322166,42.59764926750976,0 -75.11553599345493,42.59705460056224,0 -75.11535039393405,42.59524746720687,0 -75.11541252657464,42.5948586005594,0 -75.11528872718601,42.59428666694309,0 -75.11497919430469,42.59373766724627,0 -75.11470072686475,42.59225086729671,0 -75.11473199429074,42.59010060075265,0 -75.11454639336162,42.58957446680527,0 -75.11374172732697,42.58845346687923,0 -75.1134013275485,42.58817900026695,0 -75.11256552666984,42.58781306723156,0 -75.11228692692808,42.58753860069307,0 -75.1121633270089,42.58664640062732,0 -75.11142052678198,42.5858914001664,0 -75.11067772695473,42.58550246689158,0 -75.10984199409461,42.58483900070475,0 -75.10978032682996,42.58467886752307,0 -75.10968739432113,42.5846560005691,0 -75.10940899432902,42.58419846767106,0 -75.10931632735266,42.58314626682776,0 -75.10913072745075,42.58278026682082,0 -75.10922379400711,42.58188820047447,0 -75.10882159374678,42.5810874670868,0 -75.10851219345781,42.58058426678053,0 -75.10789319350121,42.58049266700113,0 -75.10708832669067,42.58088140072806,0 -75.10631439444805,42.58095000060164,0 -75.10594299423531,42.58108706688448,0 -75.10538579399153,42.58108700104259,0 -75.10476692745434,42.5806980673013,0 -75.10377639396687,42.58058346746628,0 -75.10294079337181,42.58019446692294,0 -75.10260052681284,42.57992000079172,0 -75.10272472666044,42.57875326743195,0 -75.10232252697784,42.57818140089375,0 -75.10229159332037,42.57799840094559,0 -75.10216792657691,42.57774666725878,0 -75.10207499330185,42.57770100044608,0 -75.10201319382905,42.57744926684512,0 -75.10151839359258,42.57676306686236,0 -75.10120899431821,42.57612260101493,0 -75.10015712744718,42.57523020076215,0 -75.09990992731514,42.57417786703355,0 -75.09963152751082,42.57372040061409,0 -75.09867252668079,42.57271366709087,0 -75.09728039422762,42.57136366711993,0 -75.09653792783052,42.5708832671411,0 -75.09635232697229,42.5706316007813,0 -75.09632159392304,42.5699910670323,0 -75.09647672709929,42.5690760669787,0 -75.09629159393842,42.5681382002294,0 -75.09638452732243,42.56802386767901,0 -75.09641572686563,42.56742920045183,0 -75.09681859400412,42.56635406741675,0 -75.09675699401112,42.56575940106443,0 -75.09644779352371,42.56500446682583,0 -75.09604572749244,42.56463840027475,0 -75.09533412689872,42.56427206725476,0 -75.09434432769822,42.5635398676765,0 -75.09378759327798,42.56292220082751,0 -75.09354019431099,42.56246460040904,0 -75.09326219420448,42.56150380050305,0 -75.09295312761562,42.56104626720156,0 -75.0927677274049,42.56056580063271,0 -75.09255212734455,42.55846140074244,0 -75.09177899358593,42.55768326750815,0 -75.09137712714991,42.55706560034814,0 -75.09137732673322,42.55656240097393,0 -75.09153219339093,42.55624220093848,0 -75.09162532736738,42.55569320077419,0 -75.09100819318346,42.55292520095723,0 -75.09008059404508,42.55173560046381,0 -75.09008132692628,42.55045460090373,0 -75.08992672779743,42.55024860037558,0 -75.08909172727897,42.54965366769766,0 -75.08810192704873,42.5492644669623,0 -75.08735979332499,42.54866946724796,0 -75.0867105938709,42.5478686008877,0 -75.08643259369478,42.54736520045648,0 -75.08562859404492,42.54665586752652,0 -75.08470079365642,42.54622100098231,0 -75.08235112743934,42.54423006688936,0 -75.08207319395973,42.54340646756769,0 -75.08148579362218,42.54292586767085,0 -75.08142412708443,42.54262846763338,0 -75.08117692791248,42.54228526703032,0 -75.08108452702756,42.54169046769414,0 -75.08096099411418,42.54148460097519,0 -75.08031179424806,42.54093526690092,0 -75.08037399394266,42.54031766744586,0 -75.08025072768109,42.53983740094221,0 -75.07987979437191,42.53931106718032,0 -75.07960152750852,42.53921960079905,0 
				</coordinates>
			</LineString>
		</Placemark>
		<Placemark>
			<styleUrl>#style0</styleUrl>
			<Style id="inline">
				<IconStyle>
					<color>ffffffff</color>
					<colorMode>normal</colorMode>
				</IconStyle>
				<LineStyle>
					<color>ffffffff</color>
					<colorMode>normal</colorMode>
				</LineStyle>
				<PolyStyle>
					<color>ffffffff</color>
					<colorMode>normal</colorMode>
				</PolyStyle>
			</Style>
			<ExtendedData>
				<SchemaData schemaUrl="#S_otego_creek_DDDSSSSDSSSDDDDDDD">
					<SimpleData name="fid">734</SimpleData>
					<SimpleData name="cat">734</SimpleData>
					<SimpleData name="cat_">742</SimpleData>
					<SimpleData name="COMID">8.08563e+06</SimpleData>
					<SimpleData name="FDATE">1999/09/29</SimpleData>
					<SimpleData name="RESOLUTION">Medium</SimpleData>
					<SimpleData name="GNIS_ID">970978</SimpleData>
					<SimpleData name="GNIS_NAME">Wharton Creek</SimpleData>
					<SimpleData name="LENGTHKM">1.904</SimpleData>
					<SimpleData name="REACHCODE">02050101000688</SimpleData>
					<SimpleData name="FLOWDIR">With Digitized</SimpleData>
					<SimpleData name="FTYPE">StreamRiver</SimpleData>
					<SimpleData name="FCODE">46006</SimpleData>
					<SimpleData name="AreaSqKM">1.1646</SimpleData>
					<SimpleData name="TotDASqKM">27.2826</SimpleData>
					<SimpleData name="DUP_COMID">0</SimpleData>
					<SimpleData name="DUP_ArSqKM">0</SimpleData>
					<SimpleData name="DUP_Length">1.904</SimpleData>
					<SimpleData name="GIS_FID">0</SimpleData>
					<SimpleData name="rid">734</SimpleData>
				</SchemaData>
			</ExtendedData>
			<LineString>
				<coordinates>
					-75.11391012738247,42.51584966698975,0 -75.11356999405083,42.51507186709858,0 -75.11295199349875,42.51424840077241,0 -75.1124573268151,42.51392806703308,0 -75.11159139439539,42.51379066739821,0 -75.11131319333735,42.51360766703731,0 -75.11094252700853,42.51303580049343,0 -75.11032412697597,42.51257820043953,0 -75.11013872697143,42.51207486697059,0 -75.1095821941967,42.51182326713734,0 -75.10608839412102,42.51127380110854,0 -75.10559392775464,42.51113646748819,0 -75.10361539427677,42.50980940079602,0 -75.10179159329897,42.50903140087421,0 -75.10086432755524,42.50852786753087,0 -75.10015352694663,42.50784146731264,0 -75.09965892772004,42.50756686708672,0 -75.09941172654412,42.50731520094016,0 -75.09925732706506,42.50683480083091,0 -75.09882452739636,42.50665166716072,0 -75.09820619383794,42.50651426709176,0 -75.0979281266512,42.50635406751216,0 -75.09789739405392,42.50598820085811,0 -75.09752652761554,42.50562200059112,0 -75.09727932716029,42.50550760030279,0 
				</coordinates>
			</LineString>
		</Placemark>
		<Placemark>
			<styleUrl>#style0</styleUrl>
			<Style id="inline">
				<IconStyle>
					<color>ffffffff</color>
					<colorMode>normal</colorMode>
				</IconStyle>
				<LineStyle>
					<color>ffffffff</color>
					<colorMode>normal</colorMode>
				</LineStyle>
				<PolyStyle>
					<color>ffffffff</color>
					<colorMode>normal</colorMode>
				</PolyStyle>
			</Style>
			<ExtendedData>
				<SchemaData schemaUrl="#S_otego_creek_DDDSSSSDSSSDDDDDDD">
					<SimpleData name="fid">735</SimpleData>
					<SimpleData name="cat">735</SimpleData>
					<SimpleData name="cat_">743</SimpleData>
					<SimpleData name="COMID">8.08561e+06</SimpleData>
					<SimpleData name="FDATE">1999/09/29</SimpleData>
					<SimpleData name="RESOLUTION">Medium</SimpleData>
					<SimpleData name="GNIS_ID">970978</SimpleData>
					<SimpleData name="GNIS_NAME">Wharton Creek</SimpleData>
					<SimpleData name="LENGTHKM">4.382</SimpleData>
					<SimpleData name="REACHCODE">02050101000689</SimpleData>
					<SimpleData name="FLOWDIR">With Digitized</SimpleData>
					<SimpleData name="FTYPE">StreamRiver</SimpleData>
					<SimpleData name="FCODE">46006</SimpleData>
					<SimpleData name="AreaSqKM">7.2666</SimpleData>
					<SimpleData name="TotDASqKM">24.8112</SimpleData>
					<SimpleData name="DUP_COMID">0</SimpleData>
					<SimpleData name="DUP_ArSqKM">0</SimpleData>
					<SimpleData name="DUP_Length">4.382</SimpleData>
					<SimpleData name="GIS_FID">0</SimpleData>
					<SimpleData name="rid">735</SimpleData>
				</SchemaData>
			</ExtendedData>
			<LineString>
				<coordinates>
					-75.14437392680279,42.53801386768458,0 -75.14412639324834,42.53755640075252,0 -75.14412632710106,42.53730480089386,0 -75.1443427270957,42.53700726735577,0 -75.14502299383396,42.53648106731715,0 -75.14508479414516,42.53622946698222,0 -75.14489912714548,42.53604646703938,0 -75.14409479352355,42.535726400487,0 -75.14211532710918,42.53593260022456,0 -75.14112559442455,42.53629866731552,0 -75.13995039336304,42.53691646692787,0 -75.1378163943232,42.53774026715558,0 -75.13654819373177,42.53783200073543,0 -75.13639352677241,42.53776340043883,0 -75.13574392752186,42.53712300053716,0 -75.13500139428055,42.53691706719563,0 -75.13472299325352,42.53671126739299,0 -75.13441359357296,42.53616226715148,0 -75.1340113933547,42.53579640026506,0 -75.13268139367352,42.53522460016323,0 -75.13234112731136,42.53499586738199,0 -75.13215552712738,42.53462986735195,0 -75.13215552753921,42.53405806731067,0 -75.13265019364162,42.53337180078618,0 -75.13243372768585,42.53316600059925,0 -75.13097999362641,42.53263986723626,0 -75.12927892757877,42.53229686777034,0 -75.12847459343193,42.53177080063018,0 -75.12779419344278,42.53147346718711,0 -75.126062193518,42.53126760057675,0 -75.12507252737471,42.53099306751095,0 -75.12460859429228,42.53048986725656,0 -75.12429932744992,42.53023840104719,0 -75.12414472743906,42.52941486724787,0 -75.12426839320239,42.52849980092104,0 -75.12377359338633,42.52792800021418,0 -75.12321692648719,42.52763060084481,0 -75.12247472767258,42.52744746729257,0 -75.1217633937857,42.52712726731819,0 -75.12071192677821,42.52632666759008,0 -75.12015532699746,42.52541160078751,0 -75.11978432731887,42.52511426759428,0 -75.11823819404566,42.52346726706968,0 -75.11811452742749,42.5231012671764,0 -75.11734152750506,42.52209466764344,0 -75.11666132731006,42.52149986729123,0 -75.11638299391386,42.52113400022382,0 -75.1162593943036,42.52067640089835,0 -75.11616672760114,42.5206078004812,0 -75.11607412684654,42.5191894668272,0 -75.11517752685562,42.51770260097955,0 -75.11511579413991,42.51742820044547,0 -75.11489939347176,42.5171994008894,0 -75.11480659357099,42.51694766691845,0 -75.11409552675906,42.51598700094724,0 -75.11391012738247,42.51584966698975,0 
				</coordinates>
			</LineString>
		</Placemark>
		<Placemark>
			<styleUrl>#style0</styleUrl>
			<Style id="inline">
				<IconStyle>
					<color>ffffffff</color>
					<colorMode>normal</colorMode>
				</IconStyle>
				<LineStyle>
					<color>ffffffff</color>
					<colorMode>normal</colorMode>
				</LineStyle>
				<PolyStyle>
					<color>ffffffff</color>
					<colorMode>normal</colorMode>
				</PolyStyle>
			</Style>
			<ExtendedData>
				<SchemaData schemaUrl="#S_otego_creek_DDDSSSSDSSSDDDDDDD">
					<SimpleData name="fid">736</SimpleData>
					<SimpleData name="cat">736</SimpleData>
					<SimpleData name="cat_">744</SimpleData>
					<SimpleData name="COMID">8.08557e+06</SimpleData>
					<SimpleData name="FDATE">1999/09/29</SimpleData>
					<SimpleData name="RESOLUTION">Medium</SimpleData>
					<SimpleData name="GNIS_ID">970978</SimpleData>
					<SimpleData name="GNIS_NAME">Wharton Creek</SimpleData>
					<SimpleData name="LENGTHKM">0.738</SimpleData>
					<SimpleData name="REACHCODE">02050101000690</SimpleData>
					<SimpleData name="FLOWDIR">With Digitized</SimpleData>
					<SimpleData name="FTYPE">StreamRiver</SimpleData>
					<SimpleData name="FCODE">46006</SimpleData>
					<SimpleData name="AreaSqKM">0.2871</SimpleData>
					<SimpleData name="TotDASqKM">15.3819</SimpleData>
					<SimpleData name="DUP_COMID">0</SimpleData>
					<SimpleData name="DUP_ArSqKM">0</SimpleData>
					<SimpleData name="DUP_Length">0.738</SimpleData>
					<SimpleData name="GIS_FID">0</SimpleData>
					<SimpleData name="rid">736</SimpleData>
				</SchemaData>
			</ExtendedData>
			<LineString>
				<coordinates>
					-75.14870639432405,42.5432284005002,0 -75.14845879351468,42.54318266735093,0 -75.14808752708339,42.54288540033173,0 -75.14799459375971,42.54249646745747,0 -75.1471897939593,42.54123860073041,0 -75.14663279349442,42.54046100076443,0 -75.14660179405044,42.54018660085848,0 -75.14675639411563,42.53998060037792,0 -75.1466635271014,42.53961460079808,0 -75.14647772725004,42.53945460092713,0 -75.14508572694108,42.53899726745,0 -75.14489992750931,42.53860846742286,0 -75.14455959408212,42.53808246737007,0 -75.14437392680279,42.53801386768458,0 
				</coordinates>
			</LineString>
		</Placemark>
		<Placemark>
			<styleUrl>#style0</styleUrl>
			<Style id="inline">
				<IconStyle>
					<color>ffffffff</color>
					<colorMode>normal</colorMode>
				</IconStyle>
				<LineStyle>
					<color>ffffffff</color>
					<colorMode>normal</colorMode>
				</LineStyle>
				<PolyStyle>
					<color>ffffffff</color>
					<colorMode>normal</colorMode>
				</PolyStyle>
			</Style>
			<ExtendedData>
				<SchemaData schemaUrl="#S_otego_creek_DDDSSSSDSSSDDDDDDD">
					<SimpleData name="fid">737</SimpleData>
					<SimpleData name="cat">737</SimpleData>
					<SimpleData name="cat_">745</SimpleData>
					<SimpleData name="COMID">8.08555e+06</SimpleData>
					<SimpleData name="FDATE">1999/09/29</SimpleData>
					<SimpleData name="RESOLUTION">Medium</SimpleData>
					<SimpleData name="GNIS_ID">970978</SimpleData>
					<SimpleData name="GNIS_NAME">Wharton Creek</SimpleData>
					<SimpleData name="LENGTHKM">4.814</SimpleData>
					<SimpleData name="REACHCODE">02050101000691</SimpleData>
					<SimpleData name="FLOWDIR">With Digitized</SimpleData>
					<SimpleData name="FTYPE">StreamRiver</SimpleData>
					<SimpleData name="FCODE">46006</SimpleData>
					<SimpleData name="AreaSqKM">9.1233</SimpleData>
					<SimpleData name="TotDASqKM">9.1233</SimpleData>
					<SimpleData name="DUP_COMID">0</SimpleData>
					<SimpleData name="DUP_ArSqKM">0</SimpleData>
					<SimpleData name="DUP_Length">4.814</SimpleData>
					<SimpleData name="GIS_FID">0</SimpleData>
					<SimpleData name="rid">737</SimpleData>
				</SchemaData>
			</ExtendedData>
			<LineString>
				<coordinates>
					-75.16116199357128,42.5783602671376,0 -75.16227592765912,42.5778566672212,0 -75.16286379414493,42.57751326692411,0 -75.16406999376797,42.57620906732728,0 -75.16440999324786,42.5753626003472,0 -75.16416199347556,42.574699267539,0 -75.16286119331764,42.57328146750235,0 -75.16276792726858,42.57252666713502,0 -75.16289172671368,42.57238946727191,0 -75.16366499424447,42.57197740085545,0 -75.16378852662986,42.57154280088356,0 -75.16366459400294,42.57131406766183,0 -75.16320019393739,42.57094826689843,0 -75.16220959426499,42.5704682673311,0 -75.16097119376742,42.56971386702132,0 -75.16004252681168,42.56898206763111,0 -75.15775192710882,42.5677934003137,0 -75.15673032660639,42.56717600075734,0 -75.15462559341522,42.56669626751277,0 -75.15437799385799,42.56651340032617,0 -75.15413032686574,42.56605586763919,0 -75.15385119376209,42.56495800081527,0 -75.15357252762857,42.56431760088458,0 -75.15289119387674,42.5632426675793,0 -75.15214832698253,42.56273960077787,0 -75.15180779400777,42.56239660095697,0 -75.1515597938554,42.56145880049785,0 -75.15063092709886,42.55983486732107,0 -75.14976419364551,42.55903446760409,0 -75.14917619436838,42.55887446713709,0 -75.14865012660795,42.55850860069071,0 -75.14849519384308,42.55811980048228,0 -75.14874252748378,42.55734200103675,0 -75.14877332687128,42.55697600037014,0 -75.14858752720507,42.55672446717475,0 -75.14738052703342,42.5559240006795,0 -75.14688532699331,42.55544380055987,0 -75.14673039357139,42.55510066678659,0 -75.14669939410535,42.55448306744353,0 -75.14682272667528,42.55327080081337,0 -75.14672992739472,42.55306486708726,0 -75.14669859335677,42.55201266716834,0 -75.14645092711446,42.55160100106526,0 -75.14648159327983,42.55084606715116,0 -75.1463887275122,42.55050300026218,0 -75.14629579429474,42.55045726746755,0 -75.14610979316372,42.54919920078224,0 -75.1464807937397,42.54853580085009,0 -75.14685172694041,42.54743780095065,0 -75.1476245937945,42.54636246771527,0 -75.14870699317314,42.54540146740187,0 -75.14892339414494,42.54508120094879,0 -75.14883059410684,42.54462380046598,0 -75.14855212736373,42.54428060090792,0 -75.14855199440132,42.5440290005459,0 -75.14873739333356,42.5437316007085,0 -75.14870639432405,42.5432284005002,0 
				</coordinates>
			</LineString>
		</Placemark>
		<Placemark>
			<styleUrl>#style0</styleUrl>
			<Style id="inline">
				<IconStyle>
					<color>ffffffff</color>
					<colorMode>normal</colorMode>
				</IconStyle>
				<LineStyle>
					<color>ffffffff</color>
					<colorMode>normal</colorMode>
				</LineStyle>
				<PolyStyle>
					<color>ffffffff</color>
					<colorMode>normal</colorMode>
				</PolyStyle>
			</Style>
			<ExtendedData>
				<SchemaData schemaUrl="#S_otego_creek_DDDSSSSDSSSDDDDDDD">
					<SimpleData name="fid">1535</SimpleData>
					<SimpleData name="cat">1535</SimpleData>
					<SimpleData name="cat_">1569</SimpleData>
					<SimpleData name="COMID">8.08642e+06</SimpleData>
					<SimpleData name="FDATE">1999/07/04</SimpleData>
					<SimpleData name="RESOLUTION">Medium</SimpleData>
					<SimpleData name="GNIS_ID"></SimpleData>
					<SimpleData name="GNIS_NAME"></SimpleData>
					<SimpleData name="LENGTHKM">4.684</SimpleData>
					<SimpleData name="REACHCODE">02050101001502</SimpleData>
					<SimpleData name="FLOWDIR">With Digitized</SimpleData>
					<SimpleData name="FTYPE">StreamRiver</SimpleData>
					<SimpleData name="FCODE">46006</SimpleData>
					<SimpleData name="AreaSqKM">5.4396</SimpleData>
					<SimpleData name="TotDASqKM">5.4396</SimpleData>
					<SimpleData name="DUP_COMID">0</SimpleData>
					<SimpleData name="DUP_ArSqKM">0</SimpleData>
					<SimpleData name="DUP_Length">4.684</SimpleData>
					<SimpleData name="GIS_FID">0</SimpleData>
					<SimpleData name="rid">1542</SimpleData>
				</SchemaData>
			</ExtendedData>
			<LineString>
				<coordinates>
					-75.08196339387192,42.48029880027304,0 -75.08196352746674,42.48020726726271,0 -75.08177819381496,42.48002420048921,0 -75.08134652724607,42.47874320027955,0 -75.08116172746121,42.47778240072874,0 -75.08113132697677,42.47700446695423,0 -75.08122432675432,42.47670726765078,0 -75.08128692757535,42.47538046743956,0 -75.08150392697114,42.47462566727287,0 -75.08236979365189,42.47357366720921,0 -75.08252452662063,42.4733450677498,0 -75.08270999430491,42.47318500081685,0 -75.08320499367963,42.47220146710787,0 -75.08348339429514,42.4716984676049,0 -75.08369999378377,42.47114946727677,0 -75.08447359399291,42.4695028671566,0 -75.08469032752946,42.46881666723148,0 -75.08503079374825,42.46794746732371,0 -75.0857417941191,42.4672386676197,0 -75.08700952696013,42.46563780103465,0 -75.087071394407,42.46545486761911,0 -75.08707172714251,42.46497446703516,0 -75.08697932746091,42.46470000067644,0 -75.08688672673053,42.46465420043396,0 -75.08688699442389,42.46410520082954,0 -75.0871653272381,42.46383066702505,0 -75.08747432718629,42.46362500072506,0 -75.08827799383793,42.46291606709142,0 -75.08874159348166,42.46243586759581,0 -75.08877279348316,42.46211560100237,0 -75.08855672706608,42.46177240035371,0 -75.08796999443406,42.46129186740296,0 -75.08781552754736,42.46120026704402,0 -75.08753772699509,42.46090280049914,0 -75.08753792669711,42.46046826722578,0 -75.08759992688377,42.46026240097613,0 -75.08772359337412,42.4600794671809,0 -75.08781659332303,42.45959920090491,0 -75.08809472764578,42.45930180054302,0 -75.08871292706765,42.45879880101239,0 -75.08939259349732,42.45850166766898,0 -75.09004139439847,42.45838746709638,0 -75.0906903269394,42.45820460047969,0 -75.09399579419451,42.45813680042336,0 -75.09495372773203,42.45767960094533,0 -75.09597332692502,42.45763406737573,0 -75.09665299375472,42.45742840108745,0 -75.09739439351742,42.45733706698521,0 -75.09761079431414,42.45724560119099,0 -75.09801252733604,42.45685686716838,0 -75.09853792709056,42.4565366674795,0 -75.1004841942642,42.45596520052494,0 -75.10110212688956,42.45582806724973,0 -75.10199792776081,42.45582826736892,0 -75.10255379442813,42.45605706717291,0 -75.1037583276912,42.45720106736385,0 -75.10400532745264,42.4576356672548,0 -75.10403612730811,42.45786446715579,0 -75.10415952704921,42.45813900096963,0 -75.10419032717267,42.4585278676805,0 -75.10431379409444,42.45889400092231,0 -75.10446812700695,42.45912266707784,0 -75.10520939363992,42.45969466761142,0 -75.10585812707883,42.46008366707466,0 -75.10641399368726,42.4605412669795,0 -75.10681552773401,42.46102160086601,0 -75.10721699422876,42.46141060116698,0 -75.10749499338287,42.46159360029255,0 -75.10811279400102,42.46170806755502,0 
				</coordinates>
			</LineString>
		</Placemark>
		<Placemark>
			<styleUrl>#style0</styleUrl>
			<Style id="inline">
				<IconStyle>
					<color>ffffffff</color>
					<colorMode>normal</colorMode>
				</IconStyle>
				<LineStyle>
					<color>ffffffff</color>
					<colorMode>normal</colorMode>
				</LineStyle>
				<PolyStyle>
					<color>ffffffff</color>
					<colorMode>normal</colorMode>
				</PolyStyle>
			</Style>
			<ExtendedData>
				<SchemaData schemaUrl="#S_otego_creek_DDDSSSSDSSSDDDDDDD">
					<SimpleData name="fid">1536</SimpleData>
					<SimpleData name="cat">1536</SimpleData>
					<SimpleData name="cat_">1570</SimpleData>
					<SimpleData name="COMID">8.08636e+06</SimpleData>
					<SimpleData name="FDATE">1999/07/04</SimpleData>
					<SimpleData name="RESOLUTION">Medium</SimpleData>
					<SimpleData name="GNIS_ID"></SimpleData>
					<SimpleData name="GNIS_NAME"></SimpleData>
					<SimpleData name="LENGTHKM">1.355</SimpleData>
					<SimpleData name="REACHCODE">02050101001503</SimpleData>
					<SimpleData name="FLOWDIR">With Digitized</SimpleData>
					<SimpleData name="FTYPE">StreamRiver</SimpleData>
					<SimpleData name="FCODE">46006</SimpleData>
					<SimpleData name="AreaSqKM">1.0854</SimpleData>
					<SimpleData name="TotDASqKM">1.0854</SimpleData>
					<SimpleData name="DUP_COMID">0</SimpleData>
					<SimpleData name="DUP_ArSqKM">0</SimpleData>
					<SimpleData name="DUP_Length">1.355</SimpleData>
					<SimpleData name="GIS_FID">0</SimpleData>
					<SimpleData name="rid">1543</SimpleData>
				</SchemaData>
			</ExtendedData>
			<LineString>
				<coordinates>
					-75.08708772754547,42.48981640070642,0 -75.0879529942177,42.49022846770486,0 -75.08952892673778,42.4908694009272,0 -75.09079599388599,42.49128160095702,0 -75.09125952741691,42.4914646677541,0 -75.09184652783296,42.49185366703753,0 -75.09277359431955,42.49226566700475,0 -75.09360812698267,42.49244886695836,0 -75.09509159356249,42.49251786774992,0 -75.09790452716074,42.49235846737082,0 -75.09938812674645,42.49272480045904,0 -75.10019159368919,42.49309080093054,0 -75.10025332755669,42.49313660098868,0 -75.10068599383025,42.49327386743977,0 -75.10136599416718,42.49331986733714,0 -75.10238612684343,42.49327426713065,0 
				</coordinates>
			</LineString>
		</Placemark>
		<Placemark>
			<styleUrl>#style0</styleUrl>
			<Style id="inline">
				<IconStyle>
					<color>ffffffff</color>
					<colorMode>normal</colorMode>
				</IconStyle>
				<LineStyle>
					<color>ffffffff</color>
					<colorMode>normal</colorMode>
				</LineStyle>
				<PolyStyle>
					<color>ffffffff</color>
					<colorMode>normal</colorMode>
				</PolyStyle>
			</Style>
			<ExtendedData>
				<SchemaData schemaUrl="#S_otego_creek_DDDSSSSDSSSDDDDDDD">
					<SimpleData name="fid">1537</SimpleData>
					<SimpleData name="cat">1537</SimpleData>
					<SimpleData name="cat_">1571</SimpleData>
					<SimpleData name="COMID">8.08554e+06</SimpleData>
					<SimpleData name="FDATE">1999/09/29</SimpleData>
					<SimpleData name="RESOLUTION">Medium</SimpleData>
					<SimpleData name="GNIS_ID"></SimpleData>
					<SimpleData name="GNIS_NAME"></SimpleData>
					<SimpleData name="LENGTHKM">0.135</SimpleData>
					<SimpleData name="REACHCODE">02050101001504</SimpleData>
					<SimpleData name="FLOWDIR">With Digitized</SimpleData>
					<SimpleData name="FTYPE">StreamRiver</SimpleData>
					<SimpleData name="FCODE">46006</SimpleData>
					<SimpleData name="AreaSqKM">0.0135</SimpleData>
					<SimpleData name="TotDASqKM">5.5296</SimpleData>
					<SimpleData name="DUP_COMID">0</SimpleData>
					<SimpleData name="DUP_ArSqKM">0</SimpleData>
					<SimpleData name="DUP_Length">0.135</SimpleData>
					<SimpleData name="GIS_FID">0</SimpleData>
					<SimpleData name="rid">1544</SimpleData>
				</SchemaData>
			</ExtendedData>
			<LineString>
				<coordinates>
					-75.07294332753986,42.54834366764135,0 -75.07340759361493,42.5481152007716,0 -75.07374832708061,42.54763500091764,0 -75.07399592752138,42.547452067539,0 
				</coordinates>
			</LineString>
		</Placemark>
		<Placemark>
			<styleUrl>#style0</styleUrl>
			<Style id="inline">
				<IconStyle>
					<color>ffffffff</color>
					<colorMode>normal</colorMode>
				</IconStyle>
				<LineStyle>
					<color>ffffffff</color>
					<colorMode>normal</colorMode>
				</LineStyle>
				<PolyStyle>
					<color>ffffffff</color>
					<colorMode>normal</colorMode>
				</PolyStyle>
			</Style>
			<ExtendedData>
				<SchemaData schemaUrl="#S_otego_creek_DDDSSSSDSSSDDDDDDD">
					<SimpleData name="fid">1538</SimpleData>
					<SimpleData name="cat">1538</SimpleData>
					<SimpleData name="cat_">1572</SimpleData>
					<SimpleData name="COMID">8.08555e+06</SimpleData>
					<SimpleData name="FDATE">1999/09/29</SimpleData>
					<SimpleData name="RESOLUTION">Medium</SimpleData>
					<SimpleData name="GNIS_ID"></SimpleData>
					<SimpleData name="GNIS_NAME"></SimpleData>
					<SimpleData name="LENGTHKM">2.985</SimpleData>
					<SimpleData name="REACHCODE">02050101001505</SimpleData>
					<SimpleData name="FLOWDIR">With Digitized</SimpleData>
					<SimpleData name="FTYPE">StreamRiver</SimpleData>
					<SimpleData name="FCODE">46006</SimpleData>
					<SimpleData name="AreaSqKM">3.4362</SimpleData>
					<SimpleData name="TotDASqKM">3.4362</SimpleData>
					<SimpleData name="DUP_COMID">0</SimpleData>
					<SimpleData name="DUP_ArSqKM">0</SimpleData>
					<SimpleData name="DUP_Length">2.985</SimpleData>
					<SimpleData name="GIS_FID">0</SimpleData>
					<SimpleData name="rid">1545</SimpleData>
				</SchemaData>
			</ExtendedData>
			<LineString>
				<coordinates>
					-75.04030779378859,42.5459912670533,0 -75.04151479356445,42.54574060025926,0 -75.04250519354653,42.54537540025255,0 -75.04352679333775,42.54482706728084,0 -75.04420772736391,42.54462160050848,0 -75.04476439389477,42.54466780069912,0 -75.04658912750877,42.54505786766436,0 -75.04875472690487,42.54499080061877,0 -75.04980612682579,42.54519726766587,0 -75.05070279359329,42.54556380012965,0 -75.05088819457896,42.545838400461,0 -75.05091872765458,42.5461130010537,0 -75.05172172747459,42.54728006727841,0 -75.05237092778488,42.54771506730161,0 -75.05373159448875,42.5482192673016,0 -75.05499972714884,42.54844880091927,0 -75.05595879342741,42.54840346744862,0 -75.05803132692806,42.54865640032174,0 -75.05945432758752,42.54874866753529,0 -75.06038219357414,42.54897786692695,0 -75.0618047268397,42.54957346737128,0 -75.06338219456491,42.54996326700177,0 -75.06427939389201,42.54996360030744,0 -75.06517672749141,42.54982680031451,0 -75.06613619349297,42.54936980090679,0 -75.06678599402899,42.54927866726399,0 -75.06755952704678,42.54927900028764,0 -75.06873532763507,42.5491194670979,0 -75.0694779274575,42.54882246770455,0 -75.07096359328251,42.54804540083062,0 -75.07161339402688,42.54795426743535,0 -75.07232479446783,42.54813760064836,0 -75.07269592718463,42.54832080062307,0 -75.07294332753986,42.54834366764135,0 
				</coordinates>
			</LineString>
		</Placemark>
		<Placemark>
			<styleUrl>#style0</styleUrl>
			<Style id="inline">
				<IconStyle>
					<color>ffffffff</color>
					<colorMode>normal</colorMode>
				</IconStyle>
				<LineStyle>
					<color>ffffffff</color>
					<colorMode>normal</colorMode>
				</LineStyle>
				<PolyStyle>
					<color>ffffffff</color>
					<colorMode>normal</colorMode>
				</PolyStyle>
			</Style>
			<ExtendedData>
				<SchemaData schemaUrl="#S_otego_creek_DDDSSSSDSSSDDDDDDD">
					<SimpleData name="fid">1539</SimpleData>
					<SimpleData name="cat">1539</SimpleData>
					<SimpleData name="cat_">1573</SimpleData>
					<SimpleData name="COMID">8.08554e+06</SimpleData>
					<SimpleData name="FDATE">1999/09/29</SimpleData>
					<SimpleData name="RESOLUTION">Medium</SimpleData>
					<SimpleData name="GNIS_ID"></SimpleData>
					<SimpleData name="GNIS_NAME"></SimpleData>
					<SimpleData name="LENGTHKM">3.361</SimpleData>
					<SimpleData name="REACHCODE">02050101001506</SimpleData>
					<SimpleData name="FLOWDIR">With Digitized</SimpleData>
					<SimpleData name="FTYPE">StreamRiver</SimpleData>
					<SimpleData name="FCODE">46006</SimpleData>
					<SimpleData name="AreaSqKM">2.0799</SimpleData>
					<SimpleData name="TotDASqKM">2.0799</SimpleData>
					<SimpleData name="DUP_COMID">0</SimpleData>
					<SimpleData name="DUP_ArSqKM">0</SimpleData>
					<SimpleData name="DUP_Length">3.361</SimpleData>
					<SimpleData name="GIS_FID">0</SimpleData>
					<SimpleData name="rid">1546</SimpleData>
				</SchemaData>
			</ExtendedData>
			<LineString>
				<coordinates>
					-75.03772712675038,42.5554138004241,0 -75.03908919455696,42.55484300025932,0 -75.04004912718092,42.55431760024003,0 -75.04209192774192,42.55372426706971,0 -75.0428963933182,42.55370200080505,0 -75.04360792744045,42.55379386775445,0 -75.04617439382525,42.55493940075623,0 -75.04877279417029,42.55539866764826,0 -75.05267112673181,42.55556126719081,0 -75.0555489942638,42.55522000096398,0 -75.05749832743005,42.55517526696131,0 -75.05811739410596,42.55503846764396,0 -75.05932479416525,42.5542614671939,0 -75.06040879357253,42.55309546744407,0 -75.0610591273868,42.55254680088233,0 -75.06155439414495,42.55240980093821,0 -75.06235879409121,42.55231880082225,0 -75.06409119372303,42.55257120094821,0 -75.06563799433972,42.5526178005902,0 -75.06607132769123,42.55252646759719,0 -75.06734032684228,42.55193246701363,0 -75.06771192789026,42.55165806713265,0 -75.06826899376298,42.55145246728326,0 -75.07099199405106,42.55113360018602,0 -75.07164179407609,42.55085940020437,0 -75.07244699431243,42.55001340092259,0 -75.07281872720318,42.54937306717164,0 -75.07294332753986,42.54834366764135,0 
				</coordinates>
			</LineString>
		</Placemark>
		<Placemark>
			<styleUrl>#style0</styleUrl>
			<Style id="inline">
				<IconStyle>
					<color>ffffffff</color>
					<colorMode>normal</colorMode>
				</IconStyle>
				<LineStyle>
					<color>ffffffff</color>
					<colorMode>normal</colorMode>
				</LineStyle>
				<PolyStyle>
					<color>ffffffff</color>
					<colorMode>normal</colorMode>
				</PolyStyle>
			</Style>
			<ExtendedData>
				<SchemaData schemaUrl="#S_otego_creek_DDDSSSSDSSSDDDDDDD">
					<SimpleData name="fid">1540</SimpleData>
					<SimpleData name="cat">1540</SimpleData>
					<SimpleData name="cat_">1574</SimpleData>
					<SimpleData name="COMID">8.08552e+06</SimpleData>
					<SimpleData name="FDATE">1999/09/29</SimpleData>
					<SimpleData name="RESOLUTION">Medium</SimpleData>
					<SimpleData name="GNIS_ID"></SimpleData>
					<SimpleData name="GNIS_NAME"></SimpleData>
					<SimpleData name="LENGTHKM">2.458</SimpleData>
					<SimpleData name="REACHCODE">02050101001507</SimpleData>
					<SimpleData name="FLOWDIR">With Digitized</SimpleData>
					<SimpleData name="FTYPE">StreamRiver</SimpleData>
					<SimpleData name="FCODE">46006</SimpleData>
					<SimpleData name="AreaSqKM">2.583</SimpleData>
					<SimpleData name="TotDASqKM">2.583</SimpleData>
					<SimpleData name="DUP_COMID">0</SimpleData>
					<SimpleData name="DUP_ArSqKM">0</SimpleData>
					<SimpleData name="DUP_Length">2.458</SimpleData>
					<SimpleData name="GIS_FID">0</SimpleData>
					<SimpleData name="rid">1547</SimpleData>
				</SchemaData>
			</ExtendedData>
			<LineString>
				<coordinates>
					-75.03641392692734,42.5650202007583,0 -75.0374665944945,42.56465486710381,0 -75.03913812770672,42.56426740076292,0 -75.04204799384947,42.56344600093329,0 -75.04421512722234,42.56269266746568,0 -75.04681612755603,42.56143626701892,0 -75.04827112701641,42.56084246753205,0 -75.05015979450459,42.5598602005597,0 -75.05245072794479,42.55885506712018,0 -75.0535343935112,42.55823820038752,0 -75.05427732724203,42.55800986706411,0 -75.05526752726971,42.55796480043984,0 -75.05594812726106,42.55805666768546,0 -75.05706159397829,42.55835466703401,0 -75.05764912756642,42.55872100074549,0 -75.05792712692877,42.55913286759948,0 -75.05826659413053,42.55993366699671,0 -75.05944132667739,42.56112380048675,0 -75.06021432779707,42.56167320069947,0 -75.06138999454812,42.56187980060589,0 
				</coordinates>
			</LineString>
		</Placemark>
		<Placemark>
			<styleUrl>#style0</styleUrl>
			<Style id="inline">
				<IconStyle>
					<color>ffffffff</color>
					<colorMode>normal</colorMode>
				</IconStyle>
				<LineStyle>
					<color>ffffffff</color>
					<colorMode>normal</colorMode>
				</LineStyle>
				<PolyStyle>
					<color>ffffffff</color>
					<colorMode>normal</colorMode>
				</PolyStyle>
			</Style>
			<ExtendedData>
				<SchemaData schemaUrl="#S_otego_creek_DDDSSSSDSSSDDDDDDD">
					<SimpleData name="fid">1541</SimpleData>
					<SimpleData name="cat">1541</SimpleData>
					<SimpleData name="cat_">1575</SimpleData>
					<SimpleData name="COMID">8.0855e+06</SimpleData>
					<SimpleData name="FDATE">1999/09/29</SimpleData>
					<SimpleData name="RESOLUTION">Medium</SimpleData>
					<SimpleData name="GNIS_ID">954578</SimpleData>
					<SimpleData name="GNIS_NAME">Keyes Brook</SimpleData>
					<SimpleData name="LENGTHKM">4.838</SimpleData>
					<SimpleData name="REACHCODE">02050101001508</SimpleData>
					<SimpleData name="FLOWDIR">With Digitized</SimpleData>
					<SimpleData name="FTYPE">StreamRiver</SimpleData>
					<SimpleData name="FCODE">46006</SimpleData>
					<SimpleData name="AreaSqKM">8.6202</SimpleData>
					<SimpleData name="TotDASqKM">8.6202</SimpleData>
					<SimpleData name="DUP_COMID">0</SimpleData>
					<SimpleData name="DUP_ArSqKM">0</SimpleData>
					<SimpleData name="DUP_Length">4.838</SimpleData>
					<SimpleData name="GIS_FID">0</SimpleData>
					<SimpleData name="rid">1548</SimpleData>
				</SchemaData>
			</ExtendedData>
			<LineString>
				<coordinates>
					-75.01900279387218,42.59494826713053,0 -75.01885032685652,42.59350706718862,0 -75.01875759445679,42.59343840101163,0 -75.01875832760166,42.593026600721,0 -75.01863499351896,42.59270620010776,0 -75.0185749937903,42.5915624670688,0 -75.01869952774599,42.59117366757825,0 -75.01897872780332,42.59080800060586,0 -75.01944379416332,42.59041960029439,0 -75.01987752748855,42.59021406747726,0 -75.02077572690796,42.58998606761055,0 -75.02334539405916,42.58982826763947,0 -75.02387179414217,42.58971446749855,0 -75.02411979455682,42.58953166708595,0 -75.02470939427158,42.5887086670093,0 -75.02529792792542,42.58845760045751,0 -75.02802339345183,42.58775080036737,0 -75.02904592760731,42.58711120027425,0 -75.02957312733197,42.58647100078414,0 -75.03025499386567,42.58592260022398,0 -75.03356859394994,42.58501026728403,0 -75.0342501936629,42.58453046692706,0 -75.03490079399508,42.58421066713473,0 -75.03620139367797,42.58373140072769,0 -75.03771872689055,42.5833666003095,0 -75.03870999433879,42.58286406695661,0 -75.04001092760006,42.58238466689377,0 -75.04189952752638,42.5819970669495,0 -75.04273559340454,42.5817232003316,0 -75.04323172703067,42.58106020025608,0 -75.043232727537,42.58025960016813,0 -75.04314012752752,42.58007660099544,0 -75.04326512759931,42.57925320100601,0 -75.04363752749619,42.57854426701941,0 -75.0446289273776,42.57781300034828,0 -75.04599112739029,42.5774022004228,0 -75.0472295277916,42.57726580055184,0 -75.04787959421556,42.57703746723067,0 -75.04976899411596,42.57596360098646,0 -75.0533929941401,42.57358686697407,0 -75.05444619416359,42.57276406761918,0 -75.05537512706687,42.57237580051815,0 -75.05587072733218,42.57201006748265,0 -75.05766652780501,42.57123340062514,0 -75.05868852758471,42.57059346773539,0 -75.05936959440614,42.57041086721604,0 -75.06091692789984,42.57041166695191,0 
				</coordinates>
			</LineString>
		</Placemark>
		<Placemark>
			<styleUrl>#style0</styleUrl>
			<Style id="inline">
				<IconStyle>
					<color>ffffffff</color>
					<colorMode>normal</colorMode>
				</IconStyle>
				<LineStyle>
					<color>ffffffff</color>
					<colorMode>normal</colorMode>
				</LineStyle>
				<PolyStyle>
					<color>ffffffff</color>
					<colorMode>normal</colorMode>
				</PolyStyle>
			</Style>
			<ExtendedData>
				<SchemaData schemaUrl="#S_otego_creek_DDDSSSSDSSSDDDDDDD">
					<SimpleData name="fid">1542</SimpleData>
					<SimpleData name="cat">1542</SimpleData>
					<SimpleData name="cat_">1576</SimpleData>
					<SimpleData name="COMID">8.08542e+06</SimpleData>
					<SimpleData name="FDATE">1999/09/29</SimpleData>
					<SimpleData name="RESOLUTION">Medium</SimpleData>
					<SimpleData name="GNIS_ID"></SimpleData>
					<SimpleData name="GNIS_NAME"></SimpleData>
					<SimpleData name="LENGTHKM">3.215</SimpleData>
					<SimpleData name="REACHCODE">02050101001509</SimpleData>
					<SimpleData name="FLOWDIR">With Digitized</SimpleData>
					<SimpleData name="FTYPE">StreamRiver</SimpleData>
					<SimpleData name="FCODE">46006</SimpleData>
					<SimpleData name="AreaSqKM">4.5972</SimpleData>
					<SimpleData name="TotDASqKM">12.7467</SimpleData>
					<SimpleData name="DUP_COMID">0</SimpleData>
					<SimpleData name="DUP_ArSqKM">0</SimpleData>
					<SimpleData name="DUP_Length">3.215</SimpleData>
					<SimpleData name="GIS_FID">0</SimpleData>
					<SimpleData name="rid">1549</SimpleData>
				</SchemaData>
			</ExtendedData>
			<LineString>
				<coordinates>
					-75.03466272776458,42.62021486749055,0 -75.03543759394088,42.61989520080415,0 -75.03658479456607,42.61893540018198,0 -75.03680212690742,42.61863820047649,0 -75.03739132783245,42.61818120079131,0 -75.03816672683649,42.61738106683542,0 -75.03884939388693,42.61642086735889,0 -75.03937832740128,42.61470566690682,0 -75.03904039356276,42.61266980056588,0 -75.03913392692104,42.61216660056817,0 -75.03932019403662,42.61180066678541,0 -75.04068459388496,42.61052080022272,0 -75.04208079380635,42.60850880050548,0 -75.04428172741066,42.60686326697949,0 -75.04474679380245,42.60636040061478,0 -75.0450263270061,42.60569720002969,0 -75.04527439442654,42.60542286724296,0 -75.0461419269067,42.60505746742567,0 -75.04731972747568,42.60421200064473,0 -75.04812592696345,42.60320600064351,0 -75.04930352692054,42.60238326677551,0 -75.0497997941964,42.6016972675397,0 -75.05007872715976,42.60149166726001,0 -75.0506361933584,42.60128620081684,0 -75.0516277937334,42.60073786677974,0 -75.05333152754538,42.60014420057027,0 -75.05553032772021,42.59966520028767,0 -75.05608759432053,42.59971120049224,0 -75.05667572749186,42.59991746716246,0 -75.05710919409925,42.59994060045042,0 -75.05754272715023,42.59984926683016,0 
				</coordinates>
			</LineString>
		</Placemark>
		<Placemark>
			<styleUrl>#style0</styleUrl>
			<Style id="inline">
				<IconStyle>
					<color>ffffffff</color>
					<colorMode>normal</colorMode>
				</IconStyle>
				<LineStyle>
					<color>ffffffff</color>
					<colorMode>normal</colorMode>
				</LineStyle>
				<PolyStyle>
					<color>ffffffff</color>
					<colorMode>normal</colorMode>
				</PolyStyle>
			</Style>
			<ExtendedData>
				<SchemaData schemaUrl="#S_otego_creek_DDDSSSSDSSSDDDDDDD">
					<SimpleData name="fid">1543</SimpleData>
					<SimpleData name="cat">1543</SimpleData>
					<SimpleData name="cat_">1577</SimpleData>
					<SimpleData name="COMID">8.08538e+06</SimpleData>
					<SimpleData name="FDATE">1999/09/29</SimpleData>
					<SimpleData name="RESOLUTION">Medium</SimpleData>
					<SimpleData name="GNIS_ID"></SimpleData>
					<SimpleData name="GNIS_NAME"></SimpleData>
					<SimpleData name="LENGTHKM">1.93</SimpleData>
					<SimpleData name="REACHCODE">02050101001510</SimpleData>
					<SimpleData name="FLOWDIR">With Digitized</SimpleData>
					<SimpleData name="FTYPE">StreamRiver</SimpleData>
					<SimpleData name="FCODE">46006</SimpleData>
					<SimpleData name="AreaSqKM">4.3434</SimpleData>
					<SimpleData name="TotDASqKM">4.3434</SimpleData>
					<SimpleData name="DUP_COMID">0</SimpleData>
					<SimpleData name="DUP_ArSqKM">0</SimpleData>
					<SimpleData name="DUP_Length">1.93</SimpleData>
					<SimpleData name="GIS_FID">0</SimpleData>
					<SimpleData name="rid">1550</SimpleData>
				</SchemaData>
			</ExtendedData>
			<LineString>
				<coordinates>
					-75.02395459407964,42.63420520025847,0 -75.02395572754084,42.6335190003017,0 -75.02420479417047,42.63274146732186,0 -75.02476419335481,42.63157540078053,0 -75.02485992771797,42.62985986677991,0 -75.02526572720569,42.6279158675988,0 -75.0260109272031,42.62679566742902,0 -75.02694312681302,42.62508086704453,0 -75.02731559348067,42.62453220071152,0 -75.02775059340514,42.62366340044336,0 -75.02821592758913,42.62316046692325,0 -75.02896012779435,42.62268080051325,0 -75.03109879383794,42.62165320027331,0 -75.03305172752076,42.62053400100233,0 -75.03426012713088,42.62023740033299,0 -75.03466272776458,42.62021486749055,0 
				</coordinates>
			</LineString>
		</Placemark>
		<Placemark>
			<styleUrl>#style0</styleUrl>
			<Style id="inline">
				<IconStyle>
					<color>ffffffff</color>
					<colorMode>normal</colorMode>
				</IconStyle>
				<LineStyle>
					<color>ffffffff</color>
					<colorMode>normal</colorMode>
				</LineStyle>
				<PolyStyle>
					<color>ffffffff</color>
					<colorMode>normal</colorMode>
				</PolyStyle>
			</Style>
			<ExtendedData>
				<SchemaData schemaUrl="#S_otego_creek_DDDSSSSDSSSDDDDDDD">
					<SimpleData name="fid">1544</SimpleData>
					<SimpleData name="cat">1544</SimpleData>
					<SimpleData name="cat_">1578</SimpleData>
					<SimpleData name="COMID">8.08539e+06</SimpleData>
					<SimpleData name="FDATE">1999/09/29</SimpleData>
					<SimpleData name="RESOLUTION">Medium</SimpleData>
					<SimpleData name="GNIS_ID"></SimpleData>
					<SimpleData name="GNIS_NAME"></SimpleData>
					<SimpleData name="LENGTHKM">3.554</SimpleData>
					<SimpleData name="REACHCODE">02050101001511</SimpleData>
					<SimpleData name="FLOWDIR">With Digitized</SimpleData>
					<SimpleData name="FTYPE">StreamRiver</SimpleData>
					<SimpleData name="FCODE">46006</SimpleData>
					<SimpleData name="AreaSqKM">3.8061</SimpleData>
					<SimpleData name="TotDASqKM">3.8061</SimpleData>
					<SimpleData name="DUP_COMID">0</SimpleData>
					<SimpleData name="DUP_ArSqKM">0</SimpleData>
					<SimpleData name="DUP_Length">3.554</SimpleData>
					<SimpleData name="GIS_FID">0</SimpleData>
					<SimpleData name="rid">1551</SimpleData>
				</SchemaData>
			</ExtendedData>
			<LineString>
				<coordinates>
					-75.0247369937242,42.64852506667524,0 -75.02439692783808,42.64806740053865,0 -75.02433599437953,42.64742686730727,0 -75.02455312795047,42.64728986701353,0 -75.02470839370164,42.64703826700178,0 -75.02495912681638,42.64530006723222,0 -75.02592159446958,42.64404286694391,0 -75.02657292718058,42.64365460070431,0 -75.0277819935411,42.64322080003348,0 -75.0284331939561,42.64283246684352,0 -75.02914699383797,42.64205540030436,0 -75.02964412778313,42.64111800080058,0 -75.03026512748441,42.6403636008221,0 -75.0306377935302,42.6397464002395,0 -75.03067039423341,42.6386940672157,0 -75.03110619410987,42.63727626740502,0 -75.03178892800693,42.6365678669227,0 -75.03265812700627,42.63531040023237,0 -75.03349579407855,42.63455606707859,0 -75.03374419349055,42.63407606713544,0 -75.03467472792465,42.63329900028693,0 -75.03483052697551,42.63272720050585,0 -75.03489412749562,42.63151500078001,0 -75.03511232678372,42.63060026727582,0 -75.0355473942099,42.62973140027216,0 -75.03557892704653,42.62934246677671,0 -75.0354553275961,42.62906786687769,0 -75.03446539403492,42.62819786683369,0 -75.03406372774123,42.62748846692555,0 -75.0341265943871,42.62691666741865,0 -75.03400339355083,42.62641326686425,0 -75.03391052777152,42.62634460074126,0 -75.03388092689241,42.6254296668353,0 -75.03403632733821,42.62508666686148,0 -75.03419139343727,42.62490366697244,0 -75.0349353935063,42.62444680084086,0 -75.03521459347178,42.62414966700433,0 -75.03521519416117,42.62376086734542,0 -75.03502979406939,42.62346340013988,0 -75.03469052702842,42.62252520062076,0 -75.03466272776458,42.62021486749055,0 
				</coordinates>
			</LineString>
		</Placemark>
		<Placemark>
			<styleUrl>#style0</styleUrl>
			<Style id="inline">
				<IconStyle>
					<color>ffffffff</color>
					<colorMode>normal</colorMode>
				</IconStyle>
				<LineStyle>
					<color>ffffffff</color>
					<colorMode>normal</colorMode>
				</LineStyle>
				<PolyStyle>
					<color>ffffffff</color>
					<colorMode>normal</colorMode>
				</PolyStyle>
			</Style>
			<ExtendedData>
				<SchemaData schemaUrl="#S_otego_creek_DDDSSSSDSSSDDDDDDD">
					<SimpleData name="fid">1545</SimpleData>
					<SimpleData name="cat">1545</SimpleData>
					<SimpleData name="cat_">1579</SimpleData>
					<SimpleData name="COMID">8.08532e+06</SimpleData>
					<SimpleData name="FDATE">1999/09/29</SimpleData>
					<SimpleData name="RESOLUTION">Medium</SimpleData>
					<SimpleData name="GNIS_ID"></SimpleData>
					<SimpleData name="GNIS_NAME"></SimpleData>
					<SimpleData name="LENGTHKM">1.583</SimpleData>
					<SimpleData name="REACHCODE">02050101001512</SimpleData>
					<SimpleData name="FLOWDIR">With Digitized</SimpleData>
					<SimpleData name="FTYPE">StreamRiver</SimpleData>
					<SimpleData name="FCODE">46006</SimpleData>
					<SimpleData name="AreaSqKM">1.701</SimpleData>
					<SimpleData name="TotDASqKM">1.701</SimpleData>
					<SimpleData name="DUP_COMID">0</SimpleData>
					<SimpleData name="DUP_ArSqKM">0</SimpleData>
					<SimpleData name="DUP_Length">1.583</SimpleData>
					<SimpleData name="GIS_FID">0</SimpleData>
					<SimpleData name="rid">1552</SimpleData>
				</SchemaData>
			</ExtendedData>
			<LineString>
				<coordinates>
					-75.03994179430342,42.65555966720065,0 -75.04118139423755,42.65565206704358,0 -75.04353659337765,42.65560800033582,0 -75.04462152752865,42.65547146761493,0 -75.04648192746629,42.65464926719459,0 -75.04719552725419,42.65396346752525,0 -75.04763092735435,42.65268286715063,0 -75.04815912669577,42.65160820053362,0 -75.04915179434288,42.65067100025595,0 -75.05005092703733,42.65028266690923,0 -75.05175639337332,42.64930006702577,0 -75.05290339367406,42.64888906664409,0 -75.05467019391955,42.64845546669166,0 
				</coordinates>
			</LineString>
		</Placemark>
		<Placemark>
			<styleUrl>#style0</styleUrl>
			<Style id="inline">
				<IconStyle>
					<color>ffffffff</color>
					<colorMode>normal</colorMode>
				</IconStyle>
				<LineStyle>
					<color>ffffffff</color>
					<colorMode>normal</colorMode>
				</LineStyle>
				<PolyStyle>
					<color>ffffffff</color>
					<colorMode>normal</colorMode>
				</PolyStyle>
			</Style>
			<ExtendedData>
				<SchemaData schemaUrl="#S_otego_creek_DDDSSSSDSSSDDDDDDD">
					<SimpleData name="fid">1546</SimpleData>
					<SimpleData name="cat">1546</SimpleData>
					<SimpleData name="cat_">1580</SimpleData>
					<SimpleData name="COMID">8.08529e+06</SimpleData>
					<SimpleData name="FDATE">1999/09/29</SimpleData>
					<SimpleData name="RESOLUTION">Medium</SimpleData>
					<SimpleData name="GNIS_ID"></SimpleData>
					<SimpleData name="GNIS_NAME"></SimpleData>
					<SimpleData name="LENGTHKM">2.343</SimpleData>
					<SimpleData name="REACHCODE">02050101001513</SimpleData>
					<SimpleData name="FLOWDIR">With Digitized</SimpleData>
					<SimpleData name="FTYPE">StreamRiver</SimpleData>
					<SimpleData name="FCODE">46006</SimpleData>
					<SimpleData name="AreaSqKM">3.2652</SimpleData>
					<SimpleData name="TotDASqKM">3.2652</SimpleData>
					<SimpleData name="DUP_COMID">0</SimpleData>
					<SimpleData name="DUP_ArSqKM">0</SimpleData>
					<SimpleData name="DUP_Length">2.343</SimpleData>
					<SimpleData name="GIS_FID">0</SimpleData>
					<SimpleData name="rid">1553</SimpleData>
				</SchemaData>
			</ExtendedData>
			<LineString>
				<coordinates>
					-75.02191539444392,42.66828600075651,0 -75.02228552728489,42.66945286663854,0 -75.02262532704158,42.67023086676527,0 -75.0228717275088,42.6711232668933,0 -75.02330519401686,42.67144386684633,0 -75.02488539415326,42.67183406754508,0 -75.02578459445552,42.67174340093386,0 -75.02808012795391,42.67064726701447,0 -75.02938259367663,42.6701910006979,0 -75.03096379399042,42.67005500033206,0 -75.03254439382926,42.67021640038438,0 -75.034249127916,42.67028626678808,0 -75.03725519403125,42.67079186707535,0 -75.03778212726247,42.67074646675057,0 -75.03830952726764,42.67049520063098,0 -75.03939419377876,42.67056466721259,0 -75.03995239382473,42.67047360070486,0 -75.04125512701964,42.66987980058338,0 -75.04193732752427,42.66976586746205,0 -75.04528499462121,42.66972260025567,0 -75.04621472670242,42.66995186713591,0 
				</coordinates>
			</LineString>
		</Placemark>
		<Placemark>
			<styleUrl>#style0</styleUrl>
			<Style id="inline">
				<IconStyle>
					<color>ffffffff</color>
					<colorMode>normal</colorMode>
				</IconStyle>
				<LineStyle>
					<color>ffffffff</color>
					<colorMode>normal</colorMode>
				</LineStyle>
				<PolyStyle>
					<color>ffffffff</color>
					<colorMode>normal</colorMode>
				</PolyStyle>
			</Style>
			<ExtendedData>
				<SchemaData schemaUrl="#S_otego_creek_DDDSSSSDSSSDDDDDDD">
					<SimpleData name="fid">1547</SimpleData>
					<SimpleData name="cat">1547</SimpleData>
					<SimpleData name="cat_">1581</SimpleData>
					<SimpleData name="COMID">8.08526e+06</SimpleData>
					<SimpleData name="FDATE">1999/09/29</SimpleData>
					<SimpleData name="RESOLUTION">Medium</SimpleData>
					<SimpleData name="GNIS_ID"></SimpleData>
					<SimpleData name="GNIS_NAME"></SimpleData>
					<SimpleData name="LENGTHKM">2.188</SimpleData>
					<SimpleData name="REACHCODE">02050101001514</SimpleData>
					<SimpleData name="FLOWDIR">With Digitized</SimpleData>
					<SimpleData name="FTYPE">StreamRiver</SimpleData>
					<SimpleData name="FCODE">46006</SimpleData>
					<SimpleData name="AreaSqKM">1.6281</SimpleData>
					<SimpleData name="TotDASqKM">1.6281</SimpleData>
					<SimpleData name="DUP_COMID">0</SimpleData>
					<SimpleData name="DUP_ArSqKM">0</SimpleData>
					<SimpleData name="DUP_Length">2.188</SimpleData>
					<SimpleData name="GIS_FID">0</SimpleData>
					<SimpleData name="rid">1554</SimpleData>
				</SchemaData>
			</ExtendedData>
			<LineString>
				<coordinates>
					-75.03474739378825,42.69014140052319,0 -75.03530559381275,42.69007326741955,0 -75.03648432705147,42.68979966677956,0 -75.0374769934226,42.68938866700883,0 -75.03775639341258,42.68918300052574,0 -75.03927792689051,42.68756006706488,0 -75.04027119410513,42.68680600040149,0 -75.04061292756798,42.68630300076482,0 -75.04092459395753,42.68509086730882,0 -75.04129739449027,42.68451926719734,0 -75.04201139381723,42.68381066687352,0 -75.04269412753044,42.68335380073576,0 -75.0433459942539,42.68278240064851,0 -75.04443172677747,42.68237140027861,0 -75.04468012762609,42.68207420054998,0 -75.04502199362,42.68131960021153,0 -75.04514739383121,42.68031320068606,0 -75.0450551939519,42.67962686674338,0 -75.04527279347484,42.67921526720372,0 -75.04536652715088,42.67868926678715,0 -75.04586479418826,42.67690540080877,0 -75.0459587938453,42.67608200065587,0 -75.04648692679078,42.67525886726558,0 -75.04664312760212,42.67420680058093,0 -75.04673619424678,42.67416106747235,0 
				</coordinates>
			</LineString>
		</Placemark>
		<Placemark>
			<styleUrl>#style0</styleUrl>
			<Style id="inline">
				<IconStyle>
					<color>ffffffff</color>
					<colorMode>normal</colorMode>
				</IconStyle>
				<LineStyle>
					<color>ffffffff</color>
					<colorMode>normal</colorMode>
				</LineStyle>
				<PolyStyle>
					<color>ffffffff</color>
					<colorMode>normal</colorMode>
				</PolyStyle>
			</Style>
			<ExtendedData>
				<SchemaData schemaUrl="#S_otego_creek_DDDSSSSDSSSDDDDDDD">
					<SimpleData name="fid">1548</SimpleData>
					<SimpleData name="cat">1548</SimpleData>
					<SimpleData name="cat_">1582</SimpleData>
					<SimpleData name="COMID">8.08521e+06</SimpleData>
					<SimpleData name="FDATE">1999/09/29</SimpleData>
					<SimpleData name="RESOLUTION">Medium</SimpleData>
					<SimpleData name="GNIS_ID">959535</SimpleData>
					<SimpleData name="GNIS_NAME">Otego Creek</SimpleData>
					<SimpleData name="LENGTHKM">2.116</SimpleData>
					<SimpleData name="REACHCODE">02050101001515</SimpleData>
					<SimpleData name="FLOWDIR">With Digitized</SimpleData>
					<SimpleData name="FTYPE">StreamRiver</SimpleData>
					<SimpleData name="FCODE">46006</SimpleData>
					<SimpleData name="AreaSqKM">2.8773</SimpleData>
					<SimpleData name="TotDASqKM">2.8773</SimpleData>
					<SimpleData name="DUP_COMID">0</SimpleData>
					<SimpleData name="DUP_ArSqKM">0</SimpleData>
					<SimpleData name="DUP_Length">2.116</SimpleData>
					<SimpleData name="GIS_FID">0</SimpleData>
					<SimpleData name="rid">1555</SimpleData>
				</SchemaData>
			</ExtendedData>
			<LineString>
				<coordinates>
					-75.02841499442624,42.71454286667051,0 -75.02916019370852,42.71406320036368,0 -75.03061932711246,42.71330960006124,0 -75.03139592690152,42.71257820058721,0 -75.03273072724673,42.7118016005937,0 -75.03363092775724,42.71141346723113,0 -75.03564872759779,42.71015686688303,0 -75.03664239351608,42.70940280003019,0 -75.03704672677533,42.70857966702691,0 -75.03735739381221,42.70821400046168,0 -75.03859892720851,42.70759720051157,0 -75.03937559376133,42.70672860060141,0 -75.0397797275412,42.70608840019312,0 -75.04009092700254,42.70528800048181,0 -75.04046379356723,42.70471640015155,0 -75.04111612769982,42.70407640063593,0 -75.04201592775505,42.70375686725093,0 -75.04465372722319,42.70250066663336,0 -75.04555392774752,42.70181506746965,0 -75.04605072695809,42.70131220077688,0 
				</coordinates>
			</LineString>
		</Placemark>
		<Placemark>
			<styleUrl>#style0</styleUrl>
			<Style id="inline">
				<IconStyle>
					<color>ffffffff</color>
					<colorMode>normal</colorMode>
				</IconStyle>
				<LineStyle>
					<color>ffffffff</color>
					<colorMode>normal</colorMode>
				</LineStyle>
				<PolyStyle>
					<color>ffffffff</color>
					<colorMode>normal</colorMode>
				</PolyStyle>
			</Style>
			<ExtendedData>
				<SchemaData schemaUrl="#S_otego_creek_DDDSSSSDSSSDDDDDDD">
					<SimpleData name="fid">1549</SimpleData>
					<SimpleData name="cat">1549</SimpleData>
					<SimpleData name="cat_">1583</SimpleData>
					<SimpleData name="COMID">8.08517e+06</SimpleData>
					<SimpleData name="FDATE">1999/09/29</SimpleData>
					<SimpleData name="RESOLUTION">Medium</SimpleData>
					<SimpleData name="GNIS_ID"></SimpleData>
					<SimpleData name="GNIS_NAME"></SimpleData>
					<SimpleData name="LENGTHKM">1.829</SimpleData>
					<SimpleData name="REACHCODE">02050101001516</SimpleData>
					<SimpleData name="FLOWDIR">With Digitized</SimpleData>
					<SimpleData name="FTYPE">StreamRiver</SimpleData>
					<SimpleData name="FCODE">46006</SimpleData>
					<SimpleData name="AreaSqKM">1.1934</SimpleData>
					<SimpleData name="TotDASqKM">1.1934</SimpleData>
					<SimpleData name="DUP_COMID">0</SimpleData>
					<SimpleData name="DUP_ArSqKM">0</SimpleData>
					<SimpleData name="DUP_Length">1.829</SimpleData>
					<SimpleData name="GIS_FID">0</SimpleData>
					<SimpleData name="rid">1556</SimpleData>
				</SchemaData>
			</ExtendedData>
			<LineString>
				<coordinates>
					-75.08386199424766,42.73788400060696,0 -75.08367699375505,42.73635140015653,0 -75.08308859367068,42.73461280034765,0 -75.08187932760114,42.73330860047327,0 -75.0805149938372,42.73198126710953,0 -75.07908892788902,42.73035666687412,0 -75.07840719389262,42.72914420010872,0 -75.07791159399811,42.72804606719028,0 -75.07750859333213,42.72756560016592,0 -75.07710552741466,42.7272450668115,0 -75.0760819937644,42.72692446696471,0 -75.07310379350399,42.72667160030382,0 -75.07204912744784,42.72632800042443,0 -75.0714909942686,42.72591600050857,0 
				</coordinates>
			</LineString>
		</Placemark>
		<Placemark>
			<styleUrl>#style0</styleUrl>
			<Style id="inline">
				<IconStyle>
					<color>ffffffff</color>
					<colorMode>normal</colorMode>
				</IconStyle>
				<LineStyle>
					<color>ffffffff</color>
					<colorMode>normal</colorMode>
				</LineStyle>
				<PolyStyle>
					<color>ffffffff</color>
					<colorMode>normal</colorMode>
				</PolyStyle>
			</Style>
			<ExtendedData>
				<SchemaData schemaUrl="#S_otego_creek_DDDSSSSDSSSDDDDDDD">
					<SimpleData name="fid">1550</SimpleData>
					<SimpleData name="cat">1550</SimpleData>
					<SimpleData name="cat_">1584</SimpleData>
					<SimpleData name="COMID">8.0852e+06</SimpleData>
					<SimpleData name="FDATE">1999/09/29</SimpleData>
					<SimpleData name="RESOLUTION">Medium</SimpleData>
					<SimpleData name="GNIS_ID"></SimpleData>
					<SimpleData name="GNIS_NAME"></SimpleData>
					<SimpleData name="LENGTHKM">0.434</SimpleData>
					<SimpleData name="REACHCODE">02050101001517</SimpleData>
					<SimpleData name="FLOWDIR">With Digitized</SimpleData>
					<SimpleData name="FTYPE">StreamRiver</SimpleData>
					<SimpleData name="FCODE">46006</SimpleData>
					<SimpleData name="AreaSqKM">0.1539</SimpleData>
					<SimpleData name="TotDASqKM">2.5344</SimpleData>
					<SimpleData name="DUP_COMID">0</SimpleData>
					<SimpleData name="DUP_ArSqKM">0</SimpleData>
					<SimpleData name="DUP_Length">0.434</SimpleData>
					<SimpleData name="GIS_FID">0</SimpleData>
					<SimpleData name="rid">1557</SimpleData>
				</SchemaData>
			</ExtendedData>
			<LineString>
				<coordinates>
					-75.07358539423896,42.70695446709232,0 -75.07274839379103,42.70654240060383,0 -75.07156992727877,42.70645040041369,0 -75.07067019351805,42.70674726691199,0 -75.0698637269323,42.70686126735627,0 -75.06859219412294,42.70658620018575,0 
				</coordinates>
			</LineString>
		</Placemark>
		<Placemark>
			<styleUrl>#style0</styleUrl>
			<Style id="inline">
				<IconStyle>
					<color>ffffffff</color>
					<colorMode>normal</colorMode>
				</IconStyle>
				<LineStyle>
					<color>ffffffff</color>
					<colorMode>normal</colorMode>
				</LineStyle>
				<PolyStyle>
					<color>ffffffff</color>
					<colorMode>normal</colorMode>
				</PolyStyle>
			</Style>
			<ExtendedData>
				<SchemaData schemaUrl="#S_otego_creek_DDDSSSSDSSSDDDDDDD">
					<SimpleData name="fid">1551</SimpleData>
					<SimpleData name="cat">1551</SimpleData>
					<SimpleData name="cat_">1585</SimpleData>
					<SimpleData name="COMID">8.0852e+06</SimpleData>
					<SimpleData name="FDATE">1999/09/29</SimpleData>
					<SimpleData name="RESOLUTION">Medium</SimpleData>
					<SimpleData name="GNIS_ID"></SimpleData>
					<SimpleData name="GNIS_NAME"></SimpleData>
					<SimpleData name="LENGTHKM">1.86</SimpleData>
					<SimpleData name="REACHCODE">02050101001518</SimpleData>
					<SimpleData name="FLOWDIR">With Digitized</SimpleData>
					<SimpleData name="FTYPE">StreamRiver</SimpleData>
					<SimpleData name="FCODE">46006</SimpleData>
					<SimpleData name="AreaSqKM">1.1646</SimpleData>
					<SimpleData name="TotDASqKM">1.1646</SimpleData>
					<SimpleData name="DUP_COMID">0</SimpleData>
					<SimpleData name="DUP_ArSqKM">0</SimpleData>
					<SimpleData name="DUP_Length">1.86</SimpleData>
					<SimpleData name="GIS_FID">0</SimpleData>
					<SimpleData name="rid">1558</SimpleData>
				</SchemaData>
			</ExtendedData>
			<LineString>
				<coordinates>
					-75.08995599386103,42.71691060055966,0 -75.08914979380607,42.71631560070204,0 -75.08914999356145,42.71622406724271,0 -75.08877792733338,42.71583520037656,0 -75.08868499427639,42.71565206693814,0 -75.0872899270137,42.71430220006023,0 -75.08660812746082,42.71334120036644,0 -75.08632952765923,42.71244906713524,0 -75.08601952734608,42.71219726731501,0 -75.08332192766133,42.71057240026721,0 -75.08077999367815,42.70851280018017,0 -75.07963292673873,42.70775746697363,0 -75.07879579419146,42.7074370000589,0 -75.07659379407944,42.70709300079379,0 -75.07603559361165,42.70706986670247,0 -75.07550832714981,42.70718386663005,0 -75.07470192729875,42.70718380079739,0 -75.07405072678942,42.70700046670872,0 -75.07358539423896,42.70695446709232,0 
				</coordinates>
			</LineString>
		</Placemark>
		<Placemark>
			<styleUrl>#style0</styleUrl>
			<Style id="inline">
				<IconStyle>
					<color>ffffffff</color>
					<colorMode>normal</colorMode>
				</IconStyle>
				<LineStyle>
					<color>ffffffff</color>
					<colorMode>normal</colorMode>
				</LineStyle>
				<PolyStyle>
					<color>ffffffff</color>
					<colorMode>normal</colorMode>
				</PolyStyle>
			</Style>
			<ExtendedData>
				<SchemaData schemaUrl="#S_otego_creek_DDDSSSSDSSSDDDDDDD">
					<SimpleData name="fid">1552</SimpleData>
					<SimpleData name="cat">1552</SimpleData>
					<SimpleData name="cat_">1586</SimpleData>
					<SimpleData name="COMID">8.08519e+06</SimpleData>
					<SimpleData name="FDATE">1999/09/29</SimpleData>
					<SimpleData name="RESOLUTION">Medium</SimpleData>
					<SimpleData name="GNIS_ID"></SimpleData>
					<SimpleData name="GNIS_NAME"></SimpleData>
					<SimpleData name="LENGTHKM">1.732</SimpleData>
					<SimpleData name="REACHCODE">02050101001519</SimpleData>
					<SimpleData name="FLOWDIR">With Digitized</SimpleData>
					<SimpleData name="FTYPE">StreamRiver</SimpleData>
					<SimpleData name="FCODE">46006</SimpleData>
					<SimpleData name="AreaSqKM">1.2159</SimpleData>
					<SimpleData name="TotDASqKM">1.2159</SimpleData>
					<SimpleData name="DUP_COMID">0</SimpleData>
					<SimpleData name="DUP_ArSqKM">0</SimpleData>
					<SimpleData name="DUP_Length">1.732</SimpleData>
					<SimpleData name="GIS_FID">0</SimpleData>
					<SimpleData name="rid">1559</SimpleData>
				</SchemaData>
			</ExtendedData>
			<LineString>
				<coordinates>
					-75.08564312656793,42.71851040052017,0 -75.085581194013,42.71828166660144,0 -75.08517839350262,42.71770966657618,0 -75.08406232696558,42.71649700053152,0 -75.083163193625,42.71576466677659,0 -75.08186119427577,42.71489500001691,0 -75.08012479366541,42.71397940039655,0 -75.07789192746266,42.7132922668331,0 -75.07677559452789,42.71281160031843,0 -75.07488459441862,42.71132386708126,0 -75.07469892682589,42.71091206675227,0 -75.07457559397304,42.70985980075285,0 -75.07466899337328,42.70949386678561,0 -75.07386319434519,42.70862446683817,0 -75.07358539423896,42.70695446709232,0 
				</coordinates>
			</LineString>
		</Placemark>
		<Placemark>
			<styleUrl>#style0</styleUrl>
			<Style id="inline">
				<IconStyle>
					<color>ffffffff</color>
					<colorMode>normal</colorMode>
				</IconStyle>
				<LineStyle>
					<color>ffffffff</color>
					<colorMode>normal</colorMode>
				</LineStyle>
				<PolyStyle>
					<color>ffffffff</color>
					<colorMode>normal</colorMode>
				</PolyStyle>
			</Style>
			<ExtendedData>
				<SchemaData schemaUrl="#S_otego_creek_DDDSSSSDSSSDDDDDDD">
					<SimpleData name="fid">1553</SimpleData>
					<SimpleData name="cat">1553</SimpleData>
					<SimpleData name="cat_">1587</SimpleData>
					<SimpleData name="COMID">8.0853e+06</SimpleData>
					<SimpleData name="FDATE">1999/09/29</SimpleData>
					<SimpleData name="RESOLUTION">Medium</SimpleData>
					<SimpleData name="GNIS_ID"></SimpleData>
					<SimpleData name="GNIS_NAME"></SimpleData>
					<SimpleData name="LENGTHKM">2.46</SimpleData>
					<SimpleData name="REACHCODE">02050101001520</SimpleData>
					<SimpleData name="FLOWDIR">With Digitized</SimpleData>
					<SimpleData name="FTYPE">StreamRiver</SimpleData>
					<SimpleData name="FCODE">46006</SimpleData>
					<SimpleData name="AreaSqKM">1.2852</SimpleData>
					<SimpleData name="TotDASqKM">2.1015</SimpleData>
					<SimpleData name="DUP_COMID">0</SimpleData>
					<SimpleData name="DUP_ArSqKM">0</SimpleData>
					<SimpleData name="DUP_Length">2.471</SimpleData>
					<SimpleData name="GIS_FID">0</SimpleData>
					<SimpleData name="rid">1560</SimpleData>
				</SchemaData>
			</ExtendedData>
			<LineString>
				<coordinates>
					-75.0268875267012,42.66030720058563,0 -75.02713519424665,42.66051326671995,0 -75.02837419442903,42.66094886673616,0 -75.0292111276179,42.66088100032099,0 -75.02995452718824,42.6610874671577,0 -75.03054332726002,42.66115660084304,0 -75.03156632711642,42.66106600013326,0 -75.03265152780411,42.66067800064688,0 -75.03389159419986,42.6604272669825,0 -75.03553492739864,42.65994820055757,0 -75.03618572691281,42.65994860061043,0 -75.03727012706024,42.66022400055333,0 -75.03804439369401,42.66056766746625,0 -75.03897312736176,42.66127746667762,0 -75.03931312736913,42.66205546693995,0 -75.04098412687543,42.66400100049941,0 -75.04212979391639,42.66487100056012,0 -75.04228439451347,42.66509980050775,0 -75.04222199356506,42.66539720061113,0 -75.04169439435069,42.6659000004421,0 -75.04153899353275,42.66626586695295,0 -75.04153852735217,42.66663186717424,0 -75.04184812725211,42.66686086664247,0 -75.04355212734815,42.66750260086611,0 -75.04538012707756,42.66803000015551,0 -75.04593812788055,42.66803026695541,0 -75.04730239420671,42.66768820045253,0 -75.04860412747665,42.66773466720342,0 -75.04938913113673,42.66776646808515,0 
				</coordinates>
			</LineString>
		</Placemark>
		<Placemark>
			<styleUrl>#style0</styleUrl>
			<Style id="inline">
				<IconStyle>
					<color>ffffffff</color>
					<colorMode>normal</colorMode>
				</IconStyle>
				<LineStyle>
					<color>ffffffff</color>
					<colorMode>normal</colorMode>
				</LineStyle>
				<PolyStyle>
					<color>ffffffff</color>
					<colorMode>normal</colorMode>
				</PolyStyle>
			</Style>
			<ExtendedData>
				<SchemaData schemaUrl="#S_otego_creek_DDDSSSSDSSSDDDDDDD">
					<SimpleData name="fid">1554</SimpleData>
					<SimpleData name="cat">1554</SimpleData>
					<SimpleData name="cat_">1588</SimpleData>
					<SimpleData name="COMID">8.08588e+06</SimpleData>
					<SimpleData name="FDATE">2008/07/22</SimpleData>
					<SimpleData name="RESOLUTION">Medium</SimpleData>
					<SimpleData name="GNIS_ID"></SimpleData>
					<SimpleData name="GNIS_NAME"></SimpleData>
					<SimpleData name="LENGTHKM">0.435</SimpleData>
					<SimpleData name="REACHCODE">02050101001521</SimpleData>
					<SimpleData name="FLOWDIR">With Digitized</SimpleData>
					<SimpleData name="FTYPE">ArtificialPath</SimpleData>
					<SimpleData name="FCODE">55800</SimpleData>
					<SimpleData name="AreaSqKM">0.8163</SimpleData>
					<SimpleData name="TotDASqKM">0.8163</SimpleData>
					<SimpleData name="DUP_COMID">0</SimpleData>
					<SimpleData name="DUP_ArSqKM">0</SimpleData>
					<SimpleData name="DUP_Length">0.435</SimpleData>
					<SimpleData name="GIS_FID">0</SimpleData>
					<SimpleData name="rid">1561</SimpleData>
				</SchemaData>
			</ExtendedData>
			<LineString>
				<coordinates>
					-75.02183792672848,42.65904480059393,0 -75.0268875267012,42.66030720058563,0 
				</coordinates>
			</LineString>
		</Placemark>
		<Placemark>
			<styleUrl>#style0</styleUrl>
			<Style id="inline">
				<IconStyle>
					<color>ffffffff</color>
					<colorMode>normal</colorMode>
				</IconStyle>
				<LineStyle>
					<color>ffffffff</color>
					<colorMode>normal</colorMode>
				</LineStyle>
				<PolyStyle>
					<color>ffffffff</color>
					<colorMode>normal</colorMode>
				</PolyStyle>
			</Style>
			<ExtendedData>
				<SchemaData schemaUrl="#S_otego_creek_DDDSSSSDSSSDDDDDDD">
					<SimpleData name="fid">1555</SimpleData>
					<SimpleData name="cat">1555</SimpleData>
					<SimpleData name="cat_">1589</SimpleData>
					<SimpleData name="COMID">8.08529e+06</SimpleData>
					<SimpleData name="FDATE">1999/09/29</SimpleData>
					<SimpleData name="RESOLUTION">Medium</SimpleData>
					<SimpleData name="GNIS_ID"></SimpleData>
					<SimpleData name="GNIS_NAME"></SimpleData>
					<SimpleData name="LENGTHKM">3.941</SimpleData>
					<SimpleData name="REACHCODE">02050101001522</SimpleData>
					<SimpleData name="FLOWDIR">With Digitized</SimpleData>
					<SimpleData name="FTYPE">StreamRiver</SimpleData>
					<SimpleData name="FCODE">46006</SimpleData>
					<SimpleData name="AreaSqKM">2.457</SimpleData>
					<SimpleData name="TotDASqKM">2.457</SimpleData>
					<SimpleData name="DUP_COMID">0</SimpleData>
					<SimpleData name="DUP_ArSqKM">0</SimpleData>
					<SimpleData name="DUP_Length">3.941</SimpleData>
					<SimpleData name="GIS_FID">0</SimpleData>
					<SimpleData name="rid">1562</SimpleData>
				</SchemaData>
			</ExtendedData>
			<LineString>
				<coordinates>
					-75.07496019397577,42.69451160074161,0 -75.07437139349645,42.69405386660849,0 -75.07294519447977,42.69377880011108,0 -75.07251132747494,42.69345826748332,0 -75.07176779406281,42.692543000242,0 -75.07077639334716,42.69162760071482,0 -75.06984739378173,42.69018606745949,0 -75.06894899402548,42.6894308672375,0 -75.06733712720764,42.68894966672138,0 -75.06615952772287,42.68826286715728,0 -75.06600472712243,42.6879426001443,0 -75.06575692676543,42.68771366735341,0 -75.06538572743197,42.68682146706076,0 -75.06451879449685,42.685540000416,0 -75.06451892691518,42.68537986708257,0 -75.06365192757018,42.68421300025896,0 -75.06318759440994,42.68345786745664,0 -75.06278592771952,42.68213086735435,0 -75.0617645267516,42.68036906729571,0 -75.06018499407794,42.67883559999437,0 -75.05975159373,42.67826360073134,0 -75.05972152752662,42.6774170674792,0 -75.05935039367986,42.67652500063213,0 -75.05928959405001,42.67535826751937,0 -75.05919692764301,42.67517526757657,0 -75.05873299347628,42.67414560036276,0 -75.05873332743174,42.67393980074493,0 -75.05845492706008,42.67336780060583,0 -75.05777379355752,42.67252106660436,0 -75.05727839326855,42.67204040069936,0 -75.05613239429951,42.67107900069775,0 -75.05576072727138,42.67091860003112,0 -75.05483099395937,42.67075800037415,0 -75.05408699344905,42.67073466717418,0 -75.05173112754781,42.67087046759685,0 -75.05114239437462,42.6705956006018,0 -75.0504919936365,42.67011486707058,0 -75.05012112775697,42.66924540052982,0 -75.04962572727567,42.66876466682597,0 -75.04940919421223,42.66842140044421,0 -75.04934759397126,42.66810120003934,0 -75.04919279424553,42.66794100038963,0 
				</coordinates>
			</LineString>
		</Placemark>
		<Placemark>
			<styleUrl>#style0</styleUrl>
			<Style id="inline">
				<IconStyle>
					<color>ffffffff</color>
					<colorMode>normal</colorMode>
				</IconStyle>
				<LineStyle>
					<color>ffffffff</color>
					<colorMode>normal</colorMode>
				</LineStyle>
				<PolyStyle>
					<color>ffffffff</color>
					<colorMode>normal</colorMode>
				</PolyStyle>
			</Style>
			<ExtendedData>
				<SchemaData schemaUrl="#S_otego_creek_DDDSSSSDSSSDDDDDDD">
					<SimpleData name="fid">1556</SimpleData>
					<SimpleData name="cat">1556</SimpleData>
					<SimpleData name="cat_">1590</SimpleData>
					<SimpleData name="COMID">8.08532e+06</SimpleData>
					<SimpleData name="FDATE">1999/09/29</SimpleData>
					<SimpleData name="RESOLUTION">Medium</SimpleData>
					<SimpleData name="GNIS_ID"></SimpleData>
					<SimpleData name="GNIS_NAME"></SimpleData>
					<SimpleData name="LENGTHKM">4.365</SimpleData>
					<SimpleData name="REACHCODE">02050101001524</SimpleData>
					<SimpleData name="FLOWDIR">With Digitized</SimpleData>
					<SimpleData name="FTYPE">StreamRiver</SimpleData>
					<SimpleData name="FCODE">46006</SimpleData>
					<SimpleData name="AreaSqKM">4.1121</SimpleData>
					<SimpleData name="TotDASqKM">4.1121</SimpleData>
					<SimpleData name="DUP_COMID">0</SimpleData>
					<SimpleData name="DUP_ArSqKM">0</SimpleData>
					<SimpleData name="DUP_Length">4.365</SimpleData>
					<SimpleData name="GIS_FID">0</SimpleData>
					<SimpleData name="rid">1563</SimpleData>
				</SchemaData>
			</ExtendedData>
			<LineString>
				<coordinates>
					-75.0744111276567,42.68339460031559,0 -75.07534192660307,42.68254860076162,0 -75.07695432684415,42.68216040077515,0 -75.07782292690226,42.68147460052056,0 -75.07816439379582,42.68097140067765,0 -75.07816532677953,42.67994206678572,0 -75.07785552675261,42.67953020006276,0 -75.07735972675144,42.67916400009129,0 -75.07574832748996,42.6783400003911,0 -75.07453972750591,42.67783620038094,0 -75.07252512741177,42.67724060012343,0 -75.07140919431698,42.67703420044201,0 -75.07103732712304,42.67682820066813,0 -75.07054219439975,42.67595866736205,0 -75.06930339388336,42.67454000033372,0 -75.06924159446289,42.67435700007265,0 -75.06781719379087,42.67266360046536,0 -75.06781739342586,42.67248060046296,0 -75.06691992709158,42.67078746700948,0 -75.06692072675308,42.66987246676327,0 -75.06704499438966,42.66959800071447,0 -75.06803772710536,42.66879786707104,0 -75.06840999380637,42.66836346732703,0 -75.06865839405249,42.66786040059748,0 -75.06868979397608,42.66744866688875,0 -75.06831832699604,42.66687666690153,0 -75.06707932701545,42.66612126715138,0 -75.06701819446025,42.66518340071758,0 -75.06751472734818,42.66452026720372,0 -75.06757732715108,42.6638798674937,0 -75.06739172776027,42.66349086697239,0 -75.06661772769145,42.66264406745816,0 -75.06606019367801,42.66220920078729,0 -75.06565752716628,42.66202606711681,0 -75.06457339438549,42.66129346764201,0 -75.0610431941612,42.65840960005496,0 -75.06064039439119,42.65820340047787,0 -75.05890552689117,42.65774500056104,0 -75.05850279427696,42.65753886713515,0 -75.05828619379201,42.65708120038805,0 -75.05757419411778,42.65644040032596,0 -75.05642899442745,42.65515866705069,0 -75.05596439349658,42.65492980059474,0 -75.055592926823,42.65460926665695,0 -75.05556212698393,42.65442626714744,0 -75.05546919381348,42.65435760037617,0 
				</coordinates>
			</LineString>
		</Placemark>
		<Placemark>
			<styleUrl>#style0</styleUrl>
			<Style id="inline">
				<IconStyle>
					<color>ffffffff</color>
					<colorMode>normal</colorMode>
				</IconStyle>
				<LineStyle>
					<color>ffffffff</color>
					<colorMode>normal</colorMode>
				</LineStyle>
				<PolyStyle>
					<color>ffffffff</color>
					<colorMode>normal</colorMode>
				</PolyStyle>
			</Style>
			<ExtendedData>
				<SchemaData schemaUrl="#S_otego_creek_DDDSSSSDSSSDDDDDDD">
					<SimpleData name="fid">1557</SimpleData>
					<SimpleData name="cat">1557</SimpleData>
					<SimpleData name="cat_">1591</SimpleData>
					<SimpleData name="COMID">8.08533e+06</SimpleData>
					<SimpleData name="FDATE">1999/09/29</SimpleData>
					<SimpleData name="RESOLUTION">Medium</SimpleData>
					<SimpleData name="GNIS_ID"></SimpleData>
					<SimpleData name="GNIS_NAME"></SimpleData>
					<SimpleData name="LENGTHKM">2.709</SimpleData>
					<SimpleData name="REACHCODE">02050101001525</SimpleData>
					<SimpleData name="FLOWDIR">With Digitized</SimpleData>
					<SimpleData name="FTYPE">StreamRiver</SimpleData>
					<SimpleData name="FCODE">46006</SimpleData>
					<SimpleData name="AreaSqKM">2.088</SimpleData>
					<SimpleData name="TotDASqKM">2.088</SimpleData>
					<SimpleData name="DUP_COMID">0</SimpleData>
					<SimpleData name="DUP_ArSqKM">0</SimpleData>
					<SimpleData name="DUP_Length">2.709</SimpleData>
					<SimpleData name="GIS_FID">0</SimpleData>
					<SimpleData name="rid">1564</SimpleData>
				</SchemaData>
			</ExtendedData>
			<LineString>
				<coordinates>
					-75.07603812751404,42.66461560021365,0 -75.07560492699048,42.66379200039206,0 -75.07498539406157,42.66331126751764,0 -75.07458279339042,42.66285366717666,0 -75.07408732658008,42.66246460060402,0 -75.0736233271213,42.66127500071583,0 -75.07260159408206,42.65999346712562,0 -75.0717341936502,42.65949000025599,0 -75.07126999458441,42.65868906693016,0 -75.07083639412087,42.65832300050954,0 -75.07012399454749,42.65797946679663,0 -75.06965939355368,42.65761326673827,0 -75.06925699408568,42.65713266756825,0 -75.06823719420157,42.65406706720997,0 -75.06737059443377,42.65276280046879,0 -75.06693719438256,42.65232806712855,0 -75.06628739442364,42.65136700066989,0 -75.06520412747273,42.64997106746075,0 -75.06412052729712,42.64905560027553,0 -75.0628505276003,42.64848300057515,0 -75.06164232707089,42.64829940082919,0 -75.05894752756562,42.64731440034585,0 -75.05798732701786,42.64703939998417,0 -75.05649999338253,42.6469470004836,0 
				</coordinates>
			</LineString>
		</Placemark>
		<Placemark>
			<styleUrl>#style0</styleUrl>
			<Style id="inline">
				<IconStyle>
					<color>ffffffff</color>
					<colorMode>normal</colorMode>
				</IconStyle>
				<LineStyle>
					<color>ffffffff</color>
					<colorMode>normal</colorMode>
				</LineStyle>
				<PolyStyle>
					<color>ffffffff</color>
					<colorMode>normal</colorMode>
				</PolyStyle>
			</Style>
			<ExtendedData>
				<SchemaData schemaUrl="#S_otego_creek_DDDSSSSDSSSDDDDDDD">
					<SimpleData name="fid">1558</SimpleData>
					<SimpleData name="cat">1558</SimpleData>
					<SimpleData name="cat_">1592</SimpleData>
					<SimpleData name="COMID">8.08525e+06</SimpleData>
					<SimpleData name="FDATE">1999/09/29</SimpleData>
					<SimpleData name="RESOLUTION">Medium</SimpleData>
					<SimpleData name="GNIS_ID"></SimpleData>
					<SimpleData name="GNIS_NAME"></SimpleData>
					<SimpleData name="LENGTHKM">3.076</SimpleData>
					<SimpleData name="REACHCODE">02050101001526</SimpleData>
					<SimpleData name="FLOWDIR">With Digitized</SimpleData>
					<SimpleData name="FTYPE">StreamRiver</SimpleData>
					<SimpleData name="FCODE">46006</SimpleData>
					<SimpleData name="AreaSqKM">3.4515</SimpleData>
					<SimpleData name="TotDASqKM">3.4515</SimpleData>
					<SimpleData name="DUP_COMID">0</SimpleData>
					<SimpleData name="DUP_ArSqKM">0</SimpleData>
					<SimpleData name="DUP_Length">3.076</SimpleData>
					<SimpleData name="GIS_FID">0</SimpleData>
					<SimpleData name="rid">1565</SimpleData>
				</SchemaData>
			</ExtendedData>
			<LineString>
				<coordinates>
					-75.08326819460645,42.69826606673072,0 -75.08416732692311,42.69863240004555,0 -75.08472519442961,42.69904440059076,0 -75.08621332676188,42.6998682671335,0 -75.08726752740758,42.70007446717698,0 -75.08767059335518,42.70034920040619,0 -75.08829052773592,42.7009670000964,0 -75.08844532665908,42.70124146699293,0 -75.08937512668999,42.70220246699103,0 -75.08968499441936,42.70270566724109,0 -75.0899329938845,42.70288880060917,0 -75.09070832705706,42.70288906664535,0 -75.09095652749447,42.70275186727669,0 -75.09157719330068,42.70183706715052,0 -75.09284919395562,42.70092246729767,0 -75.09440032698859,42.70023660044228,0 -75.09483452689088,42.69993946668104,0 -75.09505172759788,42.69957346713685,0 -75.09508299428248,42.69932186756232,0 -75.09495899370381,42.69909306746892,0 -75.09427712766006,42.69845246752152,0 -75.09378119323313,42.69783466722815,0 -75.09340952733153,42.69691960024145,0 -75.09344159349274,42.69508980063306,0 -75.09334859434919,42.69504400017255,0 -75.09331812773864,42.69399180016539,0 -75.09350432676378,42.69362586733067,0 -75.0946831271568,42.69266546664942,0 -75.09617172713619,42.6920024674874,0 -75.09704019416263,42.69152226688272,0 -75.09812639427456,42.68925800078071,0 -75.09856079404018,42.68886920040701,0 -75.09933599397465,42.6884806001293,0 -75.09995639426128,42.68802320006667,0 -75.10029759319818,42.68758860054858,0 -75.1005769275839,42.6869710675556,0 -75.10076299385221,42.68676526736675,0 
				</coordinates>
			</LineString>
		</Placemark>
		<Placemark>
			<styleUrl>#style0</styleUrl>
			<Style id="inline">
				<IconStyle>
					<color>ffffffff</color>
					<colorMode>normal</colorMode>
				</IconStyle>
				<LineStyle>
					<color>ffffffff</color>
					<colorMode>normal</colorMode>
				</LineStyle>
				<PolyStyle>
					<color>ffffffff</color>
					<colorMode>normal</colorMode>
				</PolyStyle>
			</Style>
			<ExtendedData>
				<SchemaData schemaUrl="#S_otego_creek_DDDSSSSDSSSDDDDDDD">
					<SimpleData name="fid">1559</SimpleData>
					<SimpleData name="cat">1559</SimpleData>
					<SimpleData name="cat_">1593</SimpleData>
					<SimpleData name="COMID">8.08538e+06</SimpleData>
					<SimpleData name="FDATE">1999/09/29</SimpleData>
					<SimpleData name="RESOLUTION">Medium</SimpleData>
					<SimpleData name="GNIS_ID"></SimpleData>
					<SimpleData name="GNIS_NAME"></SimpleData>
					<SimpleData name="LENGTHKM">2.189</SimpleData>
					<SimpleData name="REACHCODE">02050101001527</SimpleData>
					<SimpleData name="FLOWDIR">With Digitized</SimpleData>
					<SimpleData name="FTYPE">StreamRiver</SimpleData>
					<SimpleData name="FCODE">46006</SimpleData>
					<SimpleData name="AreaSqKM">1.6074</SimpleData>
					<SimpleData name="TotDASqKM">13.527</SimpleData>
					<SimpleData name="DUP_COMID">0</SimpleData>
					<SimpleData name="DUP_ArSqKM">0</SimpleData>
					<SimpleData name="DUP_Length">2.189</SimpleData>
					<SimpleData name="GIS_FID">0</SimpleData>
					<SimpleData name="rid">1566</SimpleData>
				</SchemaData>
			</ExtendedData>
			<LineString>
				<coordinates>
					-75.09591859392218,42.63717306675596,0 -75.09570179382993,42.63699006672974,0 -75.09536152670235,42.6360750003657,0 -75.0950209270969,42.63545726724892,0 -75.09489732729246,42.63474806691122,0 -75.09520752666299,42.6341076673305,0 -75.09508379366365,42.63362740081146,0 -75.0947741277969,42.63330706720454,0 -75.09458839401719,42.63287240040451,0 -75.09424779372091,42.63255200087485,0 -75.09400032691978,42.63211726691225,0 -75.09353579406532,42.63168260015715,0 -75.09297852673539,42.63083606740129,0 -75.09232819448212,42.63058426702286,0 -75.09152299361901,42.63012660034742,0 -75.09059439381929,42.62916566705205,0 -75.09047072778024,42.62870820043494,0 -75.09071879430812,42.62822786736207,0 -75.09074999441671,42.62788480070143,0 -75.08966599451078,42.62735826694195,0 -75.08898499359974,42.62658040058739,0 -75.08687952777134,42.62509280022681,0 -75.08638419436208,42.62472680049133,0 -75.08542419346419,42.62442906681866,0 -75.08477372704604,42.62449746723355,0 -75.08297699406772,42.62481706750843,0 -75.08266699343955,42.62509146686851,0 -75.08235712742017,42.62534300020011,0 -75.08183052741138,42.62550286702173,0 -75.08099419431349,42.62536526763652,0 
				</coordinates>
			</LineString>
		</Placemark>
		<Placemark>
			<styleUrl>#style0</styleUrl>
			<Style id="inline">
				<IconStyle>
					<color>ffffffff</color>
					<colorMode>normal</colorMode>
				</IconStyle>
				<LineStyle>
					<color>ffffffff</color>
					<colorMode>normal</colorMode>
				</LineStyle>
				<PolyStyle>
					<color>ffffffff</color>
					<colorMode>normal</colorMode>
				</PolyStyle>
			</Style>
			<ExtendedData>
				<SchemaData schemaUrl="#S_otego_creek_DDDSSSSDSSSDDDDDDD">
					<SimpleData name="fid">1560</SimpleData>
					<SimpleData name="cat">1560</SimpleData>
					<SimpleData name="cat_">1594</SimpleData>
					<SimpleData name="COMID">8.08536e+06</SimpleData>
					<SimpleData name="FDATE">1999/09/29</SimpleData>
					<SimpleData name="RESOLUTION">Medium</SimpleData>
					<SimpleData name="GNIS_ID"></SimpleData>
					<SimpleData name="GNIS_NAME"></SimpleData>
					<SimpleData name="LENGTHKM">0.249</SimpleData>
					<SimpleData name="REACHCODE">02050101001528</SimpleData>
					<SimpleData name="FLOWDIR">With Digitized</SimpleData>
					<SimpleData name="FTYPE">StreamRiver</SimpleData>
					<SimpleData name="FCODE">46006</SimpleData>
					<SimpleData name="AreaSqKM">0.0684</SimpleData>
					<SimpleData name="TotDASqKM">5.5503</SimpleData>
					<SimpleData name="DUP_COMID">0</SimpleData>
					<SimpleData name="DUP_ArSqKM">0</SimpleData>
					<SimpleData name="DUP_Length">0.249</SimpleData>
					<SimpleData name="GIS_FID">0</SimpleData>
					<SimpleData name="rid">1567</SimpleData>
				</SchemaData>
			</ExtendedData>
			<LineString>
				<coordinates>
					-75.09895459414454,42.63740240081513,0 -75.09591859392218,42.63717306675596,0 
				</coordinates>
			</LineString>
		</Placemark>
		<Placemark>
			<styleUrl>#style0</styleUrl>
			<Style id="inline">
				<IconStyle>
					<color>ffffffff</color>
					<colorMode>normal</colorMode>
				</IconStyle>
				<LineStyle>
					<color>ffffffff</color>
					<colorMode>normal</colorMode>
				</LineStyle>
				<PolyStyle>
					<color>ffffffff</color>
					<colorMode>normal</colorMode>
				</PolyStyle>
			</Style>
			<ExtendedData>
				<SchemaData schemaUrl="#S_otego_creek_DDDSSSSDSSSDDDDDDD">
					<SimpleData name="fid">1561</SimpleData>
					<SimpleData name="cat">1561</SimpleData>
					<SimpleData name="cat_">1595</SimpleData>
					<SimpleData name="COMID">8.08535e+06</SimpleData>
					<SimpleData name="FDATE">1999/09/29</SimpleData>
					<SimpleData name="RESOLUTION">Medium</SimpleData>
					<SimpleData name="GNIS_ID"></SimpleData>
					<SimpleData name="GNIS_NAME"></SimpleData>
					<SimpleData name="LENGTHKM">1.989</SimpleData>
					<SimpleData name="REACHCODE">02050101001529</SimpleData>
					<SimpleData name="FLOWDIR">With Digitized</SimpleData>
					<SimpleData name="FTYPE">StreamRiver</SimpleData>
					<SimpleData name="FCODE">46006</SimpleData>
					<SimpleData name="AreaSqKM">2.0313</SimpleData>
					<SimpleData name="TotDASqKM">2.0313</SimpleData>
					<SimpleData name="DUP_COMID">0</SimpleData>
					<SimpleData name="DUP_ArSqKM">0</SimpleData>
					<SimpleData name="DUP_Length">1.989</SimpleData>
					<SimpleData name="GIS_FID">0</SimpleData>
					<SimpleData name="rid">1568</SimpleData>
				</SchemaData>
			</ExtendedData>
			<LineString>
				<coordinates>
					-75.11106479421012,42.65188386732077,0 -75.10902019418945,42.64977906677032,0 -75.10874139361368,42.64934446722565,0 -75.10812179371545,42.64890980064656,0 -75.10799819426524,42.64776620082244,0 -75.10781239432478,42.64733160073936,0 -75.10719279409655,42.64696540047532,0 -75.10570552738027,42.64650766745272,0 -75.10499312732014,42.64579840061298,0 -75.10462152682442,42.64522660039353,0 -75.10449792783253,42.64442586688028,0 -75.10387872671738,42.64303046692281,0 -75.1035379942707,42.64273306688841,0 -75.10270152722572,42.64227546738984,0 -75.10096712685876,42.64085700056432,0 -75.10071932788001,42.64051380013792,0 -75.10037899438127,42.6393242668371,0 -75.09960459407604,42.63888940028557,0 -75.09951179339788,42.63836326734408,0 -75.09895452708453,42.63760826706287,0 -75.09895459414454,42.63740240081513,0 
				</coordinates>
			</LineString>
		</Placemark>
		<Placemark>
			<styleUrl>#style0</styleUrl>
			<Style id="inline">
				<IconStyle>
					<color>ffffffff</color>
					<colorMode>normal</colorMode>
				</IconStyle>
				<LineStyle>
					<color>ffffffff</color>
					<colorMode>normal</colorMode>
				</LineStyle>
				<PolyStyle>
					<color>ffffffff</color>
					<colorMode>normal</colorMode>
				</PolyStyle>
			</Style>
			<ExtendedData>
				<SchemaData schemaUrl="#S_otego_creek_DDDSSSSDSSSDDDDDDD">
					<SimpleData name="fid">1562</SimpleData>
					<SimpleData name="cat">1562</SimpleData>
					<SimpleData name="cat_">1596</SimpleData>
					<SimpleData name="COMID">8.08536e+06</SimpleData>
					<SimpleData name="FDATE">1999/09/29</SimpleData>
					<SimpleData name="RESOLUTION">Medium</SimpleData>
					<SimpleData name="GNIS_ID"></SimpleData>
					<SimpleData name="GNIS_NAME"></SimpleData>
					<SimpleData name="LENGTHKM">5.311</SimpleData>
					<SimpleData name="REACHCODE">02050101001530</SimpleData>
					<SimpleData name="FLOWDIR">With Digitized</SimpleData>
					<SimpleData name="FTYPE">StreamRiver</SimpleData>
					<SimpleData name="FCODE">46006</SimpleData>
					<SimpleData name="AreaSqKM">6.3693</SimpleData>
					<SimpleData name="TotDASqKM">6.3693</SimpleData>
					<SimpleData name="DUP_COMID">0</SimpleData>
					<SimpleData name="DUP_ArSqKM">0</SimpleData>
					<SimpleData name="DUP_Length">5.311</SimpleData>
					<SimpleData name="GIS_FID">0</SimpleData>
					<SimpleData name="rid">1569</SimpleData>
				</SchemaData>
			</ExtendedData>
			<LineString>
				<coordinates>
					-75.11450052736286,42.67549026745019,0 -75.11310572780818,42.67425500037729,0 -75.11236192651167,42.67320266726627,0 -75.11233099362384,42.6727908668479,0 -75.1134781939277,42.67153286675165,0 -75.11428432675579,42.67091539998414,0 -75.11571039322078,42.66931426726361,0 -75.11673339428188,42.66844526707401,0 -75.11722952703433,42.66773619997532,0 -75.11722952761627,42.66709566702593,0 -75.11707459385144,42.6667982666964,0 -75.11704372773588,42.66586040012204,0 -75.11682679412695,42.66547160076166,0 -75.11549419430625,42.66444220022948,0 -75.1150603943653,42.66400746720898,0 -75.11487452674832,42.66364160008222,0 -75.11335579419294,42.66268066751978,0 -75.11230219407392,42.66213160047231,0 -75.11202332717684,42.66190286700115,0 -75.11189939437726,42.66165120060994,0 -75.11090792697948,42.6608962002569,0 -75.11075292765182,42.6606446000938,0 -75.1101021943679,42.6600268673795,0 -75.10982339381586,42.65959226709035,0 -75.1097305271765,42.65920340081816,0 -75.10904892768716,42.65833420086399,0 -75.10815019333221,42.6579222670869,0 -75.10746859430236,42.65739606707066,0 -75.10718979392098,42.65693860026938,0 -75.10650819407829,42.6565038668462,0 -75.10585772715348,42.65593186742721,0 -75.10520692750339,42.65561146731817,0 -75.103967593283,42.65469626718277,0 -75.10378179444866,42.6543988668628,0 -75.1035961937518,42.65327820083043,0 -75.10310059345133,42.6526146673453,0 -75.1020163942496,42.65165380082735,0 -75.10121092683659,42.65128760013998,0 -75.10090112725031,42.65105880084047,0 -75.10018872702254,42.65016646699206,0 -75.0998793943331,42.64886266691128,0 -75.09919812670543,42.64758146724573,0 -75.09898139429976,42.64730706761263,0 -75.09774212716357,42.64680360083764,0 -75.0957591944113,42.64648286733488,0 -75.09498472756171,42.64625400020508,0 -75.09476792717564,42.64607086752865,0 -75.09467539399891,42.64511006746246,0 -75.09507872763061,42.64405800040911,0 -75.09588459411802,42.64339480024149,0 -75.09610152754973,42.64312040071646,0 -75.09619519341416,42.64190806749117,0 -75.095823927423,42.64097020028731,0 -75.09576239384366,42.64005520032843,0 -75.09632092708632,42.63801960085841,0 -75.09622812695517,42.63772206756533,0 -75.09598039352247,42.63742466701942,0 -75.09591859392218,42.63717306675596,0 
				</coordinates>
			</LineString>
		</Placemark>
		<Placemark>
			<styleUrl>#style0</styleUrl>
			<Style id="inline">
				<IconStyle>
					<color>ffffffff</color>
					<colorMode>normal</colorMode>
				</IconStyle>
				<LineStyle>
					<color>ffffffff</color>
					<colorMode>normal</colorMode>
				</LineStyle>
				<PolyStyle>
					<color>ffffffff</color>
					<colorMode>normal</colorMode>
				</PolyStyle>
			</Style>
			<ExtendedData>
				<SchemaData schemaUrl="#S_otego_creek_DDDSSSSDSSSDDDDDDD">
					<SimpleData name="fid">1563</SimpleData>
					<SimpleData name="cat">1563</SimpleData>
					<SimpleData name="cat_">1597</SimpleData>
					<SimpleData name="COMID">8.08536e+06</SimpleData>
					<SimpleData name="FDATE">1999/09/29</SimpleData>
					<SimpleData name="RESOLUTION">Medium</SimpleData>
					<SimpleData name="GNIS_ID"></SimpleData>
					<SimpleData name="GNIS_NAME"></SimpleData>
					<SimpleData name="LENGTHKM">3.438</SimpleData>
					<SimpleData name="REACHCODE">02050101001531</SimpleData>
					<SimpleData name="FLOWDIR">With Digitized</SimpleData>
					<SimpleData name="FTYPE">StreamRiver</SimpleData>
					<SimpleData name="FCODE">46006</SimpleData>
					<SimpleData name="AreaSqKM">3.4506</SimpleData>
					<SimpleData name="TotDASqKM">3.4506</SimpleData>
					<SimpleData name="DUP_COMID">0</SimpleData>
					<SimpleData name="DUP_ArSqKM">0</SimpleData>
					<SimpleData name="DUP_Length">3.438</SimpleData>
					<SimpleData name="GIS_FID">0</SimpleData>
					<SimpleData name="rid">1570</SimpleData>
				</SchemaData>
			</ExtendedData>
			<LineString>
				<coordinates>
					-75.12751932662931,42.64218580048949,0 -75.12612499345572,42.64330666737624,0 -75.1256293269321,42.64403866704656,0 -75.1255053274256,42.64435886697493,0 -75.12553632693533,42.64552546675155,0 -75.12535039347578,42.64596006688087,0 -75.12460672668728,42.64698940046208,0 -75.12432792651278,42.64762986746092,0 -75.12342932693704,42.6482474669374,0 -75.12246872704809,42.6485906671371,0 -75.12153912767731,42.64879646681896,0 -75.12085739355325,42.64879646689905,0 -75.11943212703119,42.64861340011588,0 -75.11865739431009,42.64824740032968,0 -75.11679832766967,42.64762980025368,0 -75.11645752681078,42.64742386743928,0 -75.11565212654679,42.64648586734017,0 -75.11469172687571,42.64518206710839,0 -75.11397912729683,42.64470160062811,0 -75.11261579389156,42.6441754003127,0 -75.11137659363357,42.64390080002936,0 -75.11069499348356,42.64364906719366,0 -75.10964172706051,42.64298566739684,0 -75.10861932787155,42.64266520018803,0 -75.10768992744146,42.64225340036268,0 -75.10713232677486,42.64181866675013,0 -75.10688452752517,42.64142980082519,0 -75.10682279393932,42.64065200013737,0 -75.10697792764104,42.6402402668776,0 -75.10691599358978,42.63946260079991,0 -75.10642072740117,42.63866200019829,0 -75.10601799367303,42.63827300016631,0 -75.1051505939793,42.63804420079865,0 -75.10319879440614,42.63790660070661,0 -75.10075159434432,42.63731140081129,0 -75.09895459414454,42.63740240081513,0 
				</coordinates>
			</LineString>
		</Placemark>
		<Placemark>
			<styleUrl>#style0</styleUrl>
			<Style id="inline">
				<IconStyle>
					<color>ffffffff</color>
					<colorMode>normal</colorMode>
				</IconStyle>
				<LineStyle>
					<color>ffffffff</color>
					<colorMode>normal</colorMode>
				</LineStyle>
				<PolyStyle>
					<color>ffffffff</color>
					<colorMode>normal</colorMode>
				</PolyStyle>
			</Style>
			<ExtendedData>
				<SchemaData schemaUrl="#S_otego_creek_DDDSSSSDSSSDDDDDDD">
					<SimpleData name="fid">1564</SimpleData>
					<SimpleData name="cat">1564</SimpleData>
					<SimpleData name="cat_">1598</SimpleData>
					<SimpleData name="COMID">8.0854e+06</SimpleData>
					<SimpleData name="FDATE">1999/09/29</SimpleData>
					<SimpleData name="RESOLUTION">Medium</SimpleData>
					<SimpleData name="GNIS_ID"></SimpleData>
					<SimpleData name="GNIS_NAME"></SimpleData>
					<SimpleData name="LENGTHKM">5.884</SimpleData>
					<SimpleData name="REACHCODE">02050101001532</SimpleData>
					<SimpleData name="FLOWDIR">With Digitized</SimpleData>
					<SimpleData name="FTYPE">StreamRiver</SimpleData>
					<SimpleData name="FCODE">46006</SimpleData>
					<SimpleData name="AreaSqKM">8.2908</SimpleData>
					<SimpleData name="TotDASqKM">8.2908</SimpleData>
					<SimpleData name="DUP_COMID">0</SimpleData>
					<SimpleData name="DUP_ArSqKM">0</SimpleData>
					<SimpleData name="DUP_Length">5.884</SimpleData>
					<SimpleData name="GIS_FID">0</SimpleData>
					<SimpleData name="rid">1571</SimpleData>
				</SchemaData>
			</ExtendedData>
			<LineString>
				<coordinates>
					-75.12891339384672,42.63818266724045,0 -75.12888232729379,42.63669586723685,0 -75.12823159380993,42.63575806679279,0 -75.128107593954,42.6353234668241,0 -75.12733312725224,42.63424840058387,0 -75.12733319351187,42.63408826697854,0 -75.12668252704418,42.63340206747392,0 -75.12668252746536,42.63312760035988,0 -75.12758099421178,42.63253286743437,0 -75.12773592729528,42.63234986740444,0 -75.12779779421403,42.63198386682556,0 -75.12767392685859,42.63182380055304,0 -75.12597012760381,42.63052000038917,0 -75.12535052650078,42.63029120070189,0 -75.12460712673926,42.62978800077185,0 -75.12420432754246,42.62953640074456,0 -75.12215999433498,42.62889586722285,0 -75.12126159326276,42.62846126725116,0 -75.12095192757195,42.62777506734039,0 -75.12070412738598,42.62683720059924,0 -75.12070419396514,42.62619666745256,0 -75.1209211272143,42.62507586684871,0 -75.12089012676488,42.62477846725792,0 -75.12030159369486,42.6244124672455,0 -75.11949632668369,42.62420660060728,0 -75.11909372659612,42.62418380050907,0 -75.11841212667602,42.62438946732361,0 -75.11791652675483,42.6246868671248,0 -75.1175757934618,42.62507566665997,0 -75.11717312752185,42.62519006688418,0 -75.11649172744599,42.62528146691408,0 -75.11522172724752,42.62507560032802,0 -75.11398292708084,42.62422920058174,0 -75.11345639407936,42.6240004001499,0 -75.1125271268869,42.62384020037657,0 -75.10732352705202,42.62379366711209,0 -75.10630132659946,42.62370220041551,0 -75.10574392774157,42.62354200025185,0 -75.10531032691046,42.6232216674355,0 -75.10509372683303,42.62283266740364,0 -75.10484592687503,42.62264966677611,0 -75.10345219416809,42.62237486705437,0 -75.10286359435565,42.62235200091622,0 -75.10202732654899,42.62274066732808,0 -75.10171752766848,42.62301520088648,0 -75.10094279329118,42.62342666714503,0 -75.10026119419301,42.62363240048983,0 -75.09899132765764,42.62372366712492,0 -75.0975357275418,42.6233572671422,0 -75.09654472678464,42.62289966751582,0 -75.09626619416974,42.62246500046159,0 -75.09595652666322,42.62228200068797,0 -75.09490352718237,42.62205286714011,0 -75.09425319450796,42.62168666690338,0 -75.09329332748264,42.62141200086047,0 -75.09295259354651,42.62120606694543,0 -75.09264339412478,42.62031386761266,0 -75.09227192782988,42.61994766712472,0 -75.09186932684622,42.61971886705607,0 -75.09056872683168,42.61944406712794,0 -75.08846259414422,42.6195120672653,0 -75.08805999405496,42.61937466753783,0 -75.08418899448343,42.61864146705629,0 -75.08329092759925,42.61836660068367,0 -75.08233112762919,42.61788600033532,0 -75.08103112669123,42.61692466725905,0 -75.07982352766142,42.61655826768217,0 -75.07877039410577,42.61676380096197,0 -75.07799612742311,42.61660340066192,0 
				</coordinates>
			</LineString>
		</Placemark>
		<Placemark>
			<styleUrl>#style0</styleUrl>
			<Style id="inline">
				<IconStyle>
					<color>ffffffff</color>
					<colorMode>normal</colorMode>
				</IconStyle>
				<LineStyle>
					<color>ffffffff</color>
					<colorMode>normal</colorMode>
				</LineStyle>
				<PolyStyle>
					<color>ffffffff</color>
					<colorMode>normal</colorMode>
				</PolyStyle>
			</Style>
			<ExtendedData>
				<SchemaData schemaUrl="#S_otego_creek_DDDSSSSDSSSDDDDDDD">
					<SimpleData name="fid">1565</SimpleData>
					<SimpleData name="cat">1565</SimpleData>
					<SimpleData name="cat_">1599</SimpleData>
					<SimpleData name="COMID">8.08543e+06</SimpleData>
					<SimpleData name="FDATE">1999/09/29</SimpleData>
					<SimpleData name="RESOLUTION">Medium</SimpleData>
					<SimpleData name="GNIS_ID"></SimpleData>
					<SimpleData name="GNIS_NAME"></SimpleData>
					<SimpleData name="LENGTHKM">2.657</SimpleData>
					<SimpleData name="REACHCODE">02050101001533</SimpleData>
					<SimpleData name="FLOWDIR">With Digitized</SimpleData>
					<SimpleData name="FTYPE">StreamRiver</SimpleData>
					<SimpleData name="FCODE">46006</SimpleData>
					<SimpleData name="AreaSqKM">2.2698</SimpleData>
					<SimpleData name="TotDASqKM">2.2698</SimpleData>
					<SimpleData name="DUP_COMID">0</SimpleData>
					<SimpleData name="DUP_ArSqKM">0</SimpleData>
					<SimpleData name="DUP_Length">2.657</SimpleData>
					<SimpleData name="GIS_FID">0</SimpleData>
					<SimpleData name="rid">1572</SimpleData>
				</SchemaData>
			</ExtendedData>
			<LineString>
				<coordinates>
					-75.09299272674461,42.60373000029817,0 -75.09320999407991,42.60270080059259,0 -75.09314832662434,42.60226620056335,0 -75.09256039425244,42.60153400047923,0 -75.09215819403255,42.60080200072429,0 -75.09160132722215,42.6000926671915,0 -75.09119932672068,42.59917760022579,0 -75.09067319414387,42.59865126687804,0 -75.0891871266527,42.59849066717219,0 -75.08708232673389,42.59764380014568,0 -75.08674179433399,42.5973920008756,0 -75.08655619423224,42.59698026752068,0 -75.08618512777932,42.59640820035691,0 -75.08466879434297,42.59524106742317,0 -75.08336892690735,42.59455440026588,0 -75.08234792754543,42.59373060070531,0 -75.08092412775756,42.59315826698825,0 -75.08008832758119,42.59297500076273,0 -75.07903572717851,42.59295166675625,0 -75.07816872768956,42.59320286764886,0 -75.07671352669864,42.59331666701423,0 -75.07634219344035,42.59306486740091,0 -75.07621872742608,42.59265306749425,0 -75.07603319344423,42.59244706730966,0 -75.07575452768724,42.59233266685116,0 -75.07476399356939,42.59214920048586,0 -75.0733089933476,42.59210286756996,0 -75.07278272694374,42.59217120035183,0 -75.07179172707581,42.59246820044315,0 -75.07021232727713,42.59317660011227,0 -75.07018119405228,42.59329100061766,0 
				</coordinates>
			</LineString>
		</Placemark>
		<Placemark>
			<styleUrl>#style0</styleUrl>
			<Style id="inline">
				<IconStyle>
					<color>ffffffff</color>
					<colorMode>normal</colorMode>
				</IconStyle>
				<LineStyle>
					<color>ffffffff</color>
					<colorMode>normal</colorMode>
				</LineStyle>
				<PolyStyle>
					<color>ffffffff</color>
					<colorMode>normal</colorMode>
				</PolyStyle>
			</Style>
			<ExtendedData>
				<SchemaData schemaUrl="#S_otego_creek_DDDSSSSDSSSDDDDDDD">
					<SimpleData name="fid">1566</SimpleData>
					<SimpleData name="cat">1566</SimpleData>
					<SimpleData name="cat_">1600</SimpleData>
					<SimpleData name="COMID">8.08546e+06</SimpleData>
					<SimpleData name="FDATE">1999/09/29</SimpleData>
					<SimpleData name="RESOLUTION">Medium</SimpleData>
					<SimpleData name="GNIS_ID"></SimpleData>
					<SimpleData name="GNIS_NAME"></SimpleData>
					<SimpleData name="LENGTHKM">2.849</SimpleData>
					<SimpleData name="REACHCODE">02050101001534</SimpleData>
					<SimpleData name="FLOWDIR">With Digitized</SimpleData>
					<SimpleData name="FTYPE">StreamRiver</SimpleData>
					<SimpleData name="FCODE">46006</SimpleData>
					<SimpleData name="AreaSqKM">2.0628</SimpleData>
					<SimpleData name="TotDASqKM">2.0628</SimpleData>
					<SimpleData name="DUP_COMID">0</SimpleData>
					<SimpleData name="DUP_ArSqKM">0</SimpleData>
					<SimpleData name="DUP_Length">2.849</SimpleData>
					<SimpleData name="GIS_FID">0</SimpleData>
					<SimpleData name="rid">1573</SimpleData>
				</SchemaData>
			</ExtendedData>
			<LineString>
				<coordinates>
					-75.08541859450105,42.58458186687928,0 -75.08411832690818,42.5850618008309,0 -75.08377759369441,42.58533620055356,0 -75.08328172661702,42.58611366742404,0 -75.08300252772874,42.58696000042824,0 -75.08247592768903,42.58766886685252,0 -75.08132999351196,42.58824026685312,0 -75.08058699343164,42.58846880079621,0 -75.07872939356476,42.58867400029185,0 -75.07705772776646,42.58867326743495,0 -75.07628399391128,42.58851280031016,0 -75.07566499394102,42.58819226767605,0 -75.07486079435495,42.58755160099402,0 -75.07417999379011,42.58725386732742,0 -75.07309659394056,42.58702466753724,0 -75.07235419393149,42.58649820010938,0 -75.07083792678935,42.58581126719682,0 -75.07009539433095,42.58523906760296,0 -75.06926059395514,42.58423206721816,0 -75.06901359377446,42.58343146686867,0 -75.06858092683417,42.58283660076269,0 -75.06780752760659,42.58219566702165,0 -75.06669379385593,42.58157746704229,0 -75.06610579358846,42.58139420070746,0 -75.06390799334176,42.58162186758848,0 -75.06328952745262,42.58107246685154,0 -75.06322799433593,42.58061500048208,0 -75.06332099354955,42.58050060067501,0 -75.06322839380941,42.58020320054548,0 -75.0630119274764,42.58002020048662,0 -75.06273392747791,42.5793794674416,0 -75.06199119425055,42.57928760053887,0 -75.06146552738113,42.57882986689804,0 -75.06044432694971,42.57866920077076,0 
				</coordinates>
			</LineString>
		</Placemark>
		<Placemark>
			<styleUrl>#style0</styleUrl>
			<Style id="inline">
				<IconStyle>
					<color>ffffffff</color>
					<colorMode>normal</colorMode>
				</IconStyle>
				<LineStyle>
					<color>ffffffff</color>
					<colorMode>normal</colorMode>
				</LineStyle>
				<PolyStyle>
					<color>ffffffff</color>
					<colorMode>normal</colorMode>
				</PolyStyle>
			</Style>
			<ExtendedData>
				<SchemaData schemaUrl="#S_otego_creek_DDDSSSSDSSSDDDDDDD">
					<SimpleData name="fid">1567</SimpleData>
					<SimpleData name="cat">1567</SimpleData>
					<SimpleData name="cat_">1601</SimpleData>
					<SimpleData name="COMID">8.08551e+06</SimpleData>
					<SimpleData name="FDATE">1999/09/29</SimpleData>
					<SimpleData name="RESOLUTION">Medium</SimpleData>
					<SimpleData name="GNIS_ID"></SimpleData>
					<SimpleData name="GNIS_NAME"></SimpleData>
					<SimpleData name="LENGTHKM">2.753</SimpleData>
					<SimpleData name="REACHCODE">02050101001536</SimpleData>
					<SimpleData name="FLOWDIR">With Digitized</SimpleData>
					<SimpleData name="FTYPE">StreamRiver</SimpleData>
					<SimpleData name="FCODE">46006</SimpleData>
					<SimpleData name="AreaSqKM">2.6739</SimpleData>
					<SimpleData name="TotDASqKM">2.6739</SimpleData>
					<SimpleData name="DUP_COMID">0</SimpleData>
					<SimpleData name="DUP_ArSqKM">0</SimpleData>
					<SimpleData name="DUP_Length">2.753</SimpleData>
					<SimpleData name="GIS_FID">0</SimpleData>
					<SimpleData name="rid">1574</SimpleData>
				</SchemaData>
			</ExtendedData>
			<LineString>
				<coordinates>
					-75.08071559433363,42.5816522008521,0 -75.08046872762542,42.58073720085606,0 -75.08000492760743,42.58007366737034,0 -75.07916972679548,42.57934140024368,0 -75.07793292672702,42.57771680055215,0 -75.07774759367325,42.57707620012384,0 -75.07725292699443,42.57648126678753,0 -75.07601612747267,42.57485666725682,0 -75.07598572674267,42.57412466716425,0 -75.07626479352915,42.57341566675299,0 -75.07626519403289,42.57293540045534,0 -75.07617272731227,42.57256940088692,0 -75.07567779435001,42.57206586742556,0 -75.07471939441913,42.57083020086612,0 -75.07450312730735,42.57046420015698,0 -75.07413259436659,42.56941166699743,0 -75.0739161935722,42.56916000083552,0 -75.07301919411793,42.56845060087507,0 -75.07113239393595,42.56744320095846,0 -75.06980199385043,42.56707666708873,0 -75.06775952758298,42.56712140024754,0 -75.06574859365213,42.56657140097302,0 -75.06522252743336,42.56657106737003,0 -75.06435572792867,42.56686800024736,0 -75.0635509933565,42.56693620090532,0 -75.06237559353667,42.56636366689684,0 -75.06160259382722,42.56576860065496,0 -75.06095292677995,42.56563106726296,0 
				</coordinates>
			</LineString>
		</Placemark>
		<Placemark>
			<styleUrl>#style0</styleUrl>
			<Style id="inline">
				<IconStyle>
					<color>ffffffff</color>
					<colorMode>normal</colorMode>
				</IconStyle>
				<LineStyle>
					<color>ffffffff</color>
					<colorMode>normal</colorMode>
				</LineStyle>
				<PolyStyle>
					<color>ffffffff</color>
					<colorMode>normal</colorMode>
				</PolyStyle>
			</Style>
			<ExtendedData>
				<SchemaData schemaUrl="#S_otego_creek_DDDSSSSDSSSDDDDDDD">
					<SimpleData name="fid">1568</SimpleData>
					<SimpleData name="cat">1568</SimpleData>
					<SimpleData name="cat_">1602</SimpleData>
					<SimpleData name="COMID">8.0856e+06</SimpleData>
					<SimpleData name="FDATE">1999/09/29</SimpleData>
					<SimpleData name="RESOLUTION">Medium</SimpleData>
					<SimpleData name="GNIS_ID"></SimpleData>
					<SimpleData name="GNIS_NAME"></SimpleData>
					<SimpleData name="LENGTHKM">2.175</SimpleData>
					<SimpleData name="REACHCODE">02050101001539</SimpleData>
					<SimpleData name="FLOWDIR">With Digitized</SimpleData>
					<SimpleData name="FTYPE">StreamRiver</SimpleData>
					<SimpleData name="FCODE">46006</SimpleData>
					<SimpleData name="AreaSqKM">1.3176</SimpleData>
					<SimpleData name="TotDASqKM">1.3176</SimpleData>
					<SimpleData name="DUP_COMID">0</SimpleData>
					<SimpleData name="DUP_ArSqKM">0</SimpleData>
					<SimpleData name="DUP_Length">2.175</SimpleData>
					<SimpleData name="GIS_FID">0</SimpleData>
					<SimpleData name="rid">1575</SimpleData>
				</SchemaData>
			</ExtendedData>
			<LineString>
				<coordinates>
					-75.10607999399869,42.53847180087391,0 -75.10635859331992,42.53780840075207,0 -75.10626599352106,42.537396667626,0 -75.10604952718558,42.53705360025972,0 -75.10493632700829,42.53625266738414,0 -75.10465832688512,42.5349946009591,0 -75.10407092727456,42.53426246686871,0 -75.10394759327879,42.53311880087716,0 -75.10376199420651,42.532844267263,0 -75.10298912748377,42.53220366777958,0 -75.10274172705756,42.53174606755103,0 -75.1024639271499,42.53048786703609,0 -75.10230939359573,42.53000746733955,0 -75.10181472715118,42.52961846755149,0 -75.1002067275595,42.52888620106201,0 -75.09952639423406,42.52879460096254,0 -75.0981037269343,42.52874846690813,0 -75.09736159443918,42.5285654007857,0 -75.09683579396946,42.52856526739964,0 -75.09578419444979,42.52883946745271,0 -75.09541299386947,42.52886226688592,0 -75.09476379394545,42.52838180060576,0 -75.09433092701457,42.52826726741144,0 -75.09377439355397,42.52799260014994,0 -75.09324872688693,42.52758080097518,0 -75.09281619404331,42.52678000076939,0 -75.0927241272101,42.52552180080642,0 -75.09247692752582,42.52511000050627,0 
				</coordinates>
			</LineString>
		</Placemark>
		<Placemark>
			<styleUrl>#style0</styleUrl>
			<Style id="inline">
				<IconStyle>
					<color>ffffffff</color>
					<colorMode>normal</colorMode>
				</IconStyle>
				<LineStyle>
					<color>ffffffff</color>
					<colorMode>normal</colorMode>
				</LineStyle>
				<PolyStyle>
					<color>ffffffff</color>
					<colorMode>normal</colorMode>
				</PolyStyle>
			</Style>
			<ExtendedData>
				<SchemaData schemaUrl="#S_otego_creek_DDDSSSSDSSSDDDDDDD">
					<SimpleData name="fid">1569</SimpleData>
					<SimpleData name="cat">1569</SimpleData>
					<SimpleData name="cat_">1603</SimpleData>
					<SimpleData name="COMID">8.08561e+06</SimpleData>
					<SimpleData name="FDATE">1999/09/29</SimpleData>
					<SimpleData name="RESOLUTION">Medium</SimpleData>
					<SimpleData name="GNIS_ID"></SimpleData>
					<SimpleData name="GNIS_NAME"></SimpleData>
					<SimpleData name="LENGTHKM">2.354</SimpleData>
					<SimpleData name="REACHCODE">02050101001540</SimpleData>
					<SimpleData name="FLOWDIR">With Digitized</SimpleData>
					<SimpleData name="FTYPE">StreamRiver</SimpleData>
					<SimpleData name="FCODE">46006</SimpleData>
					<SimpleData name="AreaSqKM">1.3068</SimpleData>
					<SimpleData name="TotDASqKM">1.3068</SimpleData>
					<SimpleData name="DUP_COMID">0</SimpleData>
					<SimpleData name="DUP_ArSqKM">0</SimpleData>
					<SimpleData name="DUP_Length">2.354</SimpleData>
					<SimpleData name="GIS_FID">0</SimpleData>
					<SimpleData name="rid">1576</SimpleData>
				</SchemaData>
			</ExtendedData>
			<LineString>
				<coordinates>
					-75.11115372660693,42.5344922674211,0 -75.11096852767399,42.53385180096607,0 -75.1104119941928,42.53270786700483,0 -75.11038119373002,42.53227340046876,0 -75.11059779403149,42.53131266745721,0 -75.11050512672267,42.53126686683396,0 -75.11038152726718,42.53080940072473,0 -75.11035079346918,42.52989440079019,0 -75.11025812710649,42.52957420097393,0 -75.10994892767303,42.52907080031253,0 -75.10982532753131,42.52863620042042,0 -75.10979459339401,42.52788126761455,0 -75.11019679434547,42.52685200056668,0 -75.11072279320726,42.52623440078128,0 -75.11211459358978,42.52541106688786,0 -75.11254759371187,42.52504506750974,0 -75.11257859453093,42.52474780047895,0 -75.11127999333772,42.52378686768908,0 -75.11103279432466,42.52342086742179,0 -75.11097099409454,42.52296346763787,0 -75.11134232691032,42.52214006742641,0 -75.11131159328649,42.52099620058564,0 -75.11103339419884,42.52037860083966,0 -75.11094059431338,42.52033286706733,0 -75.11078639440149,42.51880020071845,0 -75.11189999366597,42.51710760054719,0 -75.11227112696568,42.51667300039868,0 -75.11276592726185,42.51633000071315,0 -75.11369359414549,42.5158954011357,0 -75.11391012738247,42.51584966698975,0 
				</coordinates>
			</LineString>
		</Placemark>
		<Placemark>
			<styleUrl>#style0</styleUrl>
			<Style id="inline">
				<IconStyle>
					<color>ffffffff</color>
					<colorMode>normal</colorMode>
				</IconStyle>
				<LineStyle>
					<color>ffffffff</color>
					<colorMode>normal</colorMode>
				</LineStyle>
				<PolyStyle>
					<color>ffffffff</color>
					<colorMode>normal</colorMode>
				</PolyStyle>
			</Style>
			<ExtendedData>
				<SchemaData schemaUrl="#S_otego_creek_DDDSSSSDSSSDDDDDDD">
					<SimpleData name="fid">1570</SimpleData>
					<SimpleData name="cat">1570</SimpleData>
					<SimpleData name="cat_">1604</SimpleData>
					<SimpleData name="COMID">8.08557e+06</SimpleData>
					<SimpleData name="FDATE">1999/09/29</SimpleData>
					<SimpleData name="RESOLUTION">Medium</SimpleData>
					<SimpleData name="GNIS_ID"></SimpleData>
					<SimpleData name="GNIS_NAME"></SimpleData>
					<SimpleData name="LENGTHKM">2.489</SimpleData>
					<SimpleData name="REACHCODE">02050101001541</SimpleData>
					<SimpleData name="FLOWDIR">With Digitized</SimpleData>
					<SimpleData name="FTYPE">StreamRiver</SimpleData>
					<SimpleData name="FCODE">46006</SimpleData>
					<SimpleData name="AreaSqKM">2.1627</SimpleData>
					<SimpleData name="TotDASqKM">2.1627</SimpleData>
					<SimpleData name="DUP_COMID">0</SimpleData>
					<SimpleData name="DUP_ArSqKM">0</SimpleData>
					<SimpleData name="DUP_Length">2.489</SimpleData>
					<SimpleData name="GIS_FID">0</SimpleData>
					<SimpleData name="rid">1577</SimpleData>
				</SchemaData>
			</ExtendedData>
			<LineString>
				<coordinates>
					-75.13447832714216,42.5572528009133,0 -75.13472592733352,42.55702400086771,0 -75.13630359326567,42.55459906749585,0 -75.13689112685545,42.55315800045052,0 -75.13723112701432,42.55151086692047,0 -75.13750952666354,42.55080180043866,0 -75.13791159434687,42.55050426742248,0 -75.13948932677945,42.55018400086912,0 -75.14029379416868,42.54993206757202,0 -75.14075772676647,42.54965760042064,0 -75.14103612677737,42.54903986700059,0 -75.14109732719065,42.54656946688999,0 -75.14072579394336,42.54592900108213,0 -75.14081852707479,42.54535720093801,0 -75.14134412744387,42.54416760066616,0 -75.14162239342457,42.5438702010067,0 -75.14174612748923,42.54357286755828,0 -75.14236459345297,42.54268060047818,0 -75.14285939395752,42.54233740038251,0 -75.14369439366541,42.54153660101882,0 -75.14372539429552,42.54110206704941,0 -75.1431373274167,42.54025580044122,0 -75.14310619355442,42.53966100045024,0 -75.14350812712145,42.53897466762039,0 -75.14437392680279,42.53801386768458,0 
				</coordinates>
			</LineString>
		</Placemark>
		<Placemark>
			<styleUrl>#style0</styleUrl>
			<Style id="inline">
				<IconStyle>
					<color>ffffffff</color>
					<colorMode>normal</colorMode>
				</IconStyle>
				<LineStyle>
					<color>ffffffff</color>
					<colorMode>normal</colorMode>
				</LineStyle>
				<PolyStyle>
					<color>ffffffff</color>
					<colorMode>normal</colorMode>
				</PolyStyle>
			</Style>
			<ExtendedData>
				<SchemaData schemaUrl="#S_otego_creek_DDDSSSSDSSSDDDDDDD">
					<SimpleData name="fid">1571</SimpleData>
					<SimpleData name="cat">1571</SimpleData>
					<SimpleData name="cat_">1605</SimpleData>
					<SimpleData name="COMID">8.08556e+06</SimpleData>
					<SimpleData name="FDATE">1999/09/29</SimpleData>
					<SimpleData name="RESOLUTION">Medium</SimpleData>
					<SimpleData name="GNIS_ID"></SimpleData>
					<SimpleData name="GNIS_NAME"></SimpleData>
					<SimpleData name="LENGTHKM">2.149</SimpleData>
					<SimpleData name="REACHCODE">02050101001542</SimpleData>
					<SimpleData name="FLOWDIR">With Digitized</SimpleData>
					<SimpleData name="FTYPE">StreamRiver</SimpleData>
					<SimpleData name="FCODE">46006</SimpleData>
					<SimpleData name="AreaSqKM">2.8611</SimpleData>
					<SimpleData name="TotDASqKM">5.9715</SimpleData>
					<SimpleData name="DUP_COMID">0</SimpleData>
					<SimpleData name="DUP_ArSqKM">0</SimpleData>
					<SimpleData name="DUP_Length">2.149</SimpleData>
					<SimpleData name="GIS_FID">0</SimpleData>
					<SimpleData name="rid">1578</SimpleData>
				</SchemaData>
			</ExtendedData>
			<LineString>
				<coordinates>
					-75.16705512737244,42.55008526702086,0 -75.16662179385239,42.54992540025168,0 -75.16612652674657,42.54955960101893,0 -75.16572399363062,42.54905646730608,0 -75.16547619312999,42.54859906759557,0 -75.16556872725043,42.54809580064246,0 -75.16606352743398,42.54779820031357,0 -75.16634172721757,42.54743206686388,0 -75.16652692677421,42.54697460017783,0 -75.16655732725415,42.54605960027235,0 -75.16640239354416,42.54571646731174,0 -75.16599999330136,42.54525906737789,0 -75.16482399418054,42.54452760035439,0 -75.16432879393349,42.5440930670002,0 -75.16380259396195,42.54377306731458,0 -75.16259592765198,42.54331606721949,0 -75.1598425942326,42.54306526712951,0 -75.15903839330994,42.5432028005855,0 -75.15841979409024,42.54343180062299,0 -75.15690412724217,42.54368380026902,0 -75.15467692675442,42.5436386001401,0 -75.15374879348926,42.54336446709256,0 -75.15186159376472,42.54325046736678,0 -75.15074792756762,42.54297626729885,0 -75.15003639333216,42.54295360024494,0 -75.14870639432405,42.5432284005002,0 
				</coordinates>
			</LineString>
		</Placemark>
		<Placemark>
			<styleUrl>#style0</styleUrl>
			<Style id="inline">
				<IconStyle>
					<color>ffffffff</color>
					<colorMode>normal</colorMode>
				</IconStyle>
				<LineStyle>
					<color>ffffffff</color>
					<colorMode>normal</colorMode>
				</LineStyle>
				<PolyStyle>
					<color>ffffffff</color>
					<colorMode>normal</colorMode>
				</PolyStyle>
			</Style>
			<ExtendedData>
				<SchemaData schemaUrl="#S_otego_creek_DDDSSSSDSSSDDDDDDD">
					<SimpleData name="fid">1572</SimpleData>
					<SimpleData name="cat">1572</SimpleData>
					<SimpleData name="cat_">1606</SimpleData>
					<SimpleData name="COMID">8.0859e+06</SimpleData>
					<SimpleData name="FDATE">2008/07/22</SimpleData>
					<SimpleData name="RESOLUTION">Medium</SimpleData>
					<SimpleData name="GNIS_ID"></SimpleData>
					<SimpleData name="GNIS_NAME"></SimpleData>
					<SimpleData name="LENGTHKM">0.631</SimpleData>
					<SimpleData name="REACHCODE">02050101001543</SimpleData>
					<SimpleData name="FLOWDIR">With Digitized</SimpleData>
					<SimpleData name="FTYPE">ArtificialPath</SimpleData>
					<SimpleData name="FCODE">55800</SimpleData>
					<SimpleData name="AreaSqKM">3.1104</SimpleData>
					<SimpleData name="TotDASqKM">3.1104</SimpleData>
					<SimpleData name="DUP_COMID">0</SimpleData>
					<SimpleData name="DUP_ArSqKM">0</SimpleData>
					<SimpleData name="DUP_Length">0.631</SimpleData>
					<SimpleData name="GIS_FID">0</SimpleData>
					<SimpleData name="rid">1579</SimpleData>
				</SchemaData>
			</ExtendedData>
			<LineString>
				<coordinates>
					-75.17438859336448,42.55186660065654,0 -75.16705512737244,42.55008526702086,0 
				</coordinates>
			</LineString>
		</Placemark>
		<Placemark>
			<styleUrl>#style0</styleUrl>
			<Style id="inline">
				<IconStyle>
					<color>ffffffff</color>
					<colorMode>normal</colorMode>
				</IconStyle>
				<LineStyle>
					<color>ffffffff</color>
					<colorMode>normal</colorMode>
				</LineStyle>
				<PolyStyle>
					<color>ffffffff</color>
					<colorMode>normal</colorMode>
				</PolyStyle>
			</Style>
			<ExtendedData>
				<SchemaData schemaUrl="#S_otego_creek_DDDSSSSDSSSDDDDDDD">
					<SimpleData name="fid">1573</SimpleData>
					<SimpleData name="cat">1573</SimpleData>
					<SimpleData name="cat_">1607</SimpleData>
					<SimpleData name="COMID">8.08564e+06</SimpleData>
					<SimpleData name="FDATE">1999/09/29</SimpleData>
					<SimpleData name="RESOLUTION">Medium</SimpleData>
					<SimpleData name="GNIS_ID"></SimpleData>
					<SimpleData name="GNIS_NAME"></SimpleData>
					<SimpleData name="LENGTHKM">2.171</SimpleData>
					<SimpleData name="REACHCODE">02050101001544</SimpleData>
					<SimpleData name="FLOWDIR">With Digitized</SimpleData>
					<SimpleData name="FTYPE">StreamRiver</SimpleData>
					<SimpleData name="FCODE">46006</SimpleData>
					<SimpleData name="AreaSqKM">1.0449</SimpleData>
					<SimpleData name="TotDASqKM">1.0449</SimpleData>
					<SimpleData name="DUP_COMID">0</SimpleData>
					<SimpleData name="DUP_ArSqKM">0</SimpleData>
					<SimpleData name="DUP_Length">2.171</SimpleData>
					<SimpleData name="GIS_FID">0</SimpleData>
					<SimpleData name="rid">1580</SimpleData>
				</SchemaData>
			</ExtendedData>
			<LineString>
				<coordinates>
					-75.15283839382384,42.5127812672059,0 -75.15221979355263,42.51230100081312,0 -75.15187952667014,42.51186646684767,0 -75.15098259393555,42.51115746739468,0 -75.15008572684916,42.51060880038087,0 -75.14736459406456,42.5098546008209,0 -75.146127793738,42.50967180107,0 -75.14563319321854,42.50951180083674,0 -75.14467452724269,42.50896286695407,0 -75.14390152708017,42.50859706758915,0 -75.14173679353397,42.50715620073169,0 -75.13972699403823,42.50624160088275,0 -75.13756272766713,42.50541840065252,0 -75.13660432775109,42.50484660073212,0 -75.134780127594,42.50416046706443,0 -75.13348159352819,42.50324566712891,0 -75.13243052659995,42.50310860067276,0 -75.13134852674609,42.50347466699861,0 -75.13079212767592,42.50352040074893,0 
				</coordinates>
			</LineString>
		</Placemark>
		<Placemark>
			<styleUrl>#style0</styleUrl>
			<Style id="inline">
				<IconStyle>
					<color>ffffffff</color>
					<colorMode>normal</colorMode>
				</IconStyle>
				<LineStyle>
					<color>ffffffff</color>
					<colorMode>normal</colorMode>
				</LineStyle>
				<PolyStyle>
					<color>ffffffff</color>
					<colorMode>normal</colorMode>
				</PolyStyle>
			</Style>
			<ExtendedData>
				<SchemaData schemaUrl="#S_otego_creek_DDDSSSSDSSSDDDDDDD">
					<SimpleData name="fid">1574</SimpleData>
					<SimpleData name="cat">1574</SimpleData>
					<SimpleData name="cat_">1608</SimpleData>
					<SimpleData name="COMID">8.08566e+06</SimpleData>
					<SimpleData name="FDATE">2001/03/21</SimpleData>
					<SimpleData name="RESOLUTION">Medium</SimpleData>
					<SimpleData name="GNIS_ID">947389</SimpleData>
					<SimpleData name="GNIS_NAME">Cooper Creek</SimpleData>
					<SimpleData name="LENGTHKM">0.769</SimpleData>
					<SimpleData name="REACHCODE">02050101001545</SimpleData>
					<SimpleData name="FLOWDIR">With Digitized</SimpleData>
					<SimpleData name="FTYPE">StreamRiver</SimpleData>
					<SimpleData name="FCODE">46006</SimpleData>
					<SimpleData name="AreaSqKM">0.5139</SimpleData>
					<SimpleData name="TotDASqKM">3.4704</SimpleData>
					<SimpleData name="DUP_COMID">0</SimpleData>
					<SimpleData name="DUP_ArSqKM">0</SimpleData>
					<SimpleData name="DUP_Length">0.769</SimpleData>
					<SimpleData name="GIS_FID">0</SimpleData>
					<SimpleData name="rid">1581</SimpleData>
				</SchemaData>
			</ExtendedData>
			<LineString>
				<coordinates>
					-75.13824252663215,42.50008326766461,0 -75.1381187941372,42.50034006753018,0 -75.13780959367848,42.50063746720227,0 -75.13728412686665,42.50079766770454,0 -75.13660399404554,42.50079766707924,0 -75.13598579389691,42.50100380094889,0 -75.13558392659934,42.50125546721891,0 -75.1351511270525,42.50136986747818,0 -75.13419272666447,42.50146140033879,0 -75.13323432656045,42.50189606734442,0 -75.13218312740928,42.50223940116312,0 -75.13085379325425,42.50306286767226,0 -75.1305023593264,42.50344246310686,0 
				</coordinates>
			</LineString>
		</Placemark>
		<Placemark>
			<styleUrl>#style0</styleUrl>
			<Style id="inline">
				<IconStyle>
					<color>ffffffff</color>
					<colorMode>normal</colorMode>
				</IconStyle>
				<LineStyle>
					<color>ffffffff</color>
					<colorMode>normal</colorMode>
				</LineStyle>
				<PolyStyle>
					<color>ffffffff</color>
					<colorMode>normal</colorMode>
				</PolyStyle>
			</Style>
			<ExtendedData>
				<SchemaData schemaUrl="#S_otego_creek_DDDSSSSDSSSDDDDDDD">
					<SimpleData name="fid">1575</SimpleData>
					<SimpleData name="cat">1575</SimpleData>
					<SimpleData name="cat_">1609</SimpleData>
					<SimpleData name="COMID">8.08634e+06</SimpleData>
					<SimpleData name="FDATE">2001/03/21</SimpleData>
					<SimpleData name="RESOLUTION">Medium</SimpleData>
					<SimpleData name="GNIS_ID">947389</SimpleData>
					<SimpleData name="GNIS_NAME">Cooper Creek</SimpleData>
					<SimpleData name="LENGTHKM">0.476</SimpleData>
					<SimpleData name="REACHCODE">02050101001545</SimpleData>
					<SimpleData name="FLOWDIR">With Digitized</SimpleData>
					<SimpleData name="FTYPE">StreamRiver</SimpleData>
					<SimpleData name="FCODE">46006</SimpleData>
					<SimpleData name="AreaSqKM">0.5193</SimpleData>
					<SimpleData name="TotDASqKM">2.9565</SimpleData>
					<SimpleData name="DUP_COMID">0</SimpleData>
					<SimpleData name="DUP_ArSqKM">0</SimpleData>
					<SimpleData name="DUP_Length">0.476</SimpleData>
					<SimpleData name="GIS_FID">0</SimpleData>
					<SimpleData name="rid">1582</SimpleData>
				</SchemaData>
			</ExtendedData>
			<LineString>
				<coordinates>
					-75.14318859401736,42.50008506784242,0 -75.14278659332649,42.49963380082854,0 -75.14235372698128,42.49942800066128,0 -75.14096259405054,42.49954246738649,0 -75.1400353267272,42.49933680027443,0 -75.1393551942152,42.49940546765625,0 -75.13895332726256,42.49947420069275,0 -75.13870612704309,42.49963440087076,0 -75.13845892684381,42.49988600019905,0 -75.13824252663215,42.50008326766461,0 
				</coordinates>
			</LineString>
		</Placemark>
		<Placemark>
			<styleUrl>#style0</styleUrl>
			<Style id="inline">
				<IconStyle>
					<color>ffffffff</color>
					<colorMode>normal</colorMode>
				</IconStyle>
				<LineStyle>
					<color>ffffffff</color>
					<colorMode>normal</colorMode>
				</LineStyle>
				<PolyStyle>
					<color>ffffffff</color>
					<colorMode>normal</colorMode>
				</PolyStyle>
			</Style>
			<ExtendedData>
				<SchemaData schemaUrl="#S_otego_creek_DDDSSSSDSSSDDDDDDD">
					<SimpleData name="fid">1576</SimpleData>
					<SimpleData name="cat">1576</SimpleData>
					<SimpleData name="cat_">1610</SimpleData>
					<SimpleData name="COMID">8.08566e+06</SimpleData>
					<SimpleData name="FDATE">2001/03/21</SimpleData>
					<SimpleData name="RESOLUTION">Medium</SimpleData>
					<SimpleData name="GNIS_ID">947389</SimpleData>
					<SimpleData name="GNIS_NAME">Cooper Creek</SimpleData>
					<SimpleData name="LENGTHKM">2.34</SimpleData>
					<SimpleData name="REACHCODE">02050101001545</SimpleData>
					<SimpleData name="FLOWDIR">With Digitized</SimpleData>
					<SimpleData name="FTYPE">StreamRiver</SimpleData>
					<SimpleData name="FCODE">46006</SimpleData>
					<SimpleData name="AreaSqKM">2.4372</SimpleData>
					<SimpleData name="TotDASqKM">2.4372</SimpleData>
					<SimpleData name="DUP_COMID">0</SimpleData>
					<SimpleData name="DUP_ArSqKM">0</SimpleData>
					<SimpleData name="DUP_Length">2.34</SimpleData>
					<SimpleData name="GIS_FID">0</SimpleData>
					<SimpleData name="rid">1583</SimpleData>
				</SchemaData>
			</ExtendedData>
			<LineString>
				<coordinates>
					-75.1662257276778,42.51149606704556,0 -75.16607099402016,42.51122166726334,0 -75.1648645941633,42.51046720050432,0 -75.16384399331181,42.51001006707006,0 -75.16016432724511,42.50886760111485,0 -75.15867999411545,42.50854786716742,0 -75.15725772773094,42.50799920044712,0 -75.15317592657259,42.50603306756449,0 -75.15119679410977,42.50479840091118,0 -75.15057852689924,42.50463840036269,0 -75.14869272702687,42.50443300032591,0 -75.14779599414086,42.50399846722593,0 -75.14405452644597,42.5013686009696,0 -75.14337412696391,42.50061386763809,0 -75.14318859401736,42.50008506784242,0 
				</coordinates>
			</LineString>
		</Placemark>
		<Placemark>
			<styleUrl>#style0</styleUrl>
			<Style id="inline">
				<IconStyle>
					<color>ffffffff</color>
					<colorMode>normal</colorMode>
				</IconStyle>
				<LineStyle>
					<color>ffffffff</color>
					<colorMode>normal</colorMode>
				</LineStyle>
				<PolyStyle>
					<color>ffffffff</color>
					<colorMode>normal</colorMode>
				</PolyStyle>
			</Style>
			<ExtendedData>
				<SchemaData schemaUrl="#S_otego_creek_DDDSSSSDSSSDDDDDDD">
					<SimpleData name="fid">1577</SimpleData>
					<SimpleData name="cat">1577</SimpleData>
					<SimpleData name="cat_">1611</SimpleData>
					<SimpleData name="COMID">8.08639e+06</SimpleData>
					<SimpleData name="FDATE">1999/07/04</SimpleData>
					<SimpleData name="RESOLUTION">Medium</SimpleData>
					<SimpleData name="GNIS_ID"></SimpleData>
					<SimpleData name="GNIS_NAME"></SimpleData>
					<SimpleData name="LENGTHKM">1.733</SimpleData>
					<SimpleData name="REACHCODE">02050101001546</SimpleData>
					<SimpleData name="FLOWDIR">With Digitized</SimpleData>
					<SimpleData name="FTYPE">StreamRiver</SimpleData>
					<SimpleData name="FCODE">46006</SimpleData>
					<SimpleData name="AreaSqKM">2.808</SimpleData>
					<SimpleData name="TotDASqKM">2.808</SimpleData>
					<SimpleData name="DUP_COMID">0</SimpleData>
					<SimpleData name="DUP_ArSqKM">0</SimpleData>
					<SimpleData name="DUP_Length">1.733</SimpleData>
					<SimpleData name="GIS_FID">0</SimpleData>
					<SimpleData name="rid">1584</SimpleData>
				</SchemaData>
			</ExtendedData>
			<LineString>
				<coordinates>
					-75.12201472774009,42.47419866730309,0 -75.12155119430723,42.47419880089231,0 -75.12077879345156,42.47403846707836,0 -75.1189865934235,42.47353526707605,0 -75.11719439411385,42.47358086703471,0 -75.11660732709923,42.47378680052437,0 -75.11645272682703,42.4741526670193,0 -75.11623632724367,42.47477040083696,0 -75.11527832686558,42.47522780074827,0 -75.11527832672529,42.47586826746817,0 -75.1153399943326,42.47598266754742,0 -75.11530912780373,42.47648586736103,0 -75.11506179371469,42.47689766755046,0 -75.11465999352515,42.47703486757213,0 -75.11382559407092,42.47698906705507,0 -75.11289852738446,42.4766914677621,0 -75.11166252679435,42.47703466732735,0 -75.11088992751424,42.4772174674633,0 -75.11036452708291,42.47746906706885,0 -75.1095301270922,42.47744620064553,0 -75.10906659365006,42.47726306763593,0 -75.10820152670196,42.47675966749476,0 -75.1080471267848,42.47659960073715,0 -75.10795452701396,42.47616486764055,0 -75.10804732760913,42.47582180106316,0 -75.10820179336159,42.47552446724276,0 -75.10906719431344,42.47492980075115,0 -75.10909812699504,42.47479260045127,0 
				</coordinates>
			</LineString>
		</Placemark>
		<Placemark>
			<styleUrl>#style0</styleUrl>
			<Style id="inline">
				<IconStyle>
					<color>ffffffff</color>
					<colorMode>normal</colorMode>
				</IconStyle>
				<LineStyle>
					<color>ffffffff</color>
					<colorMode>normal</colorMode>
				</LineStyle>
				<PolyStyle>
					<color>ffffffff</color>
					<colorMode>normal</colorMode>
				</PolyStyle>
			</Style>
			<ExtendedData>
				<SchemaData schemaUrl="#S_otego_creek_DDDSSSSDSSSDDDDDDD">
					<SimpleData name="fid">1578</SimpleData>
					<SimpleData name="cat">1578</SimpleData>
					<SimpleData name="cat_">1612</SimpleData>
					<SimpleData name="COMID">8.0864e+06</SimpleData>
					<SimpleData name="FDATE">1999/07/04</SimpleData>
					<SimpleData name="RESOLUTION">Medium</SimpleData>
					<SimpleData name="GNIS_ID"></SimpleData>
					<SimpleData name="GNIS_NAME"></SimpleData>
					<SimpleData name="LENGTHKM">6.915</SimpleData>
					<SimpleData name="REACHCODE">02050101001547</SimpleData>
					<SimpleData name="FLOWDIR">With Digitized</SimpleData>
					<SimpleData name="FTYPE">StreamRiver</SimpleData>
					<SimpleData name="FCODE">46006</SimpleData>
					<SimpleData name="AreaSqKM">7.7949</SimpleData>
					<SimpleData name="TotDASqKM">7.7949</SimpleData>
					<SimpleData name="DUP_COMID">0</SimpleData>
					<SimpleData name="DUP_ArSqKM">0</SimpleData>
					<SimpleData name="DUP_Length">6.915</SimpleData>
					<SimpleData name="GIS_FID">0</SimpleData>
					<SimpleData name="rid">1585</SimpleData>
				</SchemaData>
			</ExtendedData>
			<LineString>
				<coordinates>
					-75.16461179376211,42.49974240078053,0 -75.1642097265467,42.499445067667,0 -75.16362232755704,42.49917080059127,0 -75.16241639364677,42.49887386760624,0 -75.16148899397055,42.49855386736756,0 -75.1612415267858,42.49841666703016,0 -75.16080852771962,42.49802800034712,0 -75.16062292760709,42.49777646719329,0 -75.15966399421526,42.49665586785025,0 -75.15926179343977,42.49596986739781,0 -75.1590451936557,42.4956726005854,0 -75.15858132670886,42.49530666775333,0 -75.15759212703517,42.49503240064814,0 -75.15678819348207,42.49466666756216,0 -75.15558239359316,42.49388926721511,0 -75.15462372661467,42.4931118672569,0 -75.15412899421881,42.49267740039821,0 -75.15381992723064,42.49247160042095,0 -75.15190312738764,42.49183160035805,0 -75.15097572742906,42.49142006712156,0 -75.15007912693842,42.49075686696868,0 -75.14989352680257,42.49048246734698,0 -75.14905872756783,42.48979640102446,0 -75.14899692708944,42.48970500050155,0 -75.14881132684496,42.48954486701892,0 -75.14847119367289,42.48913320112071,0 -75.14847112676122,42.48904166691022,0 -75.14840939411116,42.48897306711378,0 -75.14828559382892,42.48858420071373,0 -75.14819292704922,42.48853846751375,0 -75.14813079422944,42.48805806761049,0 -75.14800719327719,42.48780660073213,0 -75.14806852675491,42.48645686689879,0 -75.14819179320725,42.48581640075579,0 -75.14825352739638,42.48567906714894,0 -75.14865512739733,42.48517580093484,0 -75.14868592739477,42.48471840042357,0 -75.14853132710792,42.48446680058149,0 -75.1474493266316,42.48380360063693,0 -75.14655299425601,42.48348346706996,0 -75.14574932661741,42.48311766704808,0 -75.14506919368225,42.48254586733954,0 -75.14472912773456,42.48211140080891,0 -75.14445092675997,42.48188266711025,0 -75.14339999376402,42.48131106694657,0 -75.14287452745495,42.48083080058488,0 -75.14275092686535,42.4806248668983,0 -75.14241079397682,42.48023606722585,0 -75.14244172687764,42.48012180060504,0 -75.14219432753008,42.47971000121665,0 -75.14207059345208,42.47913806727657,0 -75.14203952738023,42.47879506776373,0 -75.14188492758257,42.47833760077911,0 -75.14154492758189,42.47794866787116,0 -75.1409885932096,42.4776056675198,0 -75.14043219417083,42.47712540115596,0 -75.13990672719559,42.47632486773701,0 -75.1397829943233,42.47611906763812,0 -75.13969032712869,42.47589026731404,0 -75.13953559422323,42.47577600114347,0 -75.1394739276241,42.475684467109,0 -75.13931939428012,42.47557006723654,0 -75.13904119355502,42.47513560040831,0 -75.13836119341238,42.47433500099818,0 -75.13826839337958,42.47408340096501,0 -75.13811392703468,42.47399186701523,0 -75.13808299346766,42.47385466762734,0 -75.13737199406697,42.47280240083332,0 -75.13724839408852,42.47250520044511,0 -75.13690832704748,42.47197906768142,0 -75.13656852714337,42.47165886695601,0 -75.1347143266766,42.47030940053756,0 -75.13177892694604,42.46980640030186,0 -75.12964679401838,42.46971506704466,0 -75.12875079340729,42.46982946695433,0 -75.12760759436081,42.46985246740907,0 -75.12683519321661,42.4696922675066,0 -75.12600099379029,42.46969226750485,0 -75.1246105276868,42.46985246760967,0 -75.12328179385143,42.46994400036932,0 -75.11951219373981,42.46992106759976,0 -75.11870892746001,42.46980666719385,0 -75.11787459403877,42.46955500096735,0 -75.11682412669361,42.46918900053807,0 -75.11608259385201,42.46870860104012,0 -75.11484679380736,42.46838820103364,0 -75.11413619404506,42.46793066702508,0 -75.11382732665491,42.46777060055144,0 -75.11311672692864,42.46758746704364,0 -75.11123212684946,42.46690100065011,0 -75.11061432765139,42.4664206008264,0 -75.10965659430603,42.46577986714508,0 -75.10910052723298,42.4655282677974,0 -75.10808112687315,42.46525366722257,0 -75.10767939388117,42.46495620064068,0 -75.10764872687409,42.46470466781015,0 -75.10746339434539,42.46445300097346,0 -75.10718532680869,42.464224200625,0 -75.10662932731417,42.46408686730892,0 
				</coordinates>
			</LineString>
		</Placemark>
		<Placemark>
			<styleUrl>#style0</styleUrl>
			<Style id="inline">
				<IconStyle>
					<color>ffffffff</color>
					<colorMode>normal</colorMode>
				</IconStyle>
				<LineStyle>
					<color>ffffffff</color>
					<colorMode>normal</colorMode>
				</LineStyle>
				<PolyStyle>
					<color>ffffffff</color>
					<colorMode>normal</colorMode>
				</PolyStyle>
			</Style>
			<ExtendedData>
				<SchemaData schemaUrl="#S_otego_creek_DDDSSSSDSSSDDDDDDD">
					<SimpleData name="fid">1991</SimpleData>
					<SimpleData name="cat">1991</SimpleData>
					<SimpleData name="cat_">2049</SimpleData>
					<SimpleData name="COMID">8.08586e+06</SimpleData>
					<SimpleData name="FDATE">2008/07/22</SimpleData>
					<SimpleData name="RESOLUTION">Medium</SimpleData>
					<SimpleData name="GNIS_ID">969130</SimpleData>
					<SimpleData name="GNIS_NAME">West Branch Otego Creek</SimpleData>
					<SimpleData name="LENGTHKM">1.443</SimpleData>
					<SimpleData name="REACHCODE">02050101001923</SimpleData>
					<SimpleData name="FLOWDIR">With Digitized</SimpleData>
					<SimpleData name="FTYPE">ArtificialPath</SimpleData>
					<SimpleData name="FCODE">55800</SimpleData>
					<SimpleData name="AreaSqKM">1.8306</SimpleData>
					<SimpleData name="TotDASqKM">16.7103</SimpleData>
					<SimpleData name="DUP_COMID">0</SimpleData>
					<SimpleData name="DUP_ArSqKM">0</SimpleData>
					<SimpleData name="DUP_Length">1.443</SimpleData>
					<SimpleData name="GIS_FID">0</SimpleData>
					<SimpleData name="rid">2006</SimpleData>
				</SchemaData>
			</ExtendedData>
			<LineString>
				<coordinates>
					-75.09026639434347,42.66155546690102,0 -75.09057632674781,42.6615326667734,0 -75.09051452671717,42.66125820013298,0 -75.09063972728151,42.65887926731948,0 -75.09054679346735,42.65869626667124,0 -75.08986519434835,42.6583300669794,0 -75.08865679359511,42.65791800053894,0 -75.08803732747594,42.6573688668525,0 -75.08760459360623,42.65549300063989,0 -75.08729539422345,42.65434920096145,0 -75.08710979350921,42.65384586672651,0 -75.08667619352322,42.65336540010362,0 -75.08630439382976,42.65320520063666,0 -75.08500312680761,42.65293026729908,0 -75.08342259453123,42.65299840016151,0 -75.08339159361434,42.65311280008133,0 -75.08252372706636,42.65331826730668,0 -75.08239979425308,42.65322680040543,0 
				</coordinates>
			</LineString>
		</Placemark>
		<Placemark>
			<styleUrl>#style0</styleUrl>
			<Style id="inline">
				<IconStyle>
					<color>ffffffff</color>
					<colorMode>normal</colorMode>
				</IconStyle>
				<LineStyle>
					<color>ffffffff</color>
					<colorMode>normal</colorMode>
				</LineStyle>
				<PolyStyle>
					<color>ffffffff</color>
					<colorMode>normal</colorMode>
				</PolyStyle>
			</Style>
			<ExtendedData>
				<SchemaData schemaUrl="#S_otego_creek_DDDSSSSDSSSDDDDDDD">
					<SimpleData name="fid">1992</SimpleData>
					<SimpleData name="cat">1992</SimpleData>
					<SimpleData name="cat_">2050</SimpleData>
					<SimpleData name="COMID">8.08586e+06</SimpleData>
					<SimpleData name="FDATE">2008/07/22</SimpleData>
					<SimpleData name="RESOLUTION">Medium</SimpleData>
					<SimpleData name="GNIS_ID">969130</SimpleData>
					<SimpleData name="GNIS_NAME">West Branch Otego Creek</SimpleData>
					<SimpleData name="LENGTHKM">0.622</SimpleData>
					<SimpleData name="REACHCODE">02050101001924</SimpleData>
					<SimpleData name="FLOWDIR">With Digitized</SimpleData>
					<SimpleData name="FTYPE">ArtificialPath</SimpleData>
					<SimpleData name="FCODE">55800</SimpleData>
					<SimpleData name="AreaSqKM">0.9693</SimpleData>
					<SimpleData name="TotDASqKM">10.413</SimpleData>
					<SimpleData name="DUP_COMID">0</SimpleData>
					<SimpleData name="DUP_ArSqKM">0</SimpleData>
					<SimpleData name="DUP_Length">0.622</SimpleData>
					<SimpleData name="GIS_FID">0</SimpleData>
					<SimpleData name="rid">2007</SimpleData>
				</SchemaData>
			</ExtendedData>
			<LineString>
				<coordinates>
					-75.09636172710178,42.68363060044531,0 -75.09636179407892,42.68353906677599,0 -75.09676499432942,42.68324186682338,0 -75.09682712704992,42.68305880044324,0 -75.0964241940184,42.68255546689688,0 -75.09568039411762,42.68193766725672,0 -75.09413072763846,42.68099946750483,0 -75.09378972691192,42.68088519993386,0 -75.09316972702935,42.68083919995368,0 -75.09174339391862,42.68127340083772,0 -75.09155739352089,42.68125046702935,0 
				</coordinates>
			</LineString>
		</Placemark>
		<Placemark>
			<styleUrl>#style0</styleUrl>
			<Style id="inline">
				<IconStyle>
					<color>ffffffff</color>
					<colorMode>normal</colorMode>
				</IconStyle>
				<LineStyle>
					<color>ffffffff</color>
					<colorMode>normal</colorMode>
				</LineStyle>
				<PolyStyle>
					<color>ffffffff</color>
					<colorMode>normal</colorMode>
				</PolyStyle>
			</Style>
			<ExtendedData>
				<SchemaData schemaUrl="#S_otego_creek_DDDSSSSDSSSDDDDDDD">
					<SimpleData name="fid">2034</SimpleData>
					<SimpleData name="cat">2034</SimpleData>
					<SimpleData name="cat_">2093</SimpleData>
					<SimpleData name="COMID">8.08525e+06</SimpleData>
					<SimpleData name="FDATE">2008/07/22</SimpleData>
					<SimpleData name="RESOLUTION">Medium</SimpleData>
					<SimpleData name="GNIS_ID">969130</SimpleData>
					<SimpleData name="GNIS_NAME">West Branch Otego Creek</SimpleData>
					<SimpleData name="LENGTHKM">0.518</SimpleData>
					<SimpleData name="REACHCODE">02050101001967</SimpleData>
					<SimpleData name="FLOWDIR">With Digitized</SimpleData>
					<SimpleData name="FTYPE">StreamRiver</SimpleData>
					<SimpleData name="FCODE">46006</SimpleData>
					<SimpleData name="AreaSqKM">0.4887</SimpleData>
					<SimpleData name="TotDASqKM">9.4437</SimpleData>
					<SimpleData name="DUP_COMID">0</SimpleData>
					<SimpleData name="DUP_ArSqKM">0</SimpleData>
					<SimpleData name="DUP_Length">0.518</SimpleData>
					<SimpleData name="GIS_FID">0</SimpleData>
					<SimpleData name="rid">2049</SimpleData>
				</SchemaData>
			</ExtendedData>
			<LineString>
				<coordinates>
					-75.10076299385221,42.68676526736675,0 -75.10054612682561,42.6863534674489,0 -75.09822132734828,42.68536946734838,0 -75.09766332703755,42.68493466672295,0 -75.09685772717013,42.68390520064345,0 -75.09636172710178,42.68363060044531,0 
				</coordinates>
			</LineString>
		</Placemark>
		<Placemark>
			<styleUrl>#style0</styleUrl>
			<Style id="inline">
				<IconStyle>
					<color>ffffffff</color>
					<colorMode>normal</colorMode>
				</IconStyle>
				<LineStyle>
					<color>ffffffff</color>
					<colorMode>normal</colorMode>
				</LineStyle>
				<PolyStyle>
					<color>ffffffff</color>
					<colorMode>normal</colorMode>
				</PolyStyle>
			</Style>
			<ExtendedData>
				<SchemaData schemaUrl="#S_otego_creek_DDDSSSSDSSSDDDDDDD">
					<SimpleData name="fid">2035</SimpleData>
					<SimpleData name="cat">2035</SimpleData>
					<SimpleData name="cat_">2094</SimpleData>
					<SimpleData name="COMID">8.0853e+06</SimpleData>
					<SimpleData name="FDATE">2008/07/22</SimpleData>
					<SimpleData name="RESOLUTION">Medium</SimpleData>
					<SimpleData name="GNIS_ID">969130</SimpleData>
					<SimpleData name="GNIS_NAME">West Branch Otego Creek</SimpleData>
					<SimpleData name="LENGTHKM">2.332</SimpleData>
					<SimpleData name="REACHCODE">02050101001968</SimpleData>
					<SimpleData name="FLOWDIR">With Digitized</SimpleData>
					<SimpleData name="FTYPE">StreamRiver</SimpleData>
					<SimpleData name="FCODE">46006</SimpleData>
					<SimpleData name="AreaSqKM">4.4667</SimpleData>
					<SimpleData name="TotDASqKM">14.8797</SimpleData>
					<SimpleData name="DUP_COMID">0</SimpleData>
					<SimpleData name="DUP_ArSqKM">0</SimpleData>
					<SimpleData name="DUP_Length">2.332</SimpleData>
					<SimpleData name="GIS_FID">0</SimpleData>
					<SimpleData name="rid">2050</SimpleData>
				</SchemaData>
			</ExtendedData>
			<LineString>
				<coordinates>
					-75.09155739352089,42.68125046702935,0 -75.09124752738251,42.68095300017704,0 -75.09121672713772,42.68074720005818,0 -75.09158899426102,42.68012966712003,0 -75.09131012774263,42.67987800066344,0 -75.09084552765856,42.67914580048939,0 -75.08976112705713,42.67804760058249,0 -75.08932732680348,42.67747560077026,0 -75.08932752737394,42.67710960088378,0 -75.09044472767465,42.67518846757354,0 -75.09078659399377,42.6734500670602,0 -75.09115919411934,42.6724666667465,0 -75.09115952758793,42.67194060038603,0 -75.09069492738531,42.67132286682681,0 -75.09060219364117,42.670705267058,0 -75.09047832761303,42.6705222002797,0 -75.09047879334254,42.66965300065231,0 -75.0901381940154,42.66885226728562,0 -75.09010772752676,42.66802880077331,0 -75.09103919389275,42.66514686725984,0 -75.09103939407753,42.66471226725106,0 -75.09051292715337,42.66393446689778,0 -75.09048239398916,42.66304226682423,0 -75.09032772774029,42.66244760039829,0 -75.09026639434347,42.66155546690102,0 
				</coordinates>
			</LineString>
		</Placemark>
		<Placemark>
			<styleUrl>#style0</styleUrl>
			<Style id="inline">
				<IconStyle>
					<color>ffffffff</color>
					<colorMode>normal</colorMode>
				</IconStyle>
				<LineStyle>
					<color>ffffffff</color>
					<colorMode>normal</colorMode>
				</LineStyle>
				<PolyStyle>
					<color>ffffffff</color>
					<colorMode>normal</colorMode>
				</PolyStyle>
			</Style>
			<ExtendedData>
				<SchemaData schemaUrl="#S_otego_creek_DDDSSSSDSSSDDDDDDD">
					<SimpleData name="fid">2067</SimpleData>
					<SimpleData name="cat">2067</SimpleData>
					<SimpleData name="cat_">2127</SimpleData>
					<SimpleData name="COMID">8.08538e+06</SimpleData>
					<SimpleData name="FDATE">2008/07/22</SimpleData>
					<SimpleData name="RESOLUTION">Medium</SimpleData>
					<SimpleData name="GNIS_ID">969130</SimpleData>
					<SimpleData name="GNIS_NAME">West Branch Otego Creek</SimpleData>
					<SimpleData name="LENGTHKM">3.69</SimpleData>
					<SimpleData name="REACHCODE">02050101001994</SimpleData>
					<SimpleData name="FLOWDIR">With Digitized</SimpleData>
					<SimpleData name="FTYPE">StreamRiver</SimpleData>
					<SimpleData name="FCODE">46006</SimpleData>
					<SimpleData name="AreaSqKM">3.2409</SimpleData>
					<SimpleData name="TotDASqKM">19.9512</SimpleData>
					<SimpleData name="DUP_COMID">0</SimpleData>
					<SimpleData name="DUP_ArSqKM">0</SimpleData>
					<SimpleData name="DUP_Length">3.69</SimpleData>
					<SimpleData name="GIS_FID">0</SimpleData>
					<SimpleData name="rid">2082</SimpleData>
				</SchemaData>
			</ExtendedData>
			<LineString>
				<coordinates>
					-75.08239979425308,42.65322680040543,0 -75.08196639376325,42.65267760026794,0 -75.08134719365847,42.65180806664952,0 -75.08100712769978,42.65064140041885,0 -75.08122432728871,42.65022966709294,0 -75.08110119328377,42.64901740070574,0 -75.0816285941404,42.64814826740078,0 -75.08162899412102,42.64769080040065,0 -75.0807927272251,42.64730166729635,0 -75.08038999387057,42.64702706687255,0 -75.0801425272207,42.64647800044023,0 -75.08051532740535,42.6452200670252,0 -75.08048479337847,42.6446252674917,0 -75.08011339416706,42.64387040022528,0 -75.08005232714875,42.64270366710141,0 -75.08030052737543,42.6421320007109,0 -75.08030099422878,42.64156006749879,0 -75.08014639361969,42.64119400088545,0 -75.07940332731394,42.64043886708536,0 -75.07900092686631,42.63986686703168,0 -75.07813392769221,42.63927180049039,0 -75.07794839376882,42.63881426725565,0 -75.07785539413543,42.63876840040741,0 -75.07776359393003,42.63735026745067,0 -75.07788772750685,42.63705300072068,0 -75.07816672780469,42.6368472003662,0 -75.0793753273356,42.63629860078017,0 -75.07980952787403,42.63581840044371,0 -75.07974779428184,42.63549806699938,0 -75.07854019344428,42.6344912666648,0 -75.07850952663797,42.63428540040643,0 -75.07804532731713,42.63355326686253,0 -75.07736432682654,42.63286666669512,0 -75.07677579405139,42.63277500025644,0 -75.07637332769971,42.63252320038389,0 -75.07637372680988,42.63201986664952,0 -75.07779939418923,42.63094546742597,0 -75.07838872739556,42.63014506703556,0 -75.08018632727642,42.62872760091305,0 -75.08105379368375,42.62838480065879,0 -75.08164272759775,42.6280190001019,0 -75.08182872682879,42.62772166716787,0 -75.08179839437666,42.62682960050748,0 -75.08121012735177,42.62637186750162,0 -75.08090072673505,42.62598286721904,0 -75.080901194199,42.62550260016232,0 -75.08099419431349,42.62536526763652,0 
				</coordinates>
			</LineString>
		</Placemark>
		<Placemark>
			<styleUrl>#style0</styleUrl>
			<Style id="inline">
				<IconStyle>
					<color>ffffffff</color>
					<colorMode>normal</colorMode>
				</IconStyle>
				<LineStyle>
					<color>ffffffff</color>
					<colorMode>normal</colorMode>
				</LineStyle>
				<PolyStyle>
					<color>ffffffff</color>
					<colorMode>normal</colorMode>
				</PolyStyle>
			</Style>
			<ExtendedData>
				<SchemaData schemaUrl="#S_otego_creek_DDDSSSSDSSSDDDDDDD">
					<SimpleData name="fid">7441</SimpleData>
					<SimpleData name="cat">7442</SimpleData>
					<SimpleData name="cat_">7571</SimpleData>
					<SimpleData name="COMID">8.0853e+06</SimpleData>
					<SimpleData name="FDATE">1999/09/29</SimpleData>
					<SimpleData name="RESOLUTION">Medium</SimpleData>
					<SimpleData name="GNIS_ID">959535</SimpleData>
					<SimpleData name="GNIS_NAME">Otego Creek</SimpleData>
					<SimpleData name="LENGTHKM">0.876</SimpleData>
					<SimpleData name="REACHCODE">02050101000360</SimpleData>
					<SimpleData name="FLOWDIR">With Digitized</SimpleData>
					<SimpleData name="FTYPE">StreamRiver</SimpleData>
					<SimpleData name="FCODE">46006</SimpleData>
					<SimpleData name="AreaSqKM">0</SimpleData>
					<SimpleData name="TotDASqKM">41.4342</SimpleData>
					<SimpleData name="DUP_COMID">1</SimpleData>
					<SimpleData name="DUP_ArSqKM">0</SimpleData>
					<SimpleData name="DUP_Length">0.025</SimpleData>
					<SimpleData name="GIS_FID">0</SimpleData>
					<SimpleData name="rid">7457</SimpleData>
				</SchemaData>
			</ExtendedData>
			<LineString>
				<coordinates>
					-75.04919279424553,42.66794100038963,0 -75.04938913113673,42.66776646808515,0 
				</coordinates>
			</LineString>
		</Placemark>
		<Placemark>
			<styleUrl>#style0</styleUrl>
			<Style id="inline">
				<IconStyle>
					<color>ffffffff</color>
					<colorMode>normal</colorMode>
				</IconStyle>
				<LineStyle>
					<color>ffffffff</color>
					<colorMode>normal</colorMode>
				</LineStyle>
				<PolyStyle>
					<color>ffffffff</color>
					<colorMode>normal</colorMode>
				</PolyStyle>
			</Style>
			<ExtendedData>
				<SchemaData schemaUrl="#S_otego_creek_DDDSSSSDSSSDDDDDDD">
					<SimpleData name="fid">7442</SimpleData>
					<SimpleData name="cat">7443</SimpleData>
					<SimpleData name="cat_">7572</SimpleData>
					<SimpleData name="COMID">8.08567e+06</SimpleData>
					<SimpleData name="FDATE">1999/09/29</SimpleData>
					<SimpleData name="RESOLUTION">Medium</SimpleData>
					<SimpleData name="GNIS_ID">952283</SimpleData>
					<SimpleData name="GNIS_NAME">Harrison Creek</SimpleData>
					<SimpleData name="LENGTHKM">0.539</SimpleData>
					<SimpleData name="REACHCODE">02050101000606</SimpleData>
					<SimpleData name="FLOWDIR">With Digitized</SimpleData>
					<SimpleData name="FTYPE">StreamRiver</SimpleData>
					<SimpleData name="FCODE">46006</SimpleData>
					<SimpleData name="AreaSqKM">0</SimpleData>
					<SimpleData name="TotDASqKM">20.1096</SimpleData>
					<SimpleData name="DUP_COMID">1</SimpleData>
					<SimpleData name="DUP_ArSqKM">0</SimpleData>
					<SimpleData name="DUP_Length">0.025</SimpleData>
					<SimpleData name="GIS_FID">0</SimpleData>
					<SimpleData name="rid">7458</SimpleData>
				</SchemaData>
			</ExtendedData>
			<LineString>
				<coordinates>
					-75.13079212767592,42.50352040074893,0 -75.1305023593264,42.50344246310686,0 
				</coordinates>
			</LineString>
		</Placemark>
	</Folder>
</Document>
</kml>
