<?xml version="1.0" encoding="UTF-8"?><kml xmlns="http://www.opengis.net/kml/2.2"><Document><Placemark><ExtendedData></ExtendedData><Point><coordinates>-75.12065317111602,42.427816247552094</coordinates></Point></Placemark><Placemark><ExtendedData></ExtendedData><Polygon><outerBoundaryIs><LinearRing><coordinates>-75.2052979206827,42.53175915789852 -75.20517615517855,42.53175937597148 -75.2051764499445,42.53184943368913 -75.20505468426407,42.531849651633394 -75.20505497885642,42.5319397093503 -75.20493321299972,42.531939927165865 -75.2049335074185,42.53202998488203 -75.20481174138551,42.5320302025689 -75.2048120356307,42.532120260284316 -75.20444673699882,42.532120912570704 -75.20444703072056,42.53221097028674 -75.2042034979427,42.53221140449879 -75.20420379131592,42.53230146221476 -75.20383849161423,42.53230211256451 -75.203838784464,42.5323921702811 -75.20335171747652,42.53239303560545 -75.20335200962788,42.532483093323336 -75.2029867088484,42.53248374096011 -75.20298700047628,42.5325737986786 -75.20274346626672,42.53257422979089 -75.20274375754606,42.53266428750932 -75.20225668841118,42.53266514818399 -75.2022569789921,42.5327552059037 -75.20176990913613,42.53275606451091 -75.20177019901863,42.53284612223189 -75.20116136079405,42.53284719258313 -75.20116164980317,42.53293725030603 -75.20091811415416,42.53293767754218 -75.20091840281472,42.533027735265 -75.20067486681054,42.53302816198494 -75.20067515512255,42.53311821970767 -75.20030985058153,42.53311885881919 -75.20031013837003,42.53320891654252 -75.20006660165286,42.533209341971265 -75.20006688909278,42.533299399694506 -75.19982335202046,42.533299824607035 -75.19982363911181,42.53338988233018 -75.19945833296862,42.533390518730585 -75.19945861953644,42.5334805764543 -75.19921508175119,42.533481000075625 -75.19921536797044,42.53357105779924 -75.19909359890089,42.53357126941649 -75.19909417099342,42.5337513848608 -75.19897240157268,42.53375159634998 -75.19897297332055,42.53393171178992 -75.1988512035486,42.53393192315103 -75.19885148924955,42.53402198086954 -75.19872971930133,42.534022192101915 -75.19873000482863,42.534112249819664 -75.19860823470415,42.53411246092333 -75.19860852005783,42.53420251864031 -75.19836497945502,42.53420294046079 -75.1983652644601,42.53429299817767 -75.19812172350217,42.534293419481905 -75.19812200815863,42.53438347719869 -75.19787846684557,42.53438389798667 -75.19787875115344,42.53447395570335 -75.19763520948524,42.53447437597509 -75.1976354934445,42.534564433691656 -75.19739195142118,42.53456485344716 -75.19739223503184,42.53465491116362 -75.19702692146224,42.534655539828385 -75.19702720454931,42.534745597545395 -75.19678366181317,42.53474601600959 -75.19678394455163,42.534836073726495 -75.19641862991283,42.5348367004543 -75.1964189121277,42.534926758171736 -75.19605359695237,42.53492738373697 -75.19605387864365,42.53501744145495 -75.19581033483705,42.535017857852765 -75.19581061617973,42.53510791557062 -75.19568884409952,42.535108123576094 -75.19568912526853,42.5351981812932 -75.19544558075434,42.53519859691724 -75.1954458615747,42.535288654634215 -75.19532408914071,42.535288862252806 -75.1953243697874,42.535378919969006 -75.19508082456562,42.53537933481929 -75.19508110486368,42.53546939253537 -75.1949593320759,42.535469599767076 -75.19495961220028,42.53555965748238 -75.19483783923624,42.53555986458533 -75.19483811918694,42.53564992229986 -75.19459457290509,42.535650336118884 -75.19459485250714,42.53574039383328 -75.19447307918934,42.53574060054934 -75.19447335861769,42.53583065826298 -75.19422981162828,42.535831071308195 -75.19423009070798,42.535921129021695 -75.19386476968938,42.53592174762097 -75.19386504824546,42.536011805335 -75.19349972669046,42.53601242277162 -75.1935000047229,42.536102480486164 -75.19313468263151,42.53610309676012 -75.19313496014033,42.53619315447517 -75.1928914117231,42.53619356467877 -75.19289168888324,42.53628362239368 -75.19264814011098,42.536284032080964 -75.19264841692244,42.53637408979574 -75.19240486779515,42.5363744989667 -75.19240514425795,42.536464556681345 -75.19216159477564,42.53646496533598 -75.19216187088975,42.53655502305047 -75.19204009597173,42.53655522718434 -75.19204037191214,42.53664528489805 -75.19191859681787,42.536645488903154 -75.19191887258457,42.53673554661607 -75.19179709731405,42.536735750492404 -75.19179764850129,42.53691586591528 -75.19167587287957,42.5369160696635 -75.1916761483001,42.53700612737343 -75.19155437250214,42.537006330992874 -75.19155492299704,42.53718644640976 -75.19143314684786,42.537186649901074 -75.19143342192223,42.53727670760803 -75.1913116455968,42.53727691097058 -75.1913157692389,42.53862777641377 -75.19143754818911,42.53862757304165 -75.1914441508067,42.540788957069964 -75.19156593395572,42.54078875355313 -75.19156648455667,42.540968868850584 -75.19168826805446,42.54096866520305 -75.19168909449043,42.54123883813665 -75.19181087851199,42.54123863435779 -75.19181142982565,42.54141874963845 -75.19193321419598,42.541418545728874 -75.19193376586473,42.541598661002595 -75.19205555058383,42.54159845696232 -75.19205637862152,42.5418686298603 -75.19217816386443,42.54186842568869 -75.19217871624592,42.54204854094563 -75.1923005018376,42.542048336643305 -75.1923010545742,42.54222845189326 -75.19242284051465,42.54222824746023 -75.19242367015416,42.54249842032257 -75.19254545661842,42.54249821575821 -75.19254601006783,42.542678330991386 -75.19266779688087,42.5426781262963 -75.19266835068541,42.542858241522495 -75.19279013784724,42.5428580366967 -75.19279152325599,42.54330832473413 -75.1929133112917,42.54330811977567 -75.1929135885523,42.54339817737825 -75.1930353767618,42.54339797228974 -75.1930370414023,42.543938317871465 -75.19315883066075,42.543938112649656 -75.19316105165304,42.54465857334053 -75.19303926099424,42.54465877856748 -75.19304092574166,42.54519912402976 -75.19291913403131,42.54519932913113 -75.19291996589705,42.545469501845 -75.19279817366026,42.545469706818864 -75.19279872789367,42.545649821955614 -75.19267693530551,42.54565002680132 -75.19267804308737,42.54601025706034 -75.1925562497977,42.54601046177916 -75.19255680334612,42.54619057690142 -75.19243500970508,42.546190781492086 -75.19243556290846,42.546370896609936 -75.19231376891604,42.54637110107244 -75.19231432177438,42.54655121618588 -75.19219252743054,42.546551420520224 -75.19219335620235,42.54682159318165 -75.19207156133206,42.54682179738845 -75.19207211350282,42.54700191249025 -75.19195031828113,42.54700211656889 -75.19195087010681,42.54718223166627 -75.19182907453371,42.54718243561674 -75.1918293502734,42.54727249316394 -75.19170755452397,42.5472726969856 -75.19170810565696,42.547452812077005 -75.19158630955613,42.547453015770486 -75.19158686034403,42.547633130857484 -75.1914650638918,42.5476333344228 -75.19146533911257,42.547723391964794 -75.19134354248399,42.54772359540129 -75.19134381753095,42.54781365294251 -75.19122202072604,42.547813856250194 -75.1912222955992,42.54790391379063 -75.19097870163546,42.54790432001891 -75.19097897615971,42.54799437755919 -75.19085717900087,42.547994580479795 -75.19085745335131,42.5480846380193 -75.19073565601614,42.54808484081107 -75.19073593019277,42.548174898349785 -75.1904923351685,42.54817530354626 -75.19049260899621,42.54826536108482 -75.19037081130712,42.548265563489515 -75.19037108496101,42.548355621027284 -75.1902492870956,42.548355823303154 -75.19024956057567,42.54844588084013 -75.1901277625339,42.54844608298719 -75.19012803584015,42.54853614052338 -75.18988443940269,42.54853654443038 -75.18988471236003,42.54862660196642 -75.18976291396434,42.54862680372637 -75.18976318674785,42.54871686126162 -75.18964138817583,42.54871706289274 -75.18964166078551,42.548807120427206 -75.18951986203716,42.5488073219295 -75.189520134473,42.54889737946318 -75.1893983355483,42.54889758083665 -75.18939860781033,42.54898763836952 -75.1892768087093,42.54898783961418 -75.1892773528869,42.549167954676925 -75.18915555343445,42.549168155793375 -75.18915609726687,42.5493482708517 -75.18903429746301,42.549348471839956 -75.189034569206,42.54943852936762 -75.1889127692258,42.54943873022704 -75.18891331236533,42.54961884527935 -75.18879151203372,42.54961904601057 -75.18879205482806,42.54979916105845 -75.188670254145,42.54979936166148 -75.18867215273875,42.55042976428866 -75.18879395464747,42.55042956368123 -75.18879449746422,42.55060967870353 -75.1889162997219,42.55060947796539 -75.18891684289383,42.55078959298073 -75.18903864550045,42.55078939211186 -75.18903891726339,42.55087944961676 -75.18916072004387,42.550879248617804 -75.18916126392368,42.551059363622095 -75.18928306705313,42.55105916249241 -75.18928361128813,42.55123927748974 -75.18940541476655,42.55123907622932 -75.18940623165375,42.551509248712776 -75.18952803565622,42.551509047321 -75.18952858060416,42.5516891623016 -75.1896503849556,42.551688960779074 -75.1896514755669,42.552049190720695 -75.18952967051503,42.55204939224573 -75.18953021547796,42.552229507209255 -75.1894084100746,42.552229708606085 -75.18940895469231,42.55240982356519 -75.18928714893747,42.55241002483381 -75.18928742107309,42.552500082311866 -75.18916561514189,42.552500283451636 -75.18916588710363,42.5525903409289 -75.18904408099607,42.55259054193983 -75.18904435278394,42.55268059941629 -75.18892254650001,42.55268080029838 -75.18892281811401,42.55277085777406 -75.18880101165372,42.552771058527306 -75.18880128309385,42.55286111600219 -75.1886794764572,42.55286131662659 -75.18867974772344,42.552951374100665 -75.18843613409616,42.552951774962295 -75.18843640501342,42.55304183243621 -75.18819279103091,42.55304223278119 -75.18819306159918,42.553132290254965 -75.18794944726147,42.55313269008328 -75.18794971748072,42.55322274755687 -75.1875842954395,42.553223346330164 -75.18758456513463,42.55331340380421 -75.18734095008405,42.55331380234028 -75.18734121943014,42.55340385981414 -75.18709760402437,42.55340425783355 -75.18709787302147,42.55349431530725 -75.18673244937818,42.55349491136714 -75.18673271785114,42.55358496884128 -75.18648910173253,42.55358536556838 -75.18648936985646,42.55367542304236 -75.18624575338269,42.553675819252796 -75.18624602115759,42.55376587672658 -75.18600240432865,42.55376627242036 -75.18600267175454,42.55385632989394 -75.18588086316309,42.55385652754724 -75.18588113041507,42.55394658502003 -75.18575932164727,42.55394678254446 -75.18576012288517,42.554216954956175 -75.18563831359076,42.55421715235297 -75.18563911431427,42.55448732475375 -75.18551730449325,42.554487522022924 -75.1855183714412,42.554847751873204 -75.1853965609184,42.55484794901536 -75.1853973606168,42.55511812138999 -75.18527554956736,42.555118318404524 -75.18527741434711,42.55574872056654 -75.18515560207045,42.55574891745591 -75.18515746568404,42.55637931955256 -75.18503565218012,42.55637951631676 -75.1850380467663,42.55719003320134 -75.18491623168477,42.557190229841595 -75.18492447503034,42.559982009359345 -75.18480265451728,42.559982205889185 -75.18480371755945,42.56034243540731 -75.18468189634443,42.56034263181011 -75.18468216193284,42.56043268918669 -75.18456034054141,42.560432885460614 -75.18456060595585,42.5605229428364 -75.18431696281898,42.56052333499691 -75.18431722788425,42.56061339237252 -75.18419540613881,42.56061358825912 -75.18419567103011,42.56070364563391 -75.18407384910826,42.560703841391614 -75.18407411382559,42.56079389876559 -75.18395229172732,42.5607940943944 -75.18395255627068,42.560884151767574 -75.18383073399602,42.56088434726749 -75.18383099836538,42.56097440463985 -75.18370917591432,42.56097460001088 -75.18370944010971,42.56106465738242 -75.18358761748225,42.56106485262454 -75.18358788150366,42.561154909995274 -75.18346605869978,42.5611551051085 -75.1834663225472,42.56124516247842 -75.18334449956693,42.561245357462745 -75.18334476324037,42.56133541483185 -75.1831011169258,42.561335804413176 -75.18310138025006,42.56142586178209 -75.18297955691577,42.56142605637908 -75.18297982006602,42.56151611374719 -75.18285799655533,42.56151630821529 -75.18285852250911,42.56169642294844 -75.18273669864679,42.56169661728824 -75.18273696145029,42.5617866746533 -75.18261513741157,42.561786868864196 -75.1826156626718,42.561966983591255 -75.18249383828147,42.56196717767386 -75.18249410073818,42.56205723503586 -75.18237227617146,42.56205742898954 -75.1823728007381,42.56223754371051 -75.18225097581977,42.56223773753589 -75.18225176215311,42.562507909608485 -75.18212993670797,42.56250810330617 -75.18213072252651,42.562778275367805 -75.18200889655455,42.56277846893778 -75.18200942008917,42.56295858363965 -75.1818875937656,42.56295877708133 -75.18188785535948,42.563048834430724 -75.18176602885949,42.56304902774349 -75.18176629027938,42.563139085092075 -75.18164446360298,42.563139278275926 -75.18164498609593,42.563319392970044 -75.18140133203867,42.5633197789516 -75.18140159293652,42.56340983629773 -75.18115793852405,42.56341022176242 -75.18115819907267,42.563500279108325 -75.18091454430498,42.563500664056114 -75.18091480450437,42.56359072140183 -75.18079297694352,42.56359091368204 -75.18079323696888,42.563680971026926 -75.18054958149317,42.56368135519999 -75.18054984116928,42.563771412544654 -75.18042801325443,42.563771604437505 -75.18042827275653,42.56386166178135 -75.1801846165728,42.563862045179675 -75.18018487572566,42.563952102523295 -75.1798193909155,42.56395267665115 -75.17981964954387,42.56404273399515 -75.1795759926474,42.56404311610061 -75.17957625092653,42.5641331734444 -75.17945442230129,42.56413336430344 -75.17945468040638,42.564223421646396 -75.17921102280191,42.5642238029771 -75.17921128055774,42.56431386031982 -75.1789676225981,42.564314241133616 -75.17896788000466,42.56440429847613 -75.17872422168986,42.56440467877301 -75.17872447874716,42.56449473611528 -75.17848082007718,42.56449511589523 -75.1784810767852,42.56458517323727 -75.17835924727324,42.56458536293355 -75.17835950380721,42.564675420274774 -75.17823767411883,42.564675609842126 -75.17823793047877,42.5647656671825 -75.17799427074804,42.5647660459298 -75.1779945267587,42.564856103269946 -75.17787269671635,42.564856292449896 -75.17787295255295,42.56494634978921 -75.17762929211425,42.564946727761715 -75.17762954760158,42.565036785100794 -75.17750771720524,42.56503697389334 -75.17750797251851,42.565127031231604 -75.17738614194577,42.5651272198952 -75.17738639708497,42.56521727723262 -75.17726456633584,42.56521746576728 -75.17726482130098,42.56530752310388 -75.17714299037546,42.56530771150961 -75.17714324516653,42.56539776884537 -75.1770214140646,42.56539795712215 -75.17702166868163,42.56548801445708 -75.17677800612378,42.56548839062323 -75.1767785146604,42.56566850529118 -75.17665668302926,42.565668693181145 -75.17665693712408,42.56575875051357 -75.17653510531655,42.56575893827458 -75.1765356131592,42.56593905293634 -75.17641378100005,42.565939240568994 -75.17641403474788,42.566029297898346 -75.17629220241231,42.56602948540205 -75.17629270956101,42.56620960005764 -75.1761708768738,42.56620978743298 -75.17617113027465,42.566299844759236 -75.17604929741104,42.56630003200565 -75.17604955063781,42.56639008933105 -75.1759277175978,42.5663902764485 -75.17592822370435,42.56657039109624 -75.1758063903127,42.566570578085326 -75.17580664319247,42.56666063540765 -75.1756848096244,42.56666082226778 -75.17568531503694,42.56684093690933 -75.17556348111724,42.5668411236411 -75.17556373365001,42.566931180960324 -75.17544189955389,42.56693136756314 -75.17544240427242,42.5671114821985 -75.17532056982463,42.567111668672936 -75.17532082201039,42.567201725989065 -75.17519898738621,42.56720191233457 -75.17519923939787,42.56729196964986 -75.1750774045973,42.56729215586638 -75.17507765643487,42.56738221318084 -75.17495582145789,42.567382399268425 -75.17495632478598,42.56756251389422 -75.17483448945734,42.56756269985342 -75.17483474094786,42.56765275716478 -75.17471290544282,42.567652942995025 -75.17471315675925,42.56774300030553 -75.1745913210778,42.56774318600682 -75.17459157222012,42.567833243316485 -75.17446973636227,42.56783342888881 -75.1744699873305,42.56792348619764 -75.17434815129623,42.567923671641 -75.17434840209035,42.568013728949 -75.17422656587969,42.568013914263396 -75.17422681649971,42.56810397157055 -75.17410498011263,42.568104156755986 -75.17410523055854,42.56819421406229 -75.17398339399507,42.56819439911876 -75.17398389453983,42.56837451372827 -75.17386205762467,42.56837469865636 -75.17386230772352,42.568464755959575 -75.17374047063197,42.56846494075869 -75.1737407205567,42.56855499806106 -75.17361888328875,42.56855518273121 -75.17361913303937,42.568645240032716 -75.173497295595,42.5686454245739 -75.17349754517149,42.56873548187458 -75.17337570755073,42.5687356662868 -75.17337595695311,42.56882572358663 -75.17325411915593,42.568825907869886 -75.17325436838419,42.56891596516886 -75.17276701648301,42.56891670100868 -75.17276726501136,42.56900675830855 -75.17264542685795,42.569006941945204 -75.17264517850487,42.568916884644764 -75.1713049606702,42.56891889609155 -75.17130520709539,42.569008953398296 -75.17118336892835,42.56900913548038 -75.17118386143159,42.569189250090766 -75.17130569994914,42.56918906800753 -75.17130594637773,42.56927912531002 -75.17142778506941,42.56927894309667 -75.1714282782805,42.56945905769624 -75.17155011732159,42.56945887535221 -75.1715503641041,42.56954893264928 -75.17167220331933,42.56954875017512 -75.17167245027825,42.56963880747022 -75.17179428966763,42.56963862486593 -75.17179478393938,42.56981873945069 -75.17191662367817,42.56981855671572 -75.17191736562012,42.57008872858047 -75.17203920588359,42.57008854571422 -75.17203970086778,42.57026866028249 -75.17216154148068,42.57026847728553 -75.17216277983741,42.5707187636784 -75.17204093834813,42.57071894667822 -75.17204192835287,42.57107917576922 -75.17192008616135,42.57107935864179 -75.17192058081994,42.57125947317989 -75.17179873827672,42.571259655924024 -75.17180022122805,42.5717999995077 -75.17192206482301,42.57179981676012 -75.17192231216083,42.57188987401851 -75.17216599969791,42.571889508133516 -75.17216624738744,42.57197956538936 -75.17228809132958,42.57197938225196 -75.17228833919553,42.57206943950579 -75.17241018331181,42.572069256238244 -75.17241067939771,42.572249370740494 -75.17253252386345,42.57224918734224 -75.1725330203045,42.57242930183764 -75.17265486511968,42.572429118308676 -75.17265536191589,42.57260923279725 -75.17277720708051,42.572609049137576 -75.17277770423188,42.572789163619305 -75.17289954974596,42.57278897982891 -75.1729022860883,42.57377960937045 -75.1727804386459,42.57377979316717 -75.17278143301247,42.57414002205102 -75.1726595848677,42.57414020572049 -75.17266057855129,42.57450043458389 -75.17253872970412,42.57450061812608 -75.17253972270468,42.57486084696904 -75.17241787315511,42.57486103038397 -75.1724183693116,42.57504114479804 -75.17229651941025,42.575041328084545 -75.17229676731489,42.57513138529004 -75.17217491723709,42.57513156844753 -75.17217516496753,42.57522162565217 -75.17205331471327,42.575221808680666 -75.17205356226954,42.57531186588446 -75.17193171183884,42.57531204878395 -75.17193220660413,42.57549216318842 -75.17181035582163,42.575492345959475 -75.17181109745212,42.57576251755723 -75.17168924614252,42.57576270020043 -75.17169023429774,42.576122928979814 -75.17156838228571,42.576123111495725 -75.17156936975775,42.57648334025465 -75.17144751704328,42.57648352264327 -75.17144875053215,42.576933808562785 -75.17132689693986,42.57693399082468 -75.17132788304998,42.57729421953699 -75.17120602875524,42.57729440167157 -75.17120676782369,42.577564573192596 -75.17108491300178,42.57756475519931 -75.17108565155438,42.57783492670924 -75.17096379620531,42.577835108588076 -75.17096428822867,42.57801522292207 -75.17084243252779,42.578015404672456 -75.17084317004526,42.57828557616447 -75.17072131381721,42.57828575778698 -75.17072155948328,42.578375814948714 -75.17059970307876,42.5783759964422 -75.17060019406357,42.578556110762534 -75.17047833730722,42.57855629212757 -75.17047858262596,42.578646349286174 -75.17035672569314,42.578646530522185 -75.1703572159833,42.57882664483626 -75.17023535869866,42.578826825943814 -75.17023560367008,42.578916883099296 -75.17011374620895,42.57891706407782 -75.17011423580445,42.57909717838564 -75.16999237799149,42.57909735923571 -75.16999262261558,42.57918741638805 -75.16987076462614,42.57918759710909 -75.16987174243226,42.579547825706506 -75.16974988374028,42.579548006300215 -75.16975037229935,42.57972812059153 -75.16962851325552,42.579728301056775 -75.16962924557646,42.57999847248477 -75.16950738600542,42.57999865282213 -75.16950811781035,42.58026882423902 -75.16938625771209,42.58026900444845 -75.16938747653252,42.58071929011768 -75.16926561555634,42.58071947020034 -75.16926610274159,42.5808995844592 -75.16914424141353,42.58089976441339 -75.16914448483246,42.58098982154126 -75.16902262332792,42.58099000136641 -75.16902335306531,42.581260172743164 -75.16890149103355,42.5812603524404 -75.16890173410619,42.58135040956371 -75.16877987189794,42.58135058913191 -75.16878011479632,42.58144064625434 -75.16865825241157,42.5814408256935 -75.1686584951357,42.581530882815095 -75.16853663257446,42.5815310621252 -75.16853687512433,42.58162111924593 -75.16841501238659,42.581621298426995 -75.1684152547622,42.581711355546865 -75.16829339184797,42.581711534598895 -75.1682936340493,42.58180159171789 -75.16817177095861,42.58180177064087 -75.16817201298568,42.581891827759016 -75.16805014971847,42.581892006552955 -75.16805039157127,42.58198206367024 -75.16792852812759,42.58198224233513 -75.16792876980612,42.58207229945154 -75.16780690618593,42.58207247798739 -75.16780714769018,42.582162535102945 -75.1676852838935,42.582162713509746 -75.1676855252235,42.582252770624436 -75.16744179727607,42.58225312705033 -75.1674420382564,42.582343184164706 -75.16732017410563,42.58234336218379 -75.16732041491169,42.582433419297324 -75.16707668625608,42.58243377494779 -75.16707692671247,42.582523832061014 -75.16683319770169,42.58252418719416 -75.1668334378084,42.58261424430706 -75.1664678437578,42.58261477603639 -75.16646808333947,42.582704833149535 -75.16622435361613,42.58270518698881 -75.1656150292886,42.58270606931881 -75.16561479093465,42.58261601220179 -75.16549292624126,42.5826161882784 -75.16549268806378,42.58252613115941 -75.16537082354466,42.58252630710587 -75.16537058554367,42.58243624998489 -75.16524872119886,42.58243642580119 -75.16524848337433,42.58234636867824 -75.16512661920382,42.582346544364384 -75.16512638155577,42.58225648723946 -75.16500451755954,42.582256662795444 -75.16500428008797,42.58216660566855 -75.16488241626604,42.58216678109438 -75.16488194167692,42.58198666683523 -75.16476007820467,42.581986842130355 -75.16475960397067,42.58180672786441 -75.16463774084808,42.581806903028834 -75.16463703003137,42.58153673161762 -75.16451516743382,42.581536906650776 -75.16451493067248,42.581446849510314 -75.16439306824921,42.58144702441332 -75.16439259508054,42.58126691012704 -75.16414887093227,42.58126725954205 -75.1641486347003,42.58117720239568 -75.16378304899588,42.58117772554453 -75.1637828132911,42.58108766839511 -75.1635390898335,42.5810880165119 -75.16353885448056,42.580997959359955 -75.16280768513408,42.58099900059661 -75.1628079194348,42.581089057751825 -75.16244233422091,42.58108957662214 -75.16244210044633,42.58099951946531 -75.1615890694707,42.58100072562284 -75.16158930201767,42.58109078278346 -75.16146744027009,42.58109095457382 -75.16146720789847,42.58100089741266 -75.15988300736285,42.58100311888638 -75.15988323745462,42.5810931760545 -75.15963951392867,42.58109351587672 -75.15963974367075,42.58118357304447 -75.15951788173082,42.581183742761695 -75.15951811129857,42.581273799928574 -75.15927438706481,42.581274138975296 -75.15927461628287,42.581364196141806 -75.15915275398903,42.581364365471295 -75.15915298303277,42.5814544226369 -75.15890925809119,42.58145476090812 -75.15890948678523,42.58154481807339 -75.15878762413749,42.58154498701512 -75.1587878526572,42.58163504417948 -75.15866598983304,42.58163521299214 -75.15866621817841,42.581725270155594 -75.15854435517784,42.581725438839186 -75.15854458334888,42.58181549600177 -75.15842272017187,42.581815664556274 -75.15842294816858,42.58190572171796 -75.15817922146064,42.581906058439195 -75.15817944910765,42.58199611560052 -75.15805758557674,42.581996283767246 -75.1580578130494,42.582086340927674 -75.15793594934206,42.582086508965325 -75.15793617664039,42.58217656612486 -75.15781431275663,42.58217673403343 -75.1578145398806,42.58226679119207 -75.15769267582043,42.58226695897156 -75.15769290277007,42.5823570161293 -75.15757103853346,42.582357183779706 -75.15757126530876,42.582447240936546 -75.15744940089571,42.582447408457874 -75.15744962749667,42.582537465613825 -75.15732776290722,42.582537633006076 -75.15732798933384,42.58262769016111 -75.15720612456794,42.58262785742427 -75.1572063508202,42.582717914578424 -75.15708448587789,42.58271808171249 -75.1570847119558,42.58280813886575 -75.15696284683706,42.582808305870735 -75.15696307274062,42.58289836302308 -75.15684120744547,42.582898529898976 -75.15684143317468,42.58298858705044 -75.15671956770308,42.582988753797245 -75.15671979325795,42.58307881094781 -75.15659792760992,42.58307897756551 -75.15659815299043,42.58316903471517 -75.15635442134051,42.583169367562824 -75.15635487140304,42.58334948185996 -75.15623300522574,42.58334964809041 -75.15623323008317,42.58343970523736 -75.15611136372947,42.58343987133872 -75.15611158841253,42.583529928484765 -75.15598972188238,42.583530094457025 -75.15598994639107,42.58362015160218 -75.15586807968451,42.58362031744535 -75.1558685283542,42.58380043173242 -75.15574666129581,42.583800597447016 -75.15574688545681,42.58389065458894 -75.155625018222,42.58389082017444 -75.15562546619627,42.58407093445506 -75.15550359860963,42.584071099911974 -75.15550404623721,42.58425121418795 -75.15538217829874,42.58425137951629 -75.15538262557963,42.584431493787605 -75.15526075728934,42.58443165898736 -75.15526142769215,42.584701830385235 -75.15513955887461,42.584701995456925 -75.15514000546415,42.584882109716105 -75.15501813629477,42.584882274659215 -75.15501858253758,42.585062388913734 -75.15489671301637,42.58506255372825 -75.15489715891246,42.58524266797811 -75.1547752890394,42.585242832664036 -75.15477551181357,42.585332889787374 -75.15465364176409,42.5853330543442 -75.15465408696467,42.58551316858758 -75.15453221656334,42.58551333301581 -75.15453243898975,42.5856033901359 -75.15441056841199,42.58560355443504 -75.154410790664,42.585693611554206 -75.15428891990982,42.58569377572422 -75.15428914198742,42.58578383284249 -75.1541672710568,42.5857839968834 -75.15416749296001,42.585874054000755 -75.15404562185296,42.58587421791256 -75.15404584358178,42.58596427502901 -75.15392397229829,42.585964438811686 -75.15392419385272,42.586054495927236 -75.15380232239279,42.5860546595808 -75.15380254377283,42.586144716695436 -75.15368067213645,42.586144880219905 -75.15368089334208,42.586234937333636 -75.15355902152928,42.586235100728985 -75.15355924256049,42.5863251578418 -75.15343737057127,42.58632532110802 -75.15343759142809,42.58641537821993 -75.15331571926241,42.58641554135705 -75.15331593994482,42.58650559846805 -75.15319406760271,42.586505761476054 -75.15319428811073,42.58659581858614 -75.15307241559219,42.58659598146502 -75.15307263592578,42.5866860385742 -75.15295076323082,42.58668620132396 -75.15295098338999,42.58677625843223 -75.15282911051858,42.58677642105287 -75.15282933050335,42.586866478160225 -75.15270745745552,42.58686664065175 -75.15270767726587,42.58695669775819 -75.15258580404159,42.58695686012059 -75.15258602367753,42.587046917226125 -75.15246415027683,42.58704707945941 -75.15246436973833,42.58713713656402 -75.1523424961612,42.58713729866819 -75.15234271544828,42.58722735577188 -75.15222084169471,42.587227517746925 -75.15222127992106,42.58740763195107 -75.15209940581563,42.587407793797496 -75.15209962475488,42.58749785089795 -75.15197775047301,42.58749801261525 -75.15197818800365,42.587678126812904 -75.15185631336993,42.587678288401584 -75.15185653196134,42.58776834549877 -75.15173465715117,42.58776850695833 -75.1517350939861,42.58794862114947 -75.15161321882407,42.5879487824804 -75.15161343706761,42.588038839574345 -75.15136968638967,42.588039161848315 -75.15136990428334,42.588129218941845 -75.15100427773261,42.58812970138206 -75.15100449510096,42.58821975847569 -75.15076074371129,42.58822007945533 -75.1507605266938,42.588130022360694 -75.15051677565101,42.58813034282079 -75.1505165589854,42.588040285723736 -75.14990718223821,42.58804108460287 -75.14990696645076,42.58795102750189 -75.14966321609583,42.58795134614512 -75.14966300066023,42.587861289041705 -75.14954112565671,42.58786144816836 -75.14954091039753,42.58777139106304 -75.14941903556846,42.587771550059564 -75.1494188204857,42.58768149295233 -75.14929694583108,42.58768165181872 -75.14929673092475,42.58759159470955 -75.14917485644456,42.587591753445814 -75.14917464171464,42.58750169633474 -75.1490527674089,42.58750185494088 -75.1490525528554,42.58741179782788 -75.14893067872411,42.58741195630389 -75.14893046434703,42.58732189918897 -75.14880859039017,42.58732205753485 -75.14880837618949,42.587232000418005 -75.1486865024071,42.58723215863376 -75.14868607435955,42.587052044394845 -75.14856420092701,42.58705220247998 -75.14856398708015,42.58696214535787 -75.148320240563,42.58696246113825 -75.14832002706795,42.58687240401376 -75.14807628089773,42.58687271927463 -75.14807606775452,42.586782662147726 -75.14783232193123,42.5867829768891 -75.14783210913984,42.58669291975977 -75.14746649092388,42.586693390898134 -75.14746627865973,42.58660333376592 -75.14710066096124,42.586603803736146 -75.14710044922434,42.58651374660105 -75.14661295964781,42.58651437141128 -75.14661274861356,42.58642431427279 -75.1461252597232,42.586424937007024 -75.14612504939161,42.58633487986516 -75.14588130529148,42.58633519045355 -75.1458810953117,42.5862451333093 -75.14539360780155,42.58624575292861 -75.1453933985244,42.586155695780974 -75.14514965511441,42.5861560048119 -75.14514944618905,42.5860659476619 -75.14490570312606,42.58606625617335 -75.14490549455249,42.58597619902096 -75.14478362319497,42.58597635308176 -75.14478341479777,42.58588629592745 -75.14466154361472,42.58588644985816 -75.1446613353939,42.585796392701944 -75.14453946438532,42.58579654650253 -75.14453863221324,42.58543631786157 -75.14441676190535,42.585436471530606 -75.14441696977151,42.58552652869347 -75.14380761734068,42.58552729509674 -75.14380782433075,42.58561735226058 -75.14368595366632,42.58561750515285 -75.1436861604819,42.58570756231574 -75.14356428964112,42.585707715078854 -75.14356449628224,42.5857977722408 -75.14344262526508,42.58579792487477 -75.14344283173175,42.58588798203579 -75.14319908934377,42.585888286915825 -75.14319929546053,42.585978344076366 -75.1430774240897,42.58597849632242 -75.14307763003202,42.586068553482015 -75.14295575848482,42.58606870559892 -75.14295596425265,42.58615876275756 -75.1428340925291,42.586158914745326 -75.14283429812245,42.586248971903046 -75.14271242622254,42.58624912376165 -75.14271263164142,42.58633918091841 -75.14259075956514,42.586339332647874 -75.14259117005489,42.586519446958086 -75.14246929762682,42.58651959855886 -75.14246950269768,42.5866096557123 -75.14234763009325,42.58660980718394 -75.14234783498964,42.58669986433643 -75.14222596220884,42.5867000156789 -75.14222616693074,42.58679007283047 -75.1421042939736,42.58679022404379 -75.14210470306936,42.58697033834357 -75.14198282976041,42.58697048942821 -75.14198303413428,42.58706054657645 -75.14186116064897,42.58706069753194 -75.14186156904866,42.58724081182508 -75.14173969521157,42.587240962651876 -75.14174010326414,42.5874210769403 -75.14161822907526,42.587421227638416 -75.14161863678072,42.58760134192207 -75.14149676224002,42.587601492491494 -75.14149696591873,42.58769154963168 -75.14137509120168,42.587691700071936 -75.14137549821102,42.58787181434896 -75.14125362314216,42.58787196466053 -75.14125382647279,42.587962021797395 -75.14101007598143,42.587962322032574 -75.14101027896211,42.58805237916894 -75.14064465269176,42.58805282855086 -75.14064485514709,42.58814288568721 -75.14027922834205,42.588143333903815 -75.14027943027199,42.58823339104017 -75.14015755449303,42.58823354018691 -75.14015775624846,42.588323597322294 -75.14003588029313,42.58832374633987 -75.14003608187406,42.5884138034743 -75.13991420574236,42.588413952362686 -75.13991440714875,42.58850400949618 -75.1397925308407,42.588504158255404 -75.13979273207259,42.58859421538792 -75.13967085558816,42.588594364017986 -75.13967105664554,42.58868442114955 -75.13942730332305,42.58868471802168 -75.13942750403046,42.588774775152764 -75.13930562719239,42.58877492339484 -75.13930582772528,42.58886498052495 -75.13918395071086,42.58886512863785 -75.13918415106923,42.58895518576702 -75.1389403966867,42.58895548160483 -75.13894059669511,42.5890455387335 -75.13881871932703,42.58904568645842 -75.13881891916091,42.58913574358613 -75.13857516407111,42.58913603864796 -75.138575363555,42.58922609577516 -75.13845348583328,42.58922624311208 -75.13845368514266,42.58931630023834 -75.13833180724458,42.58931644744608 -75.13833200637941,42.589406504571365 -75.13808825022963,42.58940679859886 -75.13808844901448,42.58949685572364 -75.13796657076277,42.58949700254338 -75.13796676937308,42.5895870596672 -75.13784489094502,42.58958720635777 -75.13784528781747,42.58976732060209 -75.13772340903759,42.589767467163924 -75.1377238055628,42.58994758140348 -75.1376019264311,42.58994772783659 -75.13760232260904,42.59012784207136 -75.13748044312553,42.590127988375755 -75.13748103687288,42.59039815971863 -75.13735915686209,42.59039830589476 -75.1373599478361,42.59075853433388 -75.13723806712258,42.59075868038217 -75.13723865983624,42.59102885169796 -75.13711677859543,42.59102899761799 -75.13711737079086,42.59129916892235 -75.13699548902275,42.5912993147141 -75.13699627792748,42.591659543101855 -75.1368743954566,42.59165968876577 -75.13687498661822,42.591929860043024 -75.13675310362004,42.59193000557867 -75.1367536942634,42.5922001768445 -75.13663181073788,42.592200322251855 -75.13663240086296,42.592470493506255 -75.13651051681012,42.59247063878532 -75.1365107133448,42.592560695867746 -75.13638882911559,42.59256084101761 -75.13638922183672,42.59274095517908 -75.13626733725566,42.5927411002002 -75.1362675334421,42.59283115727925 -75.13614564868465,42.592831302171184 -75.13614604070925,42.593011416325936 -75.13602415559994,42.59301156108911 -75.13602435143814,42.59310161816481 -75.13578058086586,42.593101907303094 -75.13578077635397,42.59319196437828 -75.13565889089101,42.593192108753385 -75.13565908620454,42.593282165827596 -75.13334325890473,42.5932848843281 -75.13334306692535,42.59319482724537 -75.13273363951289,42.593195534858516 -75.13273344841181,42.59310547777215 -75.13224590716797,42.59310604152705 -75.13224571676967,42.59301598443749 -75.13163629107264,42.59301668621164 -75.13163610155262,42.59292662911846 -75.13005159692003,42.592928438555695 -75.1300517841588,42.59301849565455 -75.12907670290875,42.59301959826667 -75.12907688874454,42.59310965536756 -75.12810180603606,42.59311074968506 -75.12810199046885,42.59320080678796 -75.12773633391274,42.593201215018944 -75.12773651781993,42.5932912721217 -75.12761463212405,42.59329140793981 -75.1276148158566,42.593381465041574 -75.12737104411136,42.59338173628965 -75.12737122749377,42.59347179339085 -75.12724934144441,42.59347192882083 -75.12724952465219,42.59356198592101 -75.12712763842649,42.59356212122176 -75.12712782145962,42.59365217832096 -75.12688404865474,42.59365244853431 -75.12688423133775,42.59374250563293 -75.12676234475856,42.59374264054554 -75.12676252726692,42.59383269764316 -75.12651875375505,42.59383296708024 -75.12651893591327,42.593923024177286 -75.1263970489806,42.593923158701756 -75.12639723096416,42.5940132157978 -75.12615345674534,42.5940134844586 -75.12615363837877,42.59410354155408 -75.12578797651781,42.594103943574076 -75.12578815762559,42.59419400066937 -75.12530060776405,42.594194534882455 -75.12530078817069,42.594284591977996 -75.12481323759395,42.594285124118144 -75.12481341729946,42.59437518121395 -75.12432586600755,42.594375711281145 -75.12432604501191,42.59446576837718 -75.1238384930049,42.59446629637142 -75.12383867130809,42.594556353467695 -75.12347300676775,42.59455674810313 -75.12347318454529,42.59464680519923 -75.12298563111145,42.59464732956616 -75.12298580818782,42.594737386662466 -75.12274203111502,42.594737648068765 -75.12274273802464,42.59509787644308 -75.12286462726344,42.59509774580312 -75.12286480416837,42.59518780289273 -75.12298669358186,42.5951876721227 -75.1229868706631,42.59527772921048 -75.12323064983862,42.5952774672806 -75.1232308272717,42.59536752436614 -75.12335271703373,42.59536739320628 -75.1233528946431,42.59545745029 -75.12347478457984,42.59545731900006 -75.12347496236553,42.59554737608193 -75.12359685247695,42.59554724466192 -75.12359720840179,42.595727358820575 -75.1237190988634,42.59572722727007 -75.12371927700255,42.59581728434686 -75.12384116763884,42.59581715266627 -75.12384134595433,42.59590720974123 -75.1239632367653,42.59590707793056 -75.12396359374974,42.596087192075366 -75.1240854849109,42.5960870601342 -75.12408566357985,42.596177117204064 -75.12420755491571,42.59617698513281 -75.12420791260709,42.59635709926744 -75.12432980429315,42.59635696706569 -75.12432998331559,42.59644702413046 -75.12445187517633,42.596446891798614 -75.12445223357469,42.596627005923054 -75.12457412578564,42.59662687346071 -75.12457448453831,42.596806987578645 -75.12469637709947,42.59680685498579 -75.12469691576118,42.59707702615079 -75.12481880884806,42.59707689342702 -75.12481916831103,42.59725700752907 -75.12494106174812,42.597256874674784 -75.12494160147531,42.59752704581596 -75.12506349543814,42.59752691283076 -75.12506385561144,42.59770702691693 -75.12518574992448,42.59770689380121 -75.1251864709831,42.598067121954834 -75.12530836599741,42.598066988707764 -75.12530926821694,42.59851727386574 -75.12543116410804,42.5985171404869 -75.12543297036454,42.59941771069204 -75.12555486801017,42.59941757717934 -75.12555866510512,42.60130877413868 -75.12543676377302,42.601308907660176 -75.12543820897719,42.60202936348314 -75.12556011171375,42.60202922995831 -75.12556101587111,42.60247951479939 -75.12568291948465,42.602479381142764 -75.12568346251572,42.6027495520291 -75.12580536665513,42.60274941824151 -75.12580572903114,42.60292953215777 -75.12592763352086,42.60292939823965 -75.12592799625132,42.60310951214941 -75.12604990109133,42.60310937810074 -75.12605026417629,42.60328949200396 -75.12617216936663,42.60328935782475 -75.12617253280605,42.60346947172145 -75.12629443834669,42.603469337411696 -75.12629480214059,42.60364945130187 -75.12641670803156,42.60364931686157 -75.12641707217995,42.60382943074519 -75.12653897842124,42.60382929617435 -75.12653934292413,42.60400941005147 -75.12666124951572,42.60400927535007 -75.12666161437313,42.60418938922065 -75.12678352131505,42.60418925438871 -75.12678406913417,42.604459425182654 -75.12690597660199,42.604459290219715 -75.1269063421701,42.6046394040744 -75.12702824998826,42.60463926898091 -75.12703081151726,42.60590006579854 -75.12690890124087,42.60590020089795 -75.12690981523454,42.60635048541027 -75.12678790407931,42.60635062038209 -75.12678826933146,42.6065307341779 -75.12666635782419,42.60653086902085 -75.12666727009122,42.606981153487645 -75.12678918247651,42.60698101864261 -75.12678936510802,42.60707107553127 -75.12703319022731,42.60707080545116 -75.12703337321088,42.607160862337565 -75.12727719867802,42.60716059173772 -75.12727738201363,42.60725064862186 -75.12752120782862,42.60725037750228 -75.1275213915163,42.60734043438415 -75.12764330459812,42.60734029862936 -75.12764348846225,42.60743035550937 -75.12788731497461,42.60743008360977 -75.12788749919082,42.6075201404875 -75.12825323947982,42.6075197316639 -75.1282534242237,42.607609788538944 -75.12861916503192,42.607609378546556 -75.12861935030348,42.60769943541889 -75.12898509163087,42.6076990242577 -75.12898527743012,42.607789081127315 -75.12910719137982,42.60778894381371 -75.12910737735552,42.607879000681486 -75.12922929148,42.60787886323772 -75.12922947763218,42.607968920103644 -75.12947330622977,42.607968644826094 -75.12947349273402,42.60805870168973 -75.12971732167942,42.60805842589241 -75.12971750853576,42.608148482753755 -75.12996133782897,42.60814820643667 -75.12996152503742,42.60823826329574 -75.13020535467841,42.60823798645888 -75.13020554223893,42.60832804331566 -75.13044937222772,42.60832776595903 -75.13044956014033,42.608417822813514 -75.1306933904769,42.6084175449371 -75.13069357874163,42.6085076017893 -75.13093740942597,42.608507323393106 -75.1309375980428,42.60859738024302 -75.13105951355931,42.608597240849896 -75.13105970235262,42.60868729769795 -75.13130353373424,42.60868701852164 -75.13130372287966,42.608777075367385 -75.1314256387448,42.6087769355842 -75.13142582806672,42.60886699242809 -75.1315477441066,42.60886685251475 -75.131547933605,42.608956909356785 -75.13166984981963,42.60895676931327 -75.13167003949454,42.60904682615343 -75.13179195588393,42.60904668597975 -75.13179214573533,42.609136742818066 -75.13191406229946,42.60913660251421 -75.13191425232735,42.60922665935065 -75.13203616906624,42.609226518916635 -75.13203635927064,42.609316575751215 -75.13215827618428,42.609316435187026 -75.13215846656517,42.60940649201975 -75.13228038365357,42.60940635132539 -75.13228057421095,42.60949640815625 -75.13240249147411,42.6094962673317 -75.132402682208,42.6095863241607 -75.1325245996459,42.609586183206 -75.1325247905563,42.60967624003313 -75.13264670816896,42.60967609894824 -75.13264728143228,42.60994626941978 -75.13276919957097,42.609946128203845 -75.13276977336909,42.610216298661264 -75.13289169203378,42.61021615731426 -75.1328918834772,42.61030621413012 -75.13301380231667,42.610306072652946 -75.13301456880171,42.61066629990037 -75.13313648834283,42.61066615829168 -75.13313763915063,42.6112064991175 -75.13325955974472,42.61120635737641 -75.13326051965366,42.61165664135663 -75.1333824411251,42.61165649948358 -75.13338455493448,42.61264712411007 -75.1332626315309,42.612647265988016 -75.13326301552003,42.61282737953888 -75.13314109176424,42.61282752128796 -75.13314147540558,42.613007634834034 -75.13301955129761,42.61300777645427 -75.13301974294393,42.6130978332256 -75.13289781865942,42.613097974716524 -75.1328983930767,42.613368145023365 -75.13277646826432,42.613368286385864 -75.13277665956285,42.61345834315241 -75.13265473457393,42.61345848438561 -75.13265492569768,42.61354854115118 -75.1325330005322,42.61354868225507 -75.13253319148117,42.613638739019656 -75.13241126613916,42.613638879994234 -75.13241145691333,42.613728936757845 -75.13228953139479,42.61372907760313 -75.13228972199416,42.613819134365755 -75.13216779629907,42.61381927508172 -75.13216798672366,42.61390933184336 -75.13204606085203,42.61390947243002 -75.13204625110183,42.61399952919067 -75.13192432505365,42.61399966964801 -75.13192451512865,42.61408972640771 -75.13180258890394,42.61408986673574 -75.13180296870522,42.61426998025172 -75.13168104212829,42.614270120450875 -75.13168123185456,42.61436017720718 -75.13155930510109,42.614360317277026 -75.1315596842049,42.61454043078622 -75.13143775709923,42.614540570727186 -75.13143794647677,42.6146306274801 -75.13131601919456,42.61463076729175 -75.13131639760088,42.61481088079419 -75.13119446996646,42.61481102047695 -75.13119465899524,42.61490107722648 -75.13107273118426,42.61490121677994 -75.1310731088931,42.61508133027559 -75.13095118072991,42.61508146970015 -75.13095136940994,42.61517152644629 -75.1308294410702,42.61517166574154 -75.13082981808152,42.615351779230416 -75.13070788938956,42.61535191839678 -75.13070826605298,42.61553203188084 -75.13058633700878,42.61553217091833 -75.13058652516611,42.615622227658655 -75.13046459594537,42.61562236656681 -75.13046534788056,42.61598259351566 -75.13034341795623,42.6159827322958 -75.13034379357764,42.616162845762574 -75.13022186330106,42.61616298441382 -75.13022205093735,42.6162530411455 -75.13010012048424,42.61625317966741 -75.13010068287126,42.61652334985524 -75.1299787518902,42.6165234882487 -75.1299791264678,42.616703601701026 -75.12985719513452,42.61670373996558 -75.12985756936416,42.61688385341308 -75.12973563767862,42.616883991548725 -75.12973601156033,42.61706410499141 -75.12961407952254,42.617064242998175 -75.12961463982444,42.617334413152825 -75.12949270725869,42.61733455103112 -75.12949308044618,42.617514664461304 -75.1293711475282,42.61751480221069 -75.1293715203677,42.61769491563605 -75.12924958709746,42.61769505325653 -75.12924995958899,42.61787516667709 -75.1291280259665,42.61787530416866 -75.12912858418308,42.61814547429011 -75.12900665003262,42.61814561165321 -75.12900702182986,42.61832572506125 -75.12888508732713,42.61832586229543 -75.12888601595664,42.618776145792836 -75.1288862016851,42.61886620248804 -75.1290081372421,42.61886606525128 -75.12900832314712,42.61895612194464 -75.12913025887896,42.61895598457769 -75.12913044496055,42.619046041269186 -75.12925238086727,42.619045903772005 -75.12925256712542,42.61913596046167 -75.12937450320698,42.61913582283428 -75.12937468964171,42.619225879522105 -75.12949662589814,42.61922574176451 -75.12949699912159,42.619405855135 -75.12961893572859,42.61940571724677 -75.12961912251731,42.61949577392945 -75.12974105929916,42.61949563591101 -75.12974143323065,42.61967574927123 -75.12986337036307,42.619675611122155 -75.12986374464941,42.619855724475826 -75.12998568213243,42.61985558619612 -75.12998605677365,42.62003569954322 -75.13010799460724,42.62003556113286 -75.13010836960335,42.620215674473435 -75.13023030778751,42.62021553593242 -75.13023068313852,42.62039564926642 -75.1303526216733,42.62039551059477 -75.13035318523342,42.62066568058382 -75.1304751242945,42.62066554178108 -75.1304756883896,42.62093571175603 -75.13035374880131,42.620935850560095 -75.13035713037168,42.62255687014902 -75.13047907312323,42.622556731337134 -75.13047963727269,42.62282690122253 -75.1306015805506,42.62282676227956 -75.1306017687779,42.62291681890474 -75.1307237122307,42.62291667983153 -75.13072427744501,42.62318684969727 -75.13084622142419,42.62318671049295 -75.13084659858957,42.6233668237288 -75.13096854291939,42.62336668439382 -75.13096892043973,42.62354679762311 -75.13109086512019,42.62354665815746 -75.13109105405742,42.62363671476954 -75.13121299891276,42.62363657517366 -75.1312131880266,42.62372663178387 -75.13133513305684,42.623726492057756 -75.1313353223473,42.623816548666106 -75.13145726755242,42.623816408809766 -75.13145745701952,42.62390646541626 -75.13157940239952,42.623906325429694 -75.13157959204324,42.62399638203432 -75.13170153759813,42.6239962419175 -75.13170172741849,42.62408629852028 -75.13182367314826,42.624086158273236 -75.13182386314524,42.62417621487415 -75.13218970085663,42.62417579335289 -75.13218989138174,42.62426584995105 -75.1326776756877,42.62426528610378 -75.13267786691675,42.62435534269876 -75.13365343689257,42.62435420877035 -75.13365362952858,42.624444265360346 -75.13377557594735,42.62444412303475 -75.13377576876,42.62453417962289 -75.13389771535364,42.62453403716705 -75.13389810133314,42.62471415033818 -75.13402004827742,42.62471400775165 -75.134020434612,42.624894120916196 -75.13414238190693,42.62489397819897 -75.1341425752513,42.62498403477867 -75.13426452272111,42.62498389193119 -75.13426549033517,42.62543417480609 -75.13414354198652,42.625434317655795 -75.13414470209808,42.62597465706145 -75.1340227526939,42.62597479978403 -75.13402371859905,42.626425082585214 -75.13414566888211,42.62642493986041 -75.13414586224158,42.626514996415914 -75.13402391178273,42.6265151391412 -75.13402429815278,42.62669525224887 -75.1339023473415,42.62669539484523 -75.13390311938909,42.627055621045315 -75.13378116787378,42.62705576351365 -75.13378174639142,42.627325933150125 -75.13365979434788,42.62732607548999 -75.13366017967915,42.62750618857477 -75.13353822728314,42.62750633078571 -75.13353861226638,42.627686443865684 -75.13341665951792,42.62768658594771 -75.13341704415309,42.627866699022874 -75.13329509105216,42.627866840975976 -75.13329547533928,42.62804695404636 -75.1331735218859,42.628047095870535 -75.13317390582496,42.62822720893611 -75.13305195201909,42.62822735063135 -75.13305233561009,42.628407463692135 -75.13293038145174,42.62840760525845 -75.13293383076478,42.630028622557624 -75.13305578808762,42.63002848098333 -75.13305828172103,42.63119921540719 -75.13293632211258,42.63119935698725 -75.13293708871105,42.631559582917255 -75.13281512839843,42.63155972436927 -75.13281646874883,42.63219011969516 -75.13269450720453,42.632190261020426 -75.13269546374488,42.63264054335564 -75.13281742616834,42.63264040202815 -75.13281800063058,42.63291057141088 -75.13293996358067,42.632910429952226 -75.13294034691158,42.63309054286605 -75.13306231021247,42.63309040127667 -75.13306269389857,42.63327051418393 -75.13318465755025,42.63327037246382 -75.13318504159156,42.633450485364506 -75.13330700559405,42.633450343513665 -75.13330738999056,42.633630456407765 -75.13342935434385,42.6336303144262 -75.1334297390956,42.63381042731374 -75.13355170379968,42.633810285201434 -75.13355208890665,42.63399039808239 -75.13367405396156,42.63399025583936 -75.13367443942374,42.634170368713725 -75.13379640482945,42.63417022633997 -75.13379659773773,42.634260282774584 -75.1339185633184,42.63426014027052 -75.13391894948931,42.634440253134585 -75.1340409154208,42.634440110499796 -75.13404130194697,42.634620223357274 -75.13416326822926,42.63462008059176 -75.13416346166953,42.63471013701791 -75.1342854281268,42.63470999412209 -75.1342856217438,42.63480005054638 -75.13440758837604,42.63479990752026 -75.13440797596442,42.63498002036369 -75.13452994294747,42.63497987720684 -75.13453013691885,42.63506993362596 -75.13465210407688,42.63506979033881 -75.13465249237403,42.63524990317191 -75.13477445988286,42.635249759754004 -75.13477465420866,42.63533981616797 -75.13489662189247,42.63533967261977 -75.13489720540271,42.635609841851796 -75.1350191736132,42.6356096981724 -75.13501956297624,42.63578981098574 -75.13514153153756,42.635789667175594 -75.1351421161164,42.63605983638359 -75.13526408520443,42.636059692442245 -75.13526447527985,42.636239805239555 -75.13538644471872,42.63623966116746 -75.13538703036618,42.636509830351415 -75.13550900033174,42.6365096861481 -75.13550958651489,42.63677985531792 -75.13563155700717,42.6367797109834 -75.13563312160869,42.63750016203673 -75.1355111497094,42.63750030637487 -75.1355125175517,42.63813070097506 -75.13539054442035,42.638130845186495 -75.13539171583626,42.6386711833625 -75.13526974164868,42.63867132744679 -75.13527188739353,42.639661947308156 -75.13514991127023,42.639662091267546 -75.13515147047279,42.64038254197139 -75.1350294929414,42.64038268580451 -75.13502988239918,42.640562798467165 -75.13490790451507,42.64056294217132 -75.1349080990694,42.640652998500954 -75.1347861210085,42.64065314207569 -75.13478631538781,42.64074319840436 -75.13466433715013,42.64074334184968 -75.1346647255596,42.64092345450365 -75.13454274696919,42.64092359781998 -75.13454294099935,42.64101365414528 -75.13442096223216,42.64101379733219 -75.13442134994334,42.64119390997943 -75.13429937082343,42.64119405303737 -75.13429956450443,42.641284109359304 -75.13417758520772,42.641284252287804 -75.1341777787137,42.64137430860877 -75.13405579924019,42.64137445140785 -75.13405599257116,42.64146450772783 -75.13393401292083,42.641464650397495 -75.13393420607679,42.641554706716505 -75.13381222624966,42.64155484925672 -75.13381241923057,42.64164490557476 -75.13369043922664,42.64164504798555 -75.13369063203251,42.64173510430261 -75.13344667167019,42.64173538873546 -75.13344686412512,42.64182544505199 -75.1333248837667,42.64182558707404 -75.1333250760466,42.641915643389595 -75.13320309551139,42.641915785282215 -75.13320328761627,42.64200584159679 -75.13308130690426,42.64200598335998 -75.13308149883407,42.64209603967357 -75.13295951794527,42.64209618130732 -75.13295970970006,42.642186237619946 -75.13271574756794,42.642186520498704 -75.13271593897177,42.642276576810794 -75.13247197648431,42.64227685917093 -75.13247216753717,42.64236691548246 -75.13222820469436,42.64236719732394 -75.13222839539625,42.64245725363496 -75.13210641379762,42.64245739436132 -75.13210679485218,42.64263750697996 -75.13222877680268,42.642637366252714 -75.13222896750719,42.64272742255947 -75.13235094963272,42.642727281701895 -75.13235114051405,42.642817338006786 -75.13259510511436,42.64281705590111 -75.1325952963484,42.64290711220369 -75.13283926129705,42.642906829577605 -75.13283945288384,42.64299688587788 -75.13296143553276,42.64299674436957 -75.13296162729635,42.64308680066798 -75.13308361012034,42.64308665902934 -75.13308380206074,42.643176715325886 -75.13320578505976,42.64317657355693 -75.13320597717697,42.643266629851595 -75.13332796035104,42.6432664879523 -75.13332815264508,42.643356544245115 -75.1334501359942,42.643356402215495 -75.13345032846503,42.64344645850644 -75.1335723119892,42.64344631634649 -75.13357250463686,42.64353637263555 -75.13369448833606,42.643536230345276 -75.13369468116053,42.64362628663249 -75.13381666503481,42.643626144211886 -75.1338168580361,42.64371620049723 -75.13393884208541,42.64371605794628 -75.13393903526352,42.64380611422975 -75.13406101948787,42.643805971548474 -75.13406121284282,42.64389602783008 -75.13418319724222,42.643895885018466 -75.13418339077398,42.643985941298205 -75.13430537534843,42.64398579835627 -75.1343057627665,42.64416591091056 -75.13442774769194,42.64416576783783 -75.13442832935351,42.64443593665728 -75.13455031480588,42.64443579345332 -75.13455128513937,42.6448860747884 -75.13442929880728,42.6448862179946 -75.13442968659501,42.645066330519576 -75.13430769991014,42.64506647359679 -75.13430789362941,42.645156529857594 -75.13418590676771,42.645156672805356 -75.13418610031191,42.64524672906519 -75.13406411327338,42.6452468718835 -75.13406430664251,42.64533692814236 -75.13382033221089,42.64533721339021 -75.13382052522901,42.64542726964856 -75.13345456304707,42.64542769654748 -75.13345475553825,42.64551775280571 -75.1330887928205,42.645518178536925 -75.13308898478469,42.64560823479507 -75.13284500928323,42.645608517967304 -75.1328452008964,42.64569857422493 -75.13260122503951,42.64569885687847 -75.13260141630165,42.64578891313554 -75.13247942819594,42.64578905426791 -75.13247961928302,42.645879110524014 -75.13223564271705,42.64587939239994 -75.1322358334531,42.645969448655514 -75.13199185653171,42.64596973001274 -75.13199204691672,42.64605978626777 -75.13187005827876,42.64605992675198 -75.1318702484887,42.64614998300602 -75.1317482596739,42.64615012336076 -75.13174863974447,42.64633023586548 -75.1316266505769,42.646330376091214 -75.1316272201614,42.64660054483893 -75.1315052304651,42.64660068493608 -75.13150598921946,42.64696090991489 -75.13138399881842,42.6469610498839 -75.13138456736546,42.64723121860439 -75.13126257643565,42.64723135844481 -75.13126465923943,42.64822197698198 -75.13114266637308,42.64822211669731 -75.13114380143635,42.64876245401135 -75.13126579535856,42.64876231429338 -75.13126617407188,42.648942426719145 -75.13138816834518,42.6489422868704 -75.13138854741396,42.6491223992896 -75.13151054203834,42.64912225931006 -75.13151092146256,42.6493023717227 -75.13163291643805,42.64930223161237 -75.13163519516841,42.650382905963504 -75.13175719225491,42.650382765718 -75.1317577624851,42.65065293427247 -75.1318797600987,42.65065279389573 -75.13188033086475,42.6509229624361 -75.13200232900546,42.65092282192811 -75.13200290030736,42.65119299045436 -75.1321248989752,42.65119284981515 -75.13212585204255,42.65164313066159 -75.13200385249469,42.65164327130301 -75.13200423337574,42.65182338363251 -75.131882233475,42.65182352414489 -75.13188280427511,42.65209369262981 -75.13176080384547,42.652093833013595 -75.13176118403122,42.65227394533064 -75.13163918324868,42.652274085585375 -75.1316395630859,42.65245419789761 -75.13151756195046,42.6524543380233 -75.13151794143916,42.652634450330744 -75.13139593995082,42.65263459032739 -75.13139650866232,42.65290475877919 -75.13127450664508,42.652904898647215 -75.13127507483637,42.65317506708754 -75.13115307229019,42.65317520682695 -75.13115496455747,42.654075768206674 -75.1310329602502,42.65407590782054 -75.13103333836202,42.65425602008028 -75.13078932904075,42.65425629891995 -75.13078951774592,42.65434635504859 -75.13054550806912,42.65434663336938 -75.13054569642308,42.65443668949744 -75.12993567133584,42.654437383027776 -75.12993548386203,42.654347326897536 -75.128105411112,42.6543493879919 -75.12810559594537,42.65443944412859 -75.12798359091252,42.65443958049583 -75.1279837755707,42.65452963663155 -75.1277397651504,42.65452990897709 -75.12773994945735,42.654619965112225 -75.1276179440699,42.65462010109052 -75.12761812820168,42.65471015722467 -75.12749612263734,42.65471029307345 -75.12749630659393,42.654800349206596 -75.12761831233429,42.65480021335739 -75.12762807257324,42.659573186357285 -75.12775008764369,42.65957305035556 -75.12775156250228,42.66029349875998 -75.12787357898053,42.66029336262487 -75.12787394805582,42.66047347471092 -75.1277519312254,42.660473610846864 -75.12775229995191,42.66065372292806 -75.12763028276848,42.66065385893489 -75.12763065114618,42.66083397101127 -75.12750863360974,42.660834106889 -75.12750881762378,42.66092416292547 -75.1273867999104,42.66092429867366 -75.12738698374919,42.661014354709145 -75.12726496585888,42.6610144903278 -75.12726514952243,42.66110454636228 -75.12714313145517,42.6611046818514 -75.12714331494347,42.66119473788488 -75.12702129669928,42.661194873244455 -75.12702148001233,42.66128492927694 -75.12689946159122,42.66128506450696 -75.12689964472904,42.661375120538466 -75.12677762613097,42.66137525563895 -75.12677780909353,42.661465311669446 -75.12665579031854,42.661465446640385 -75.12665597310583,42.66155550266988 -75.12653395415393,42.66155563751127 -75.12653413676595,42.661645693539775 -75.12641211763712,42.661645828251636 -75.1264123000739,42.661735884279125 -75.1262902807681,42.661736018861426 -75.12629064529199,42.661916130913006 -75.12616862563318,42.6619162653662 -75.12616880772028,42.66200632139026 -75.12604678788452,42.66200645571391 -75.12604769745205,42.66245673581505 -75.1261697181683,42.6624566014893 -75.12617008235337,42.662636713518964 -75.126292103421,42.66263657906241 -75.1262924679616,42.662816691085546 -75.12641448938061,42.66281655649818 -75.12641467182827,42.662906612507186 -75.12653669342254,42.66290647778943 -75.1265370586726,42.663086589802354 -75.12665908061824,42.66308645495376 -75.12665944622388,42.66326656696015 -75.1267814685209,42.663266431980745 -75.12678220044671,42.663626655974774 -75.12690422344733,42.66362652086371 -75.12690550558266,42.664256912795544 -75.12702752981524,42.66425677755154 -75.12702862987791,42.66479711343513 -75.12690660458858,42.66479724868169 -75.12690715410292,42.66506741660556 -75.12678512828438,42.6650675517234 -75.1267856772779,42.66533771963575 -75.12666365093014,42.66533785462488 -75.12666383375353,42.66542791059324 -75.12654180722879,42.66542804545281 -75.12654217252584,42.665608157386124 -75.12642014564801,42.665608292116545 -75.12642032812165,42.6656983480815 -75.12629830106687,42.66569848268236 -75.12629848336522,42.66578853864629 -75.12617645613345,42.665788673117596 -75.1261768203804,42.66596878504206 -75.12605479279553,42.66596891938422 -75.12605497474412,42.66605897534473 -75.12556686369179,42.66605951141516 -75.1255679511736,42.666599847158516 -75.12568997999475,42.66659971333337 -75.12569052427531,42.66686988118459 -75.12581255362407,42.6668697472282 -75.12581418809607,42.66768025070132 -75.125692157162,42.6676803846615 -75.12569397155968,42.66858094394521 -75.12557193886326,42.66858107777958 -75.12557375158266,42.66948163692533 -75.12545171712377,42.669481770633894 -75.12545189822413,42.66957182654106 -75.12532986358825,42.66957196012003 -75.12533004451326,42.669662016026194 -75.12520800970039,42.669662149475585 -75.12520819045007,42.66975220538075 -75.12508615546018,42.66975233870056 -75.12508633603453,42.66984239460473 -75.12496430086766,42.66984252779495 -75.12496448126666,42.6699325836981 -75.12484244592278,42.66993271675873 -75.12484298659625,42.670202884460934 -75.12472095072303,42.67020301739281 -75.12472293131817,42.67119363219599 -75.12484496912934,42.67119349925952 -75.12484532960066,42.67137361102261 -75.12496736776336,42.67137347795531 -75.12496772859035,42.67155358971187 -75.1250897671046,42.671553456513735 -75.12508994769551,42.67164351238945 -75.1252119863851,42.67164337906089 -75.12521216715304,42.67173343493477 -75.12533420601798,42.67173330147577 -75.12533438696295,42.671823357347826 -75.12545642600324,42.67182322375839 -75.12545660712523,42.67191327962859 -75.12557864634087,42.671913145908725 -75.12557882763987,42.672003201777095 -75.12570086703087,42.672003067926795 -75.12570104850688,42.672093123793324 -75.12582308807326,42.6720929898126 -75.12582417800401,42.672633324979394 -75.12570213738051,42.67263345896265 -75.12570231886237,42.67272351481923 -75.12558027806182,42.672723648672886 -75.12558045936831,42.67281370452846 -75.12533637741234,42.672813971846566 -75.12533655836727,42.67290402770155 -75.12521451721184,42.672904161166 -75.12521469799141,42.67299421701998 -75.12509265665895,42.67299435035483 -75.12509283726315,42.6730844062078 -75.12497079575367,42.67308453941305 -75.12497115661216,42.673264651115595 -75.12484911474945,42.673264784191645 -75.12484929500373,42.6733548400412 -75.12472725296401,42.673354972987646 -75.12472761312264,42.67353508468332 -75.12460557072968,42.67353521750059 -75.12460575063405,42.67362527334671 -75.12448370806405,42.67362540603436 -75.12448388779303,42.67371546187948 -75.12436184504601,42.673715594437525 -75.12436202459962,42.673805650281636 -75.12423998167557,42.67380578271008 -75.12424034043285,42.67398589439487 -75.12411829715556,42.673986026694116 -75.12411883476904,42.67425619421187 -75.12399679096231,42.67425632638235 -75.12399768612018,42.67470660555225 -75.12387564143157,42.67470673759477 -75.12387653572893,42.67515701673118 -75.12375449015842,42.67515714864574 -75.12375627705251,42.67605770681608 -75.12363422971897,42.67605783860474 -75.12363476527452,42.67632800602936 -75.1235127174115,42.676328137689225 -75.12351325244575,42.67659830510228 -75.12339120405322,42.676598436633356 -75.12339173856614,42.67686860403486 -75.12326968964409,42.676868735437125 -75.12327022363567,42.67713890282707 -75.12314817418412,42.677139034100534 -75.12314852983012,42.67731914568755 -75.12302648002529,42.677319276831795 -75.12302683532208,42.677499388413935 -75.12290478516394,42.67749951942896 -75.12290514011153,42.67767963100624 -75.12278308960009,42.67767976189206 -75.12278344419846,42.67785987346448 -75.12266139333374,42.67786000422106 -75.1226622789627,42.67831028312928 -75.12254022721594,42.67831041375786 -75.12254128894004,42.67885074840325 -75.12266334174429,42.6788506177722 -75.12266440455515,42.67939095236395 -75.1227864584161,42.6793908216004 -75.1227892955418,42.68083171358831 -75.12266723886069,42.68083184435841 -75.12266794746961,42.68119206730016 -75.12254589008259,42.68119219794185 -75.12254642101902,42.681462365134465 -75.12242436310237,42.68146249564733 -75.12242453990652,42.68155255137577 -75.12230248181281,42.68155268175899 -75.1223026584415,42.681642737486406 -75.12218060017068,42.681642867739974 -75.12218077662392,42.68173292346638 -75.122058718176,42.68173305359029 -75.12205889445377,42.68182310931569 -75.12193683582879,42.68182323930995 -75.12193701193108,42.68191329503434 -75.12169289432613,42.6819135546335 -75.12169307007667,42.68200361035726 -75.12144895211594,42.68200386943701 -75.12144912751475,42.682093925160174 -75.12132706835689,42.682094054505356 -75.12132724358021,42.68218411022751 -75.12120518424527,42.682184239443046 -75.12120535929311,42.68227429516417 -75.12096124026827,42.68227455320586 -75.12096141496436,42.68236460892638 -75.12083935527446,42.682364737752536 -75.12083952979506,42.68245479347204 -75.12059541006028,42.68245505073497 -75.12059558422911,42.68254510645386 -75.12047352418423,42.68254523489063 -75.1204736981776,42.6826352906085 -75.12035163795564,42.68263541891561 -75.12035181177352,42.68272547463246 -75.12022975137448,42.682725602809924 -75.12022992501686,42.682815658525755 -75.12010786444074,42.68281578657354 -75.12010803790764,42.68290584228835 -75.11998597715444,42.68290597020648 -75.11998615044585,42.68299602592027 -75.11986408951554,42.68299615370874 -75.11986426263147,42.6830862094215 -75.1197422015241,42.68308633708031 -75.11974237446452,42.68317639279204 -75.11962031318006,42.68317652032119 -75.11962048594499,42.683266576031905 -75.11937636302113,42.6832668307008 -75.11937653543427,42.68335688641089 -75.11925447379485,42.68335701355065 -75.1192546460325,42.68344706925971 -75.119132584216,42.68344719626979 -75.11913275627816,42.683537251977846 -75.11888863229021,42.68353750560859 -75.11888880400055,42.683627561316015 -75.1187667418291,42.68362768793669 -75.11876691336394,42.68371774364307 -75.1186448510154,42.68371787013409 -75.11864502237475,42.68380792583945 -75.11840089732273,42.68380817843205 -75.11840106833029,42.68389823413679 -75.11791281751165,42.683898737762746 -75.11791690500289,42.68606007428785 -75.11779483806497,42.68606019987862 -75.11779551865204,42.686420422554754 -75.11767345100806,42.68642054801701 -75.11767413090236,42.68678077067199 -75.1175520625523,42.68678089600573 -75.11755257195227,42.6870510629832 -75.11743050307248,42.68705118818806 -75.1174306726977,42.68714124384477 -75.1173086036408,42.687141368919924 -75.11730894254093,42.68732148022986 -75.1171868731306,42.68732160517571 -75.11718721168118,42.687501716480746 -75.11706514191744,42.68750184129731 -75.11706531101757,42.68759189694807 -75.1169432410767,42.68759202163494 -75.11694341000128,42.68768207728468 -75.11682133988332,42.68768220184185 -75.11682167738213,42.68786231313785 -75.11669960691073,42.687862437565705 -75.11669977548497,42.68795249321196 -75.11657770483647,42.68795261751012 -75.11657787323516,42.68804267315536 -75.11645580240955,42.68804279732382 -75.11645597063267,42.68813285296802 -75.11633389962994,42.68813297700679 -75.11633406767751,42.688223032649944 -75.11621199649768,42.68822315655901 -75.11621216436968,42.688313212201145 -75.11609009301276,42.68831333598052 -75.1160902607092,42.688403391621605 -75.11596818917515,42.688403515271276 -75.11596835669602,42.688493570911334 -75.11584628498487,42.688493694431294 -75.11584645233017,42.68858375007033 -75.11572438044193,42.688583873460594 -75.11572471478217,42.68876398473515 -75.11560264254047,42.6887641079961 -75.1156028095354,42.68885416363163 -75.1154807371166,42.68885428676287 -75.11548107075608,42.689034398030444 -75.11535899798382,42.68903452103237 -75.1153593312737,42.68921463229503 -75.11523725814799,42.689214755167626 -75.11523742461772,42.68930481079721 -75.1151153513149,42.6893049335401 -75.11511568390398,42.689485044795774 -75.11499361024772,42.68948516740934 -75.11499394248715,42.68966527866009 -75.11487186847744,42.68966540114433 -75.11487203442195,42.689755456767955 -75.11474996023512,42.689755579122505 -75.11475012600405,42.68984563474508 -75.11462805164011,42.689845756969895 -75.11462838282755,42.69002586821156 -75.11450630811014,42.69002599030706 -75.11450647352865,42.69011604592616 -75.11438439863414,42.69011616789194 -75.11438456387705,42.69020622350998 -75.11426248880544,42.69020634534604 -75.11426281894084,42.69038645657864 -75.11414074351576,42.69038657828538 -75.11414123819549,42.69065674512474 -75.11401916224058,42.69065686670252 -75.11401965639806,42.690927033530244 -75.11389757991331,42.69092715497906 -75.11389774445763,42.69101721058583 -75.11377566779578,42.69101733190493 -75.11377714714132,42.69182783230537 -75.11389922539044,42.69182771098285 -75.11389988360246,42.692187933344556 -75.1140219625563,42.69218781189041 -75.11402262148589,42.69254803422786 -75.11414470114445,42.69254791264207 -75.11414536079167,42.69290813495526 -75.11426744115498,42.692908013237854 -75.11426810151981,42.69326823552675 -75.11439018258788,42.69326811367771 -75.11439133949021,42.693898502625885 -75.1145134217922,42.69389838064406 -75.11451540725658,42.6949790472457 -75.1143933228379,42.69497916923212 -75.11439414926504,42.69542944692429 -75.11427206396363,42.6954295687825 -75.11427239418698,42.69560967985018 -75.11415030853202,42.69560980157903 -75.11415063840562,42.69578991264178 -75.11402855239707,42.69579003424128 -75.1140297057437,42.69642042291883 -75.11390761849957,42.696420544390854 -75.11390844145924,42.69687082197693 -75.1137863533323,42.69687094332073 -75.11378668216864,42.69705105434596 -75.11366459368811,42.6970511755604 -75.11366508641903,42.69732134208874 -75.1135429974085,42.69732146317418 -75.11354348961697,42.69759162969086 -75.11342140007643,42.69759175064731 -75.11342156397102,42.69768180615041 -75.11329947425332,42.69768192697711 -75.11329980169188,42.697862037979796 -75.11317771162061,42.697862158677125 -75.11317803870932,42.698042269674886 -75.11305594828444,42.69804239024283 -75.1130561116535,42.69813244573995 -75.11293402105144,42.69813256617815 -75.112934347439,42.698312677168886 -75.11281225648334,42.69831279747771 -75.11281258252102,42.6984929084635 -75.11269049121175,42.69849302864294 -75.1126906540553,42.698583084134086 -75.11256856256887,42.69858320418377 -75.11256888790533,42.698763315162545 -75.1124467960653,42.698763435082846 -75.11244712105187,42.69894354605668 -75.11232502885824,42.698943665847594 -75.11232535349495,42.69912377681649 -75.1122032609477,42.69912389647803 -75.11220342309073,42.699213951960715 -75.11208133036631,42.69921407149249 -75.11208165430176,42.699394182454355 -75.11195956122371,42.69939430185673 -75.11195988480928,42.69957441281367 -75.11183779137761,42.69957453208666 -75.11183811461328,42.699754643038645 -75.11171602082798,42.699754762182245 -75.11171634371374,42.69993487312929 -75.11159424957485,42.69993499214349 -75.11159457211068,42.7001151030856 -75.11147247761815,42.7001152219704 -75.11147279980406,42.70029533290758 -75.11135070495791,42.70029545166299 -75.1113510267939,42.70047556259521 -75.11122893159413,42.70047568122123 -75.11122925308018,42.700655792148495 -75.11110715752677,42.70065591064511 -75.11110747866287,42.70083602156745 -75.11098538275586,42.70083613993466 -75.11098570354201,42.70101625085205 -75.11086360728135,42.70101636908986 -75.11086633108293,42.70254731166441 -75.11098843034335,42.702547193420315 -75.11098955320581,42.70317758141724 -75.11111165370076,42.70317746304039 -75.11111261724187,42.703717795551526 -75.11123471879492,42.70371767704229 -75.11123793432003,42.70551878503565 -75.11111582923733,42.7055189035523 -75.1111166322823,42.70596918046365 -75.11099452631643,42.70596929885198 -75.11099532849737,42.70641957572965 -75.11087322164826,42.70641969398966 -75.11087402296512,42.70686997083364 -75.11075191523278,42.70687008896534 -75.1107525555935,42.707230310416406 -75.11063044715442,42.70723042841942 -75.11063092690317,42.707500594493894 -75.11050881793382,42.70750071236785 -75.11050913741697,42.707680823077794 -75.11038702809388,42.70768094082231 -75.11038718766004,42.70777099617552 -75.1102650781597,42.70777111379023 -75.11026523755008,42.70786116914238 -75.1101431278725,42.70786128662727 -75.11014328708711,42.70795134197837 -75.11002117723228,42.707951459333465 -75.11002133627112,42.70804151468352 -75.10989922623904,42.708041631908806 -75.10989938510208,42.7081316872578 -75.10977727489278,42.708131804353265 -75.10977743358004,42.7082218597012 -75.10965532319346,42.70822197666686 -75.10965548170495,42.70831203201375 -75.10953337114115,42.70831214884959 -75.10953352947685,42.708402204195416 -75.10941141873579,42.70840232090144 -75.1094115768957,42.70849237624621 -75.1092894659774,42.70849249282243 -75.10928962396152,42.70858254816616 -75.10916751286598,42.708582664612564 -75.1091676706743,42.708672719955224 -75.10904555940152,42.708672836271795 -75.10904603230126,42.70894300229235 -75.10892392049821,42.70894311847985 -75.10892423541527,42.709123229153825 -75.10880212325846,42.70912334521187 -75.10880401070331,42.71020400914072 -75.10892612497845,42.71020389307831 -75.10892643991579,42.7103840037125 -75.10904855454328,42.71038388751918 -75.1090490274843,42.71065405345868 -75.10917114264068,42.71065393713408 -75.1091714582914,42.710834047752584 -75.10929357380012,42.71083393129707 -75.1092938898068,42.71101404190915 -75.1094160056679,42.71101392532271 -75.10941648021299,42.71128409122909 -75.10953859660296,42.71128397451136 -75.10953891332308,42.71146408510778 -75.10966103006542,42.71146396825912 -75.10966198130251,42.712004300012026 -75.10978409910338,42.712004183030984 -75.10978505142599,42.712544514730524 -75.10990717028545,42.71254439761708 -75.109907329185,42.712634452894996 -75.109785210149,42.7126345700088 -75.10978552759715,42.7128146805611 -75.1095412888167,42.71281491439958 -75.10954144718878,42.712904969674334 -75.10941932762091,42.71290508639864 -75.10941948581714,42.71299514167233 -75.10917524632612,42.71299537473108 -75.10917540416996,42.71308543000409 -75.10893116432293,42.713085662542774 -75.10893132181437,42.71317571781507 -75.1088092017132,42.71317583388948 -75.10880935902883,42.71326588916073 -75.10868723875036,42.71326600510529 -75.10868739589016,42.713356060375496 -75.10856527543442,42.71335617619021 -75.10856543239835,42.71344623145935 -75.10844331176533,42.71344634714424 -75.10844346855343,42.71353640241231 -75.10832134774314,42.713536517967356 -75.1083215043554,42.71362657323437 -75.10819938336782,42.71362668865958 -75.10819969624136,42.71380679919007 -75.10807757489992,42.7138069144858 -75.10807773116122,42.713896969749264 -75.10795560964252,42.713897084915146 -75.10795576572795,42.71398714017755 -75.10783364403196,42.71398725521361 -75.10783379994155,42.71407731047495 -75.10771167806826,42.714077425381156 -75.10771198953644,42.7142575359003 -75.10758986730931,42.714257650677006 -75.10759017842723,42.7144377611912 -75.10746805584625,42.71443787583842 -75.10746867738435,42.71479809685117 -75.10759080067162,42.714797982202505 -75.1075912673624,42.715068147946056 -75.10771339117869,42.71506803316611 -75.1077135469203,42.71515808841076 -75.10783567091244,42.71515797350024 -75.10783598275094,42.71533808398455 -75.10795810709553,42.7153379689431 -75.10795841929006,42.715518079421 -75.10808054398707,42.71551796424863 -75.10808085653764,42.71569807472013 -75.10820298158711,42.71569795941681 -75.10820313804004,42.71578801465006 -75.10832526326537,42.715787899216174 -75.10832541989562,42.71587795444765 -75.10844754529681,42.71587783888319 -75.10844770210437,42.71596789411287 -75.10856982768142,42.715967778417834 -75.10857014165185,42.716147888872214 -75.10869226758135,42.71614777304624 -75.10869242474423,42.71623782827095 -75.1088145508496,42.716237712314395 -75.10881470818978,42.7163277675373 -75.10893683447102,42.71632765145017 -75.10893699198853,42.716417706671294 -75.10905911844563,42.71641759045359 -75.10905927614044,42.716507645672934 -75.1091814027734,42.71650752932464 -75.10918156064554,42.71659758454219 -75.10930368745437,42.71659746806331 -75.1093038455038,42.7166875232791 -75.1094259724885,42.71668740666964 -75.10942613071525,42.716777461883616 -75.10954825787582,42.71677734514358 -75.10954841627989,42.716867400355774 -75.10967054361632,42.716867283485165 -75.10967070219772,42.716957338695565 -75.10979282970999,42.716957221694365 -75.10979314722817,42.717137332110184 -75.1099152750929,42.717137214978024 -75.10991543402969,42.717227270183436 -75.1100375620703,42.71722715292069 -75.1100377211844,42.717317208124314 -75.11015984940087,42.717317090730994 -75.11016016798446,42.717497201133234 -75.1102822965534,42.717497083608954 -75.1102824560229,42.71758713880757 -75.11040458476769,42.7175870211527 -75.11040490406208,42.71776713154494 -75.11052703315934,42.7177670137591 -75.11052719298424,42.717857068952725 -75.11064932225737,42.7178569510363 -75.11064964226257,42.718037061418535 -75.11077177188815,42.71803694337115 -75.11077193206846,42.71812699855976 -75.11089406186994,42.718126880381796 -75.11089422222757,42.71821693556861 -75.11101635220491,42.71821681726004 -75.11101667327563,42.718396927628675 -75.11113880360543,42.718396809189144 -75.1111399286124,42.71902719543198 -75.11101779704633,42.7190273138741 -75.11101795758795,42.719117369046344 -75.11089582584452,42.71911748735861 -75.11089598621027,42.719207542529794 -75.11077385428949,42.7192076607122 -75.11077401447936,42.719297715882334 -75.11065188238123,42.719297833934895 -75.11065204239523,42.71938788910397 -75.11052991011975,42.71938800702667 -75.11053006995787,42.719478062194696 -75.11028580505149,42.71947829765014 -75.1102859645371,42.719568352817475 -75.11016383190619,42.719568470350225 -75.11016399121591,42.719658525516515 -75.11004185840767,42.719658642919406 -75.1100420175415,42.719748698084636 -75.10991988455591,42.719748815357654 -75.10992004351385,42.71983887052183 -75.1097979103509,42.71983898766499 -75.10979806913296,42.71992904282813 -75.10967593579267,42.71992915984142 -75.10967609439884,42.7200192150035 -75.10955396088119,42.72001933188692 -75.10955411931147,42.720109387047934 -75.10943198561647,42.72010950380149 -75.10943214387085,42.720199558961454 -75.10931000999851,42.72019967558516 -75.109310168077,42.72028973074406 -75.1091880340273,42.720289847237886 -75.10918819192989,42.720379902395734 -75.10906605770285,42.720380018759684 -75.10906621542955,42.72047007391649 -75.10882194662003,42.72047030625443 -75.1088221039942,42.720560361410534 -75.10869996941173,42.72056047738452 -75.10870012660999,42.72065053253955 -75.10857799185017,42.72065064838366 -75.10857814887254,42.72074070353764 -75.10833387899748,42.7207409348359 -75.10833403566731,42.72083098998919 -75.10808976543613,42.72083122076723 -75.10808992175342,42.72092127591981 -75.10796778646012,42.72092139111383 -75.1079679426015,42.72101144626535 -75.10772367165949,42.72101167626342 -75.10772382744832,42.721101731414244 -75.1074795561502,42.72110196089209 -75.10747971158648,42.721192016042195 -75.10723543993223,42.72119224499981 -75.10723559501598,42.72128230014923 -75.10711345901115,42.721282414433034 -75.10711361391897,42.7213724695814 -75.10686934155392,42.721372697759016 -75.10686949610917,42.72146275290665 -75.10662522338801,42.721462980564034 -75.10662537759072,42.72155303571097 -75.10625896797376,42.72155337622133 -75.10625912164727,42.72164343136791 -75.10589271149406,42.72164377070719 -75.10589286463836,42.721733825853406 -75.10540431705103,42.72173427648383 -75.10540446948949,42.72182433163004 -75.1049159211844,42.72182478017804 -75.10491804550445,42.723085552095355 -75.10479590595342,42.72308566391166 -75.10479636065268,42.723355829287314 -75.10467422057101,42.723355940974415 -75.10467437196219,42.72344599609714 -75.10455223170317,42.723446107654354 -75.10455238291837,42.723536162776 -75.10443024248202,42.72353627420332 -75.10443039352126,42.72362632932389 -75.10430825290757,42.72362644062131 -75.10430840377086,42.72371649574082 -75.1041862629798,42.72371660690834 -75.10418641366712,42.72380666202677 -75.10406427269872,42.72380677306438 -75.10406457372214,42.72398688329767 -75.10394243239975,42.723986994205745 -75.10394258273584,42.7240770493206 -75.10382044123608,42.72407716009876 -75.1038205913962,42.72416721521254 -75.1036984497191,42.72416732586079 -75.10369859970325,42.72425738097351 -75.10357645784882,42.72425749149187 -75.10357675746587,42.72443760171371 -75.10345461525742,42.7244377121025 -75.10345476489032,42.72452776721165 -75.1033326225045,42.72452787747054 -75.10333277196143,42.7246179325786 -75.10321062939828,42.72461804270757 -75.10321092796087,42.72479815292013 -75.1030887850437,42.72479826291954 -75.10308893414935,42.72488831802402 -75.10296679105484,42.72488842789354 -75.10296693998453,42.72497848299694 -75.10284479671266,42.724978592736534 -75.10284509422073,42.72515870293978 -75.10272295059484,42.72515881254981 -75.10272324775231,42.72533892274805 -75.10260110377241,42.72533903222851 -75.1026012521755,42.72542908732584 -75.10247910801826,42.72542919667639 -75.10247925624536,42.72551925177264 -75.10235711191076,42.72551936099327 -75.10235725996186,42.72560941608845 -75.10223511544991,42.72560952517916 -75.10223526332504,42.725699580273265 -75.10211311863573,42.725699689234055 -75.10211326633485,42.72578974432706 -75.1019911214682,42.72578985315795 -75.10199126899134,42.72587990824988 -75.10186912394734,42.72588001695084 -75.10186927129446,42.725970072041704 -75.1017471260731,42.725970180612755 -75.10174727324424,42.72606023570252 -75.10162512784554,42.72606034414365 -75.10162527484067,42.72615039923234 -75.10138098368787,42.7261506157245 -75.10138113033034,42.726240670812444 -75.10015967275932,42.72624174546104 -75.10015981763569,42.72633180055093 -75.09893835823131,42.72633286217686 -75.09893850134155,42.72642291726866 -75.0986942090994,42.72642312803138 -75.09869435185693,42.72651318312242 -75.0985722055582,42.72651328830871 -75.09857234813973,42.72660334339865 -75.09832805518693,42.72660355338114 -75.09832819741574,42.726693608470306 -75.09796175745159,42.72669392246803 -75.09796189915102,42.72678397755678 -75.09771760548497,42.72678418623794 -75.09771774683168,42.726874241325916 -75.09747345280967,42.72687444948667 -75.09747359380364,42.72696450457388 -75.09722929942568,42.72696471221425 -75.09722944006695,42.72705476730068 -75.09637440848697,42.72705548994094 -75.0963745478921,42.727145545028215 -75.09637803322822,42.729396921747934 -75.09625588126303,42.72939702446958 -75.09625643824712,42.72975724466356 -75.09613428557445,42.729757347256204 -75.09613498093542,42.73020762246831 -75.09601282737856,42.730207724932285 -75.096013105174,42.730387835007825 -75.09589095126304,42.73038793734216 -75.09589122870761,42.73056804741265 -75.09576907444261,42.73056814961735 -75.09576935153628,42.73074825968279 -75.0956471969172,42.73074836175785 -75.09564747365998,42.730928471818245 -75.09552531868684,42.73092857376367 -75.09552559507871,42.731108683819016 -75.0954034397515,42.73110878563479 -75.095403991836,42.73146900572969 -75.09528183580125,42.73146910741646 -75.09528197364723,42.73155916243695 -75.09540412985871,42.731559060749866 -75.09540454393064,42.73182922580187 -75.09552670067166,42.73182912398354 -75.09552683887364,42.731919178997714 -75.09564899579074,42.73191907704878 -75.09564913417009,42.7320091320612 -75.09577129126329,42.732009029981675 -75.09577142982,42.732099084992356 -75.09601574435796,42.73209888044179 -75.09601588326875,42.73218893545042 -75.09613804071351,42.732188832979375 -75.09613817980167,42.732278887986254 -75.09638249504273,42.73227868265269 -75.096382634485,42.73236873765751 -75.09650479228131,42.73236863479496 -75.09650493190095,42.73245868979803 -75.09662708987334,42.73245858680488 -75.09662722967035,42.73254864180621 -75.09674938781885,42.73254853868245 -75.09674952779324,42.73263859368204 -75.09687168611781,42.73263849042766 -75.09687182626959,42.732728545425495 -75.09711614327026,42.73272833852524 -75.09711628377616,42.73281839352101 -75.09736060112773,42.73281818609893 -75.09736074198774,42.73290824109263 -75.09760505969018,42.73290803314875 -75.09760520090433,42.73299808814037 -75.09797167798335,42.7329977752464 -75.09797181972834,42.733087830235625 -75.09821613813125,42.73308762098753 -75.09821628023039,42.73317767597468 -75.09846059898415,42.73317746620476 -75.0984607414374,42.73326752118984 -75.09870506054204,42.7332673108981 -75.09870520334944,42.73335736588109 -75.09894952280494,42.73335715506753 -75.09894966596647,42.733447210048425 -75.09919398577281,42.733446998713035 -75.09919412928849,42.73353705369185 -75.09931628936741,42.733536947828384 -75.0993164330605,42.73362700280545 -75.09956075356985,42.73362679068698 -75.09956089761708,42.73371684566196 -75.09968305804752,42.733716739406944 -75.09968320227216,42.73380679438016 -75.09980536287867,42.73380668799453 -75.09980550728072,42.73389674296601 -75.09992766806332,42.73389663644974 -75.09992781264276,42.73398669141945 -75.10004997360144,42.73398658477256 -75.10005011835831,42.734076639740515 -75.10017227949307,42.73407653296298 -75.10017242442736,42.73416658792921 -75.1002945857382,42.73416648102104 -75.10029487596225,42.73434659094851 -75.10041703762593,42.7343464839094 -75.10041732820616,42.73452659383052 -75.10053949022266,42.73452648666043 -75.10053978115909,42.73470659657519 -75.10066194352842,42.73470648927412 -75.10066325436615,42.73551698381715 -75.10078541832564,42.73551687638276 -75.1007858558139,42.73578704120384 -75.100908020303,42.73578693363814 -75.10091094058085,42.737588032111596 -75.10078877255633,42.73758813968403 -75.1007892100908,42.73785830440701 -75.10066704153527,42.73785841185015 -75.10066718720465,42.7379484667553 -75.10054501847166,42.737948574068454 -75.10054516396494,42.73803862897252 -75.1004229950545,42.738038736155694 -75.10042314037165,42.73812879105868 -75.10030097128376,42.73812889811189 -75.10030111642479,42.73821895301378 -75.10017894715945,42.73821905993701 -75.10017909212436,42.73830911483782 -75.10005692268157,42.73830922163106 -75.10005706747037,42.738399276530785 -75.09993489785012,42.73839938319404 -75.0999350424628,42.738489438092685 -75.0998128726651,42.73848954462597 -75.09981301710167,42.73857959952351 -75.09969084712651,42.73857970592682 -75.09969099138694,42.73866976082327 -75.09956882123434,42.73866986709658 -75.09956896531864,42.73875992199197 -75.09932462465787,42.738760134148315 -75.09932476838925,42.73885018904292 -75.09920259788109,42.73885029492595 -75.09920274143634,42.73894034981949 -75.09908057075071,42.73894045557252 -75.09908071412984,42.739030510464964 -75.09895854326676,42.73903061608803 -75.09895868646977,42.73912067097936 -75.09883651542924,42.73912077647243 -75.0988366584561,42.73921083136268 -75.09871448723811,42.73921093672576 -75.09871463008884,42.73930099161493 -75.09847028729733,42.7393012019508 -75.09847042979511,42.739391256839205 -75.09834825822159,42.73939136181199 -75.09834840054323,42.739481416699284 -75.09810405704062,42.73948162625456 -75.09810419900933,42.73957168114109 -75.09798202708025,42.73957178572357 -75.09798216887279,42.739661840609024 -75.09785999676626,42.739661945061506 -75.09786013838267,42.73975199994586 -75.09761579381407,42.73975220846053 -75.09761593507753,42.739842263344116 -75.09749376261544,42.73984236740629 -75.09749390370276,42.739932422288774 -75.09737173106322,42.739932526220954 -75.09737187197437,42.74002258110234 -75.09712752633979,42.7400227885764 -75.09712766689799,42.740112843457005 -75.09700549390291,42.74011294699888 -75.09700577466765,42.74029305675649 -75.09688360131832,42.74029316016868 -75.09688374152486,42.740383215045675 -75.09676156799809,42.74038331832787 -75.09676170802845,42.740473373203784 -75.09663953432424,42.740473476355966 -75.0966398140333,42.740653586104145 -75.09651763997482,42.74065368912665 -75.09651777965351,42.74074374399895 -75.09639560541758,42.740743846891455 -75.0963957449201,42.74083390176263 -75.09627357050672,42.74083400452514 -75.09627370983308,42.740924059395226 -75.09615153524226,42.74092416202772 -75.09615181354324,42.741104271764264 -75.09602963859818,42.74110437426708 -75.09602977757282,42.74119442913353 -75.09590760245028,42.74119453150635 -75.09590774124877,42.74128458637171 -75.09578556594877,42.74128468861451 -75.09578570457107,42.74137474347877 -75.09566352909364,42.741374845591565 -75.09566366753977,42.74146490045471 -75.09554149188487,42.74146500243751 -75.09554176842539,42.74164511216019 -75.09541959241625,42.74164521401329 -75.09541973051066,42.7417352688728 -75.09529755432405,42.7417353705959 -75.09529769224226,42.74182542545431 -75.09517551587821,42.74182552704739 -75.09517579136289,42.74200563676062 -75.09505361464457,42.74200573822399 -75.09505375221106,42.742095793078775 -75.09493157531527,42.74209589441215 -75.09493171270557,42.742185949265846 -75.09480953563235,42.742186050469186 -75.09480967284644,42.74227610532178 -75.09407660933296,42.74227670980678 -75.09407674548675,42.742366764659835 -75.09358803575793,42.74236716504443 -75.09358790031143,42.74227711019012 -75.09248830497668,42.74227800342819 -75.09248817112218,42.74218794856966 -75.09236599403651,42.74218804716635 -75.09236612771419,42.7422781020252 -75.09163306412628,42.74227869087027 -75.09163319674363,42.74236874572954 -75.09138884185582,42.742368940969186 -75.09138897412012,42.74245899582764 -75.09114461887623,42.74245919054656 -75.09114475078749,42.74254924540422 -75.09102257298781,42.74254934256847 -75.09102270472286,42.742639397424995 -75.09077834876803,42.74263959136313 -75.09077848015004,42.742729646218834 -75.09065630199488,42.74272974299271 -75.09065643320066,42.74281979784732 -75.0904120765349,42.74281999100464 -75.09041220738764,42.742910045858416 -75.09029002887704,42.74291014224189 -75.09029015955355,42.743000197094545 -75.09004580217686,42.74300038947108 -75.09004593250032,42.74309044432293 -75.08992375363425,42.74309054031598 -75.08992388378147,42.7431805951667 -75.08967952569388,42.743180786762416 -75.08967965548804,42.74327084161231 -75.08955747626652,42.74327093721496 -75.08955760588445,42.743360992063735 -75.08931324708597,42.74336118287862 -75.08931337635082,42.74345123772658 -75.0890690171963,42.74345142802072 -75.08906914610807,42.74354148286785 -75.08894696635309,42.743541577819705 -75.08894709508863,42.743631632665696 -75.08870273522322,42.74363182217899 -75.08870286360569,42.74372187702417 -75.08845850338425,42.743722066016694 -75.08845863141363,42.74381212086104 -75.08833645112519,42.743812215162095 -75.08833657897833,42.743902270005314 -75.08809221804601,42.743902458216986 -75.08809234554606,42.743992513059375 -75.08784798425775,42.743992700750276 -75.0878481114047,42.74408275559182 -75.08772593058282,42.74408284924206 -75.08772605755351,42.74417290408248 -75.08748169555433,42.74417309099251 -75.08748182217195,42.7442631458321 -75.08735964099463,42.7442632390919 -75.08735976743598,42.74435329393035 -75.08711540472595,42.7443534800595 -75.08711553081422,42.74444353489712 -75.08687116774817,42.74444372050549 -75.08687129348333,42.74453377534227 -75.0867491117726,42.744533867951226 -75.08674923733147,42.74462392278687 -75.08650487355462,42.74462410761433 -75.08650499876038,42.744714162449135 -75.08638281669424,42.74471425466764 -75.08638294172374,42.744804309501305 -75.08626075948018,42.74480440158976 -75.0862608843334,42.744894456422294 -75.08613870191242,42.74489454838069 -75.08613882658939,42.7449846032121 -75.08601664399099,42.744984695040436 -75.08601676849167,42.7450747498707 -75.08577240293947,42.74507493313692 -75.08577252708703,42.74516498796634 -75.08565034413321,42.74516507940422 -75.0856504681045,42.745255134232515 -75.08552828497328,42.745255225540326 -75.08552840876828,42.74534528036747 -75.08540622545964,42.74534537154523 -75.08540634907835,42.74543542637124 -75.0852841655923,42.74543551741894 -75.08528428903475,42.74552557224381 -75.08516210537125,42.745525663161445 -75.0851622286374,42.74561571798519 -75.08504004479651,42.745615808772754 -75.08504016788639,42.745705863595376 -75.08491798386807,42.74570595425287 -75.08491810678164,42.74579600907433 -75.08479592258591,42.74579609960177 -75.0847960453232,42.74588615442211 -75.08467386095006,42.74588624481949 -75.08467398351105,42.74597629963868 -75.08455179896049,42.74597638990598 -75.0845519213452,42.74606644472403 -75.08442973661721,42.746066534861264 -75.08442985882562,42.74615658967818 -75.08430767392022,42.74615667968536 -75.08430779595233,42.746246734501135 -75.0841856108695,42.746246824378225 -75.08418573272533,42.74633687919287 -75.08406354746508,42.74633696893991 -75.08406366914461,42.74642702375339 -75.08394148370695,42.74642711337036 -75.08394172671395,42.74660722299363 -75.08381954092201,42.74660731248081 -75.08381966224947,42.74669736729061 -75.08369747628012,42.74669745664771 -75.0836975974313,42.74678751145635 -75.08357541128451,42.746787600683376 -75.08357565323479,42.74696771029696 -75.08345346673373,42.74696779939419 -75.08345358753284,42.747057854199134 -75.08333140085436,42.74705794316629 -75.08333152147716,42.74714799797009 -75.08320933462126,42.747148086807165 -75.08320945506775,42.74723814160983 -75.08308726803443,42.747238230316825 -75.0830873883046,42.74732828511833 -75.08296520109387,42.74732837369527 -75.08296532118773,42.74741842849562 -75.08284313379957,42.747418516942474 -75.0828432537171,42.74750857174169 -75.08272106615152,42.747508660058465 -75.08272118589275,42.747598714856544 -75.08259899814975,42.74759880304323 -75.08259911771465,42.74768885784016 -75.08247692979424,42.74768894589677 -75.08247704918281,42.74777900069255 -75.08223267298659,42.74777917641524 -75.08223279202197,42.74786923121016 -75.08211060374617,42.74786931887625 -75.08211072260522,42.747959373670014 -75.081988534152,42.74795946120601 -75.08198865283474,42.74804951599863 -75.0818664642041,42.748049603404546 -75.08186658271049,42.748139658196024 -75.08162220509382,42.74813983261731 -75.08162232324702,42.74822988740791 -75.08150013426099,42.748229974423296 -75.08150025223786,42.74832002921274 -75.08137806307441,42.74832011609804 -75.08137818087494,42.74841017088634 -75.08113380219267,42.7484103442664 -75.08113391964,42.7485003990538 -75.0808895406018,42.74850057191296 -75.0808896576959,42.74859062669951 -75.08076746799914,42.74859071293381 -75.08076758491688,42.7486807677192 -75.0806453950427,42.748680853823416 -75.0806455117841,42.74877090860765 -75.0805233217325,42.74877099458177 -75.08052343829756,42.74886104936485 -75.08040124806854,42.74886113520888 -75.08040136445726,42.74895118999081 -75.08015698364385,42.74895136128831 -75.08015709967933,42.74904141606935 -75.08003490909493,42.74904150152283 -75.08003502495407,42.74913155630272 -75.07991283419226,42.7491316416261 -75.07991294987505,42.749221696404845 -75.07979075893583,42.74922178159812 -75.07979087444227,42.74931183637571 -75.07966868332562,42.749311921438895 -75.0796687986557,42.74940197621532 -75.07954660736165,42.7494020611484 -75.07954672251537,42.74949211592367 -75.0794245310439,42.74949220072667 -75.07942464602127,42.749582255500776 -75.07930245437237,42.74958234017367 -75.07930256917338,42.74967239494663 -75.07918037734706,42.749672479489405 -75.07918049197171,42.74976253426122 -75.07905829996798,42.7497626186739 -75.07905841441627,42.74985267344455 -75.07893622223513,42.74985275772712 -75.07893633650704,42.74994281249661 -75.0788141441485,42.74994289664909 -75.07881425824404,42.7500329514174 -75.07869206570807,42.750033035439785 -75.07869217962725,42.75012309020696 -75.07844779419995,42.75012325786113 -75.07844790776586,42.75021331262741 -75.07832571487455,42.750213396259184 -75.07832582826408,42.75030345102431 -75.0780814421261,42.75030361789731 -75.07808155516237,42.75039367266154 -75.07759278217257,42.750394004844146 -75.07759289450178,42.75048405960797 -75.07747070107614,42.75048414232796 -75.07734850764999,42.75048422491757 -75.07734839567458,42.75039417015323 -75.0772262024248,42.75039425261221 -75.07722609062678,42.75030419784617 -75.07710389755339,42.75030428017453 -75.07710378593279,42.75021422540683 -75.07673720724021,42.75021447160892 -75.07673709615081,42.75012441683902 -75.076492710707,42.7501245803214 -75.07649259997189,42.75003452554955 -75.07624821487983,42.750034688509935 -75.076248104499,42.74994463373616 -75.07612591212911,42.749944715020554 -75.07612580192568,42.74985466024511 -75.07588141753816,42.749854822422286 -75.075881307689,42.749764767644905 -75.07575911567137,42.74976484853768 -75.07575900599963,42.74967479375862 -75.07551462231662,42.749674955152585 -75.07551451299916,42.74958490037161 -75.07539232133381,42.74958498087278 -75.07539221219373,42.74949492609012 -75.07527002070475,42.74949500646068 -75.07526991174205,42.749404951676354 -75.07502552911637,42.74940511202586 -75.07502542050796,42.74931505723962 -75.07490322937126,42.74931513721858 -75.07490312094023,42.749225082430655 -75.07478092997991,42.749225162279 -75.07478082172626,42.74913510748941 -75.0745364401579,42.749135266794504 -75.07453633225852,42.74904521200298 -75.07441414165048,42.749045291459744 -75.07441403392849,42.74895523666657 -75.07429184349682,42.74895531599271 -75.0742917359522,42.74886526119784 -75.07416954569693,42.74886534039337 -75.07416943832969,42.74877528559686 -75.07392505817144,42.74877544359633 -75.07392495115845,42.74868538879789 -75.07380276125546,42.748685467601845 -75.07380265441985,42.74859541280172 -75.07368046469324,42.748595491475065 -75.07368035803499,42.74850543667328 -75.0735581684848,42.748505515216024 -75.07355806200391,42.74841546041258 -75.0734358726301,42.748415538824716 -75.07343576632658,42.74832548401959 -75.07331357712914,42.74832556230111 -75.07331347100299,42.74823550749433 -75.07319128198196,42.748235585645254 -75.07319117603316,42.7481455308368 -75.07306898718852,42.748145608857115 -75.07306888141709,42.748055554047 -75.07294669274883,42.748055631936715 -75.07294658715476,42.74796557712493 -75.07282439866289,42.74796565488404 -75.07282429324619,42.74787560007059 -75.0727021049307,42.7478756776991 -75.07270199969135,42.747785622883995 -75.07257981155225,42.747785700381904 -75.07257970649026,42.74769564556513 -75.07245751852754,42.74769572293243 -75.0724574136429,42.747605668114 -75.07233522585658,42.747605745350704 -75.0723351211493,42.7475156905306 -75.07221293353936,42.7475157676367 -75.07221282900942,42.74742571281494 -75.07209064157587,42.74742578979045 -75.07209053722329,42.747335734967024 -75.07196834996613,42.74733581181194 -75.0719682457909,42.74724575698685 -75.07184605871012,42.747245833701164 -75.07184595471223,42.74715577887442 -75.07172376780785,42.74715585545814 -75.0717236639873,42.74706580062972 -75.0716014772593,42.747065877082846 -75.0716013736161,42.746975822252786 -75.0714791870645,42.746975898575315 -75.07147908359862,42.746885843743584 -75.07135689722341,42.746885919935515 -75.07135679393488,42.74679586510212 -75.07123460773607,42.74679594116348 -75.07123450462487,42.74670588632842 -75.07111231860243,42.74670596225917 -75.07111221566858,42.746615907422466 -75.07086784397602,42.74661605889244 -75.07086774139634,42.746526004053834 -75.07074555572623,42.74652607959306 -75.0707454533239,42.746436024752796 -75.07062326783016,42.746436100161425 -75.07062316560516,42.746346045319505 -75.0705009802878,42.74634612059756 -75.07050087824013,42.74625606575397 -75.07037869309917,42.74625614090143 -75.07037859122883,42.746166086056206 -75.07013422129923,42.7461662359596 -75.07013411978305,42.74607618111247 -75.0698897502053,42.74607633049399 -75.0698896490433,42.74598627564499 -75.0697674644306,42.74598635013998 -75.06976736344592,42.74589629528931 -75.0696451790096,42.745896369653735 -75.06964507820226,42.745806314801406 -75.06952289394232,42.745806389035245 -75.06952279331227,42.745716334181274 -75.06940060922872,42.74571640828453 -75.06940050877603,42.7456263534289 -75.06927832486886,42.745626427401575 -75.06927822459346,42.74553637254428 -75.0691560408627,42.74553644638639 -75.0691559407646,42.745446391527445 -75.06903375721024,42.74544646523897 -75.06903365728945,42.74535641037837 -75.06891147391147,42.74535648395932 -75.06891137416801,42.745266429097086 -75.06878919096641,42.74526650254745 -75.06878909140026,42.74517644768355 -75.06854472534941,42.745176594192785 -75.06854462613738,42.74508653932701 -75.06842244328813,42.745086612385876 -75.06842234425342,42.74499655751846 -75.06830016158054,42.74499663044675 -75.0682999638662,42.74481652070718 -75.06817778154657,42.74481659350467 -75.06817758418771,42.74463648375895 -75.0680554022213,42.74463655642565 -75.06805520521796,42.7444564466738 -75.0679330236048,42.744456519209685 -75.06793282695693,42.74427640945169 -75.06781064569701,42.744276481856794 -75.06781044940463,42.74409637209266 -75.06768826849793,42.74409644436696 -75.06768817052925,42.74400638948255 -75.06756598979894,42.74400646162627 -75.06756589200755,42.7439164067402 -75.06744371145362,42.74391647875338 -75.06744361383953,42.743826423865656 -75.067199253084,42.74382656750053 -75.06719915582401,42.74373651261094 -75.06707697562241,42.74373658423264 -75.06707687853972,42.7436465293414 -75.06683251848885,42.74364667219334 -75.06683242176027,42.743556617300236 -75.06671024191101,42.743556688530475 -75.0667101453597,42.74346663363571 -75.06658796568682,42.7434667047354 -75.0665878693128,42.74337664983899 -75.06634351031938,42.743376791646895 -75.06634341429947,42.74328673674863 -75.06622123497893,42.743286807456855 -75.06622113913627,42.743196752556955 -75.06597678084754,42.74319689358193 -75.06597668535899,42.74310683868016 -75.06585450639079,42.74310690899693 -75.06585441107953,42.74301685409352 -75.06573223228771,42.74301692427973 -75.0657321371537,42.74292686937467 -75.06560995853829,42.74292693943032 -75.06560986358154,42.74283688452364 -75.06548768514253,42.742836954448734 -75.06548759036303,42.74274689954041 -75.0653654121004,42.74274696933495 -75.06536503369412,42.74238674968653 -75.06548721124946,42.74238667989285 -75.06548702169528,42.74220657006055 -75.06560919889652,42.742206500136994 -75.06560767969678,42.7407656212774 -75.06548550532457,42.74076569119747 -75.06548512624931,42.74040547142483 -75.06536295258391,42.7404055412137 -75.06536257422283,42.74004532141745 -75.0652404012642,42.740045391075114 -75.06524002361728,42.739685171255246 -75.06511785136543,42.73968524078171 -75.06511747443264,42.73932502093824 -75.06499530288752,42.73932509033352 -75.06499492666885,42.73896487046642 -75.06487275583048,42.7389649397305 -75.06487238032588,42.73860471983981 -75.06475021019425,42.738604788972715 -75.06475011649596,42.73851473399627 -75.06462794654068,42.738514802998644 -75.06462785301963,42.73842474802055 -75.0645056832407,42.73842481689239 -75.06450549655344,42.73824470693154 -75.06438332712767,42.73824477567264 -75.06438323396146,42.738154720689856 -75.06426106471206,42.738154789300424 -75.06426097172306,42.738064734316005 -75.06413880264999,42.73806480279604 -75.06413870983822,42.73797474781001 -75.06377220314684,42.73797495246759 -75.06377211086584,42.737884897479475 -75.06279476108452,42.737885437497575 -75.06279485195124,42.73797549248737 -75.06242834524599,42.73797569284463 -75.0624284355828,42.73806574783364 -75.06181759018182,42.73806607915715 -75.06181767963511,42.73815613414578 -75.0616955103769,42.738156200019745 -75.06169559965382,42.73824625500717 -75.0615734302184,42.738246320751024 -75.0615736084199,42.73842643072199 -75.06145143863051,42.73842649633595 -75.06145161648007,42.73860660630166 -75.06132944633669,42.738606671785696 -75.06132980133356,42.73896689170085 -75.06120763048258,42.73896695705541 -75.06120780762988,42.739147067004886 -75.06108563642493,42.73914713222952 -75.06108590161854,42.73941729714366 -75.0609637298828,42.739417362238605 -75.06096399454967,42.73968752714056 -75.06084182228314,42.73968759210579 -75.06084208642325,42.73995775699557 -75.0607199136259,42.739957821831084 -75.06072017723925,42.74022798670868 -75.06059800391108,42.74022805141448 -75.06059817930173,42.74040816132618 -75.06047600561956,42.74040822590206 -75.06047723092384,42.74166899512757 -75.06059940708136,42.741668930548855 -75.06060054723315,42.74283964457758 -75.06072272568898,42.742839579865894 -75.06072316511117,42.743289854427346 -75.06084534445074,42.743289789584324 -75.0608464892946,42.744460503275164 -75.06072430765617,42.74446056812082 -75.06072474711472,42.74491084255436 -75.06060256459168,42.74491090727069 -75.0606028277411,42.74518107191437 -75.06048064468712,42.74518113650096 -75.06048099485128,42.745541356006754 -75.06035881108946,42.745541420463816 -75.06035907318625,42.74581158507885 -75.06023688889348,42.745811649406164 -75.06023715046332,42.74608181400901 -75.06011496563958,42.74608187820658 -75.06011522668246,42.746352042797234 -75.05999304132774,42.74635210686506 -75.05999321500461,42.74653221658545 -75.05987102929576,42.74653228052333 -75.0598712026205,42.74671239023845 -75.05974901655756,42.74671245404637 -75.05974918953015,42.74689256375619 -75.05962700311308,42.74689262743416 -75.05962726204436,42.747162791988835 -75.0595050750963,42.74716285553704 -75.05950550577201,42.747613129767394 -75.05938331793922,42.74761319318625 -75.05938391966374,42.748243577050424 -75.05926173059243,42.74824364034031 -75.05926207373618,42.74860385966079 -75.05913988395697,42.7486039228211 -75.05914014078829,42.74887408729712 -75.05901795047804,42.74887415032767 -75.05901803591237,42.74896420515038 -75.05865146444863,42.74896439346042 -75.05865137954493,42.748874338637115 -75.0585291892331,42.74887440114622 -75.05852901978065,42.748694291494985 -75.0584068298222,42.748694353873326 -75.05840649162947,42.748334134553026 -75.05828430237815,42.74833419680022 -75.05828413363786,42.74815408713116 -75.05816194473991,42.748154149247604 -75.05816186054723,42.74806409441073 -75.05803967182577,42.74806415639662 -75.05803958781034,42.74797410155815 -75.05791739926535,42.747974163413495 -75.05791731542719,42.747884108573395 -75.0577951270587,42.74788417029819 -75.0577950433978,42.74779411545648 -75.0575506670134,42.747794238514594 -75.05755058370664,42.74770418367108 -75.0571840196578,42.747704367279994 -75.05718393688201,42.747614312434486 -75.0554733070854,42.74761515376088 -75.05547338738499,42.74770520860903 -75.05522901134006,42.74770532671317 -75.05522893139421,42.74761527186466 -75.05510674354808,42.747615330721 -75.05510666377947,42.74752527587088 -75.05486228843982,42.74752539319214 -75.05486220902532,42.747435338340225 -75.05474002153181,42.747435396805145 -75.05473994229455,42.747345341951636 -75.05461775497756,42.747345400286 -75.05461767591751,42.74725534543089 -75.05449548877702,42.74725540363472 -75.05449533101176,42.74707529391985 -75.05437314422464,42.74707535199296 -75.05437306551943,42.74698529713323 -75.0542508789088,42.74698535507581 -75.05425080038081,42.746895300214454 -75.05412861394669,42.74689535802649 -75.05412853559594,42.74680530316353 -75.05400634933832,42.746805360845045 -75.0540061929916,42.746625251114516 -75.05388400708735,42.746625308665315 -75.05388392909138,42.74653525379774 -75.05376174336364,42.746535311218 -75.0537616655449,42.746445256348814 -75.05363947999365,42.746445313638546 -75.05363932471096,42.74626520389556 -75.05351713951309,42.74626526105458 -75.05351706204912,42.74617520618078 -75.05339487702774,42.746175263209274 -75.05339479974101,42.74608520833387 -75.05327261489613,42.746085265231834 -75.05327246067743,42.745905155476414 -75.0531502761859,42.745905212243656 -75.05315019925393,42.74581515736364 -75.05302801493893,42.74581521400036 -75.05302793818417,42.74572515911875 -75.05290575404565,42.74572521562495 -75.0529056008909,42.74554510585709 -75.05278341710574,42.745545162232595 -75.05278334070574,42.74545510734635 -75.05266115709708,42.74545516359134 -75.05266100465184,42.74527505381423 -75.05253882139652,42.74527510992852 -75.05253874535128,42.745185055037666 -75.05241656227247,42.74518511102142 -75.05241641053672,42.74500500123509 -75.05229422781126,42.74500505708816 -75.05229415212075,42.74491500219269 -75.05217196957179,42.744915057915215 -75.05217189405849,42.74482500301815 -75.05204971168601,42.74482505861017 -75.05204963634989,42.74473500371152 -75.05192745415394,42.74473505917302 -75.051927378995,42.74464500427277 -75.05180519697554,42.74464505960375 -75.0518051219938,42.7445550047019 -75.05168294015083,42.74455505990237 -75.05168286534627,42.74446500499892 -75.05156068367981,42.744465060068876 -75.05156060905244,42.74437500516383 -75.05143842756246,42.74437506010327 -75.05143835311227,42.744285005196645 -75.05131617179882,42.744285060005566 -75.05131609752581,42.74419500509734 -75.05119391638884,42.74419505977575 -75.05119384229303,42.74410500486592 -75.05107166133254,42.74410505941382 -75.0510715874139,42.74401500450242 -75.05082722584562,42.74401511320685 -75.05082715228099,42.74392505829368 -75.05070497167318,42.743925112450206 -75.05070489828573,42.74383505753544 -75.05058271785441,42.74383511156147 -75.05058257143419,42.74365500172733 -75.05046039135622,42.74365505562268 -75.05046024529102,42.74347494578254 -75.05033806556638,42.7434749995472 -75.05033799271109,42.74338494462482 -75.05021581316295,42.74338499825899 -75.05021523174752,42.74266455882745 -75.05033740988102,42.74266450519464 -75.05033726417686,42.742484395322876 -75.05045944195639,42.74248434156006 -75.05045929589991,42.74230423168295 -75.05058147332545,42.74230417779013 -75.05058125371279,42.74203401296431 -75.05070343060753,42.742033958941676 -75.05070328384713,42.74185384905103 -75.0508254603879,42.74185379489839 -75.05082531327521,42.741673685002404 -75.050947489462,42.74167363071978 -75.05094741572935,42.74158357576982 -75.051069591739,42.741583521357036 -75.05106951782986,42.74149346640582 -75.05119169366233,42.74149341186287 -75.05119154549148,42.74131330195654 -75.05131372096999,42.74131324728362 -75.05131364670825,42.741223192328476 -75.05143582200961,42.74122313752539 -75.0514357475714,42.74113308256901 -75.05155792269561,42.74113302763577 -75.05155784808092,42.74104297267813 -75.05168002302797,42.74104291761473 -75.05167994823682,42.74095286265586 -75.05180212300672,42.7409528074623 -75.05180204803911,42.740862752502174 -75.05192422263184,42.74086269717847 -75.05192414748777,42.74077264221709 -75.05204632190335,42.74077258676322 -75.05204609594277,42.74050242187109 -75.0514352265135,42.74050269783454 -75.05143530094932,42.740592752800865 -75.0504579084303,42.74059318756684 -75.05045783540895,42.74050313259915 -75.04996913984859,42.74050334685366 -75.04996906753479,42.74041329188387 -75.04972472010623,42.74041339822883 -75.04972464814637,42.740323343257295 -75.04960247460839,42.740323396234125 -75.04960240282567,42.74023334126101 -75.04948022946417,42.74023339410734 -75.04948015785858,42.74014333913262 -75.0492358114882,42.740143444434004 -75.04923574023655,42.74005338945754 -75.04911356722766,42.740053441912586 -75.04911349615315,42.739963386934534 -75.04886915048802,42.739963491453324 -75.04886907976743,42.73987343647352 -75.04874690711117,42.73987348853728 -75.0487468365677,42.73978343355588 -75.04862466408792,42.73978348548914 -75.04862459372158,42.73969343050618 -75.04850242141829,42.73969348230896 -75.04850235122906,42.739603427324404 -75.04838017910224,42.7396034789967 -75.04838010909013,42.73951342401056 -75.0482579371398,42.73951347555237 -75.0482578673048,42.73942342056466 -75.04813569553093,42.73942347197599 -75.04813562587307,42.7393334169867 -75.04801345427568,42.73933346826753 -75.04801338479493,42.73924341327665 -75.047891213374,42.73924346442702 -75.04789114407036,42.73915340943456 -75.04776897282592,42.73915346045446 -75.0477689036994,42.739063405460406 -75.04764673263143,42.73906345634982 -75.04764666368203,42.73897340135419 -75.04752449279053,42.73897345211313 -75.04752442401823,42.73888339711593 -75.04740225330322,42.73888344774438 -75.04740211611315,42.73870333774539 -75.0472799457514,42.7387033882432 -75.04727980891614,42.73852327823822 -75.04715763890768,42.73852332860541 -75.04715750242727,42.73834321859441 -75.04703533277205,42.73834326883098 -75.04703519664648,42.738163158813975 -75.04691302734452,42.73816320891991 -75.04691268791996,42.73771293385175 -75.04703485633799,42.73771288374661 -75.04703472021679,42.737532773709695 -75.04715688828097,42.73753272347455 -75.04715675180746,42.7373526134323 -75.04727891951775,42.737352563067155 -75.04727885110469,42.73726250804404 -75.04740101863788,42.737262457548745 -75.04740088145915,42.737082347498585 -75.0475230486385,42.7370822968733 -75.04752297987282,42.73699224184624 -75.04764514687507,42.73699219109079 -75.04764507793294,42.736902136062476 -75.04776724475809,42.736902085176894 -75.04776710652125,42.73672197511631 -75.04788927299253,42.73672192410074 -75.0478892036978,42.73663186906847 -75.048011369992,42.73663181792275 -75.04801123104998,42.73645170785429 -75.04788906510933,42.736451758999685 -75.04788899581555,42.73636170396316 -75.04776683005134,42.73636175497809 -75.04776676093468,42.736271699939984 -75.04764459534692,42.736271750824464 -75.04764452640732,42.73618169578477 -75.04752236099603,42.73618174653878 -75.04752229223351,42.73609169149751 -75.04740012699865,42.736091742121054 -75.04740005841323,42.7360016870782 -75.04727789335483,42.73600173757128 -75.04727782494648,42.735911682526854 -75.04715566006453,42.73591173288948 -75.04715559183326,42.735821677843454 -75.04703342712777,42.73582172807562 -75.04703335907358,42.73573167302803 -75.04691119454453,42.735731723129724 -75.04691112666742,42.73564166808057 -75.04678896231482,42.7356417180518 -75.04678889461478,42.73555166300105 -75.04654456626217,42.735551762552305 -75.04654449891598,42.73546170749983 -75.04642233491597,42.73546175707985 -75.04642226774685,42.7353717020258 -75.04630010392329,42.735371751475355 -75.04630003693121,42.73528169641972 -75.0460557096367,42.73528179492763 -75.04605564299848,42.73519173987027 -75.04593347952752,42.73519178892861 -75.04593341306635,42.735101733869676 -75.04581124977184,42.73510178279758 -75.04581118348773,42.73501172773706 -75.0456890203697,42.735011776534506 -75.04568895426263,42.73492172147242 -75.04556679132104,42.7349217701394 -75.04556672539104,42.73483171507575 -75.0454445626259,42.734831763612284 -75.04544449687296,42.734741708547055 -75.04532233428428,42.73474175695314 -75.0453222687084,42.73465170188633 -75.04520010629616,42.734651750161966 -75.04520004089733,42.734561695093596 -75.04507787866154,42.73456174323878 -75.04507781343979,42.73447168816884 -75.04495565138045,42.73447173618357 -75.04495558633573,42.73438168111205 -75.04483342445285,42.73438172899632 -75.04483335958518,42.73429167392325 -75.04458903617203,42.734291769300626 -75.04458897165817,42.73420171422582 -75.0444668101279,42.73420176171892 -75.04446674579107,42.73411170664254 -75.04422242308316,42.734111801237546 -75.0442223591001,42.73402174615944 -75.04410019792246,42.734021793261356 -75.04410013411646,42.7339317381817 -75.04385581211378,42.73393183199435 -75.04385574866157,42.73384177691297 -75.04373358783653,42.733841823623706 -75.04373352456138,42.73375176854075 -75.04348920326392,42.733751861571044 -75.04348914034253,42.73366180648638 -75.04336697987011,42.733661852805945 -75.04336691712575,42.73357179771971 -75.04312259653355,42.73357188996765 -75.04312253414298,42.73348183487971 -75.04251173354118,42.73348206321874 -75.04251179504803,42.733572118307386 -75.04202315385452,42.73357229863389 -75.04202321465469,42.7336623537217 -75.04153457274973,42.73366253196406 -75.0415346328432,42.733752587050994 -75.04116815088135,42.73375271936508 -75.04116821044484,42.73384277445102 -75.04092388878207,42.73384286200922 -75.04092394799235,42.73393291709401 -75.040679625975,42.733933004131295 -75.04067956711822,42.73384294904624 -75.04055740628588,42.73384299236931 -75.04055734760612,42.7337529372827 -75.04043518695026,42.73375298047533 -75.04043512844751,42.73366292538717 -75.04031296796813,42.73366296844937 -75.0403129096424,42.73357291335965 -75.04019074933949,42.73357295629144 -75.04019069119077,42.733482901200155 -75.04006853106434,42.73348294400151 -75.04006847309262,42.733392888908675 -75.03994631314266,42.7333929315796 -75.03994625534796,42.73330287648521 -75.03982409557447,42.73330291902571 -75.03982403795678,42.733212863929765 -75.03970187835978,42.733212906339844 -75.03970182091909,42.733122851242335 -75.03823590785565,42.7331233499989 -75.03823596317547,42.733213405097956 -75.03762516517112,42.733213607376435 -75.03762521960746,42.73330366247471 -75.03701442071316,42.73330386149651 -75.03701436716051,42.7332138063976 -75.03689220755764,42.73321384581096 -75.03689210080657,42.733033735608664 -75.03676994155693,42.73303377489148 -75.03676988835849,42.73294371978807 -75.03664772928536,42.73294375894048 -75.0366476762639,42.73285370383553 -75.03652551736727,42.73285374285752 -75.03652541167855,42.73267363264312 -75.03640325313516,42.73267367153457 -75.03640314780088,42.732493561314236 -75.0362809896107,42.73249360007516 -75.03628093712068,42.732403544962736 -75.036158779107,42.73240358359325 -75.03615867448111,42.7322234733639 -75.03603651682064,42.732223511863886 -75.0360364646848,42.73213345674696 -75.03591430720084,42.73213349511654 -75.03591420328331,42.731953384878175 -75.03579204615257,42.73195342311723 -75.03579194258947,42.73177331287293 -75.03566978581193,42.73177335098146 -75.03566973420746,42.731683295857074 -75.03554757760642,42.73168333383521 -75.03554747475165,42.7315032235819 -75.03542531850384,42.7315032614295 -75.03542526725353,42.73141320630061 -75.0353031111822,42.73141324401782 -75.03530300903574,42.731233133755524 -75.03518085331761,42.731233171342204 -75.03518080242146,42.7311431162088 -75.03505864687983,42.73114315366508 -75.03505859616064,42.731053098530154 -75.03493644079549,42.73105313585603 -75.03493639025325,42.730963080719555 -75.0348142350646,42.730963117915046 -75.0348141846993,42.73087306277702 -75.03469202968715,42.73087309984211 -75.0346919794988,42.730783044702555 -75.03456982466312,42.73078308163725 -75.03456977465174,42.73069302649616 -75.03395900135352,42.730693209214806 -75.03395895222596,42.73060315407172 -75.03371464325852,42.730603226247 -75.03371459448461,42.730513171102274 -75.03359244017727,42.730513206994374 -75.0335923915803,42.73042315184811 -75.03347023744945,42.73042318760983 -75.03347014060961,42.73024307731281 -75.03334798683197,42.73024311294402 -75.033347842104,42.729972947487504 -75.03322568885628,42.7299729829881 -75.0332254965956,42.72961276235908 -75.03310334405451,42.729612797728954 -75.0331031525042,42.72925257707675 -75.03322530433847,42.72925254170733 -75.0332249198348,42.72853210033559 -75.03310276941411,42.72853213570413 -75.03310272152886,42.72844208052615 -75.03298057128467,42.72844211576431 -75.0329804758682,42.728262005403884 -75.03285832597719,42.72826204051157 -75.03285823091498,42.72808193014522 -75.03273608137714,42.728081965122406 -75.03273603402306,42.72799190993699 -75.03261388466171,42.7279919447838 -75.03261383748453,42.72790188959685 -75.03249168829966,42.72790192431329 -75.03249164129939,42.72781186912482 -75.03236949229098,42.72781190371088 -75.03236944546762,42.727721848520865 -75.0322472966357,42.72772188297654 -75.03224720334302,42.72754177259207 -75.03212505486425,42.72754180691725 -75.03212500839493,42.72745175172279 -75.03200286009263,42.7274517859176 -75.0320028138002,42.7273617307216 -75.03188066567441,42.72736176478605 -75.03188061955888,42.72727170958851 -75.03175847160954,42.727271743522586 -75.03175842567092,42.72718168832352 -75.03151413012499,42.72718175580067 -75.03151408453994,42.72709170059997 -75.03139193694335,42.72709173414304 -75.03139189153521,42.72700167894082 -75.0312697441151,42.72700171235352 -75.03126969888383,42.72691165714977 -75.03102540439636,42.72691172358417 -75.03102535951867,42.726821668378804 -75.0309032124513,42.726821701400496 -75.03090307834952,42.726551535775535 -75.030780931812,42.72655156866666 -75.03078079824212,42.72628140302859 -75.03065865223444,42.72628143578915 -75.03065851919642,42.72601127013799 -75.03053637371856,42.72601130276798 -75.03053624121242,42.7257411371037 -75.03041409626437,42.72574116960313 -75.03041392029903,42.72538094869712 -75.03029177605748,42.725380981065896 -75.03029160080204,42.72502076013674 -75.03016945726695,42.72502079237485 -75.03016919544983,42.72448046093788 -75.03004705297454,42.72448049304514 -75.03004696605709,42.72430038255459 -75.02992482393492,42.724300414531385 -75.02992473737159,42.724120304034926 -75.02980259560253,42.724120335881274 -75.029802466289,42.72385017012564 -75.02968032504974,42.723850201841444 -75.02968019626796,42.723580036072725 -75.02955805555845,42.723580067657984 -75.02955792730839,42.723309901876185 -75.02943578712865,42.72330993333088 -75.02943553169375,42.72276960172831 -75.02931339257371,42.72276963305217 -75.02931305341795,42.722049190835044 -75.02919091571086,42.72204922202789 -75.02919083127715,42.72186911145919 -75.02906869392314,42.7218691425216 -75.02906860984348,42.72168903194702 -75.02894647284255,42.721689062879 -75.02894643097964,42.721599007589475 -75.0287021573305,42.72159906906251 -75.02870211582106,42.72150901377138 -75.02845784252443,42.721509074723265 -75.02845780136845,42.72141901943053 -75.02821352842432,42.72141907986126 -75.02821348762178,42.7213290245669 -75.02796921503018,42.7213290844765 -75.02796917458112,42.72123902918054 -75.02772490234203,42.72123908856899 -75.02772486224643,42.72114903327144 -75.02760272630323,42.72114906277021 -75.02760268638444,42.72105900747112 -75.0274805506177,42.72105903683958 -75.0274805108757,42.72096898153898 -75.02735837528542,42.7209690107771 -75.02735829615526,42.72078890017147 -75.02723616091804,42.720788929279166 -75.02723612152987,42.72069887397413 -75.02711398646909,42.72069890295151 -75.02711390804653,42.720518792336975 -75.02699177333885,42.720518821183944 -75.02699169527024,42.720338710563546 -75.02686956091563,42.72033873928009 -75.026869483201,42.72015862865383 -75.02674734919945,42.720158657239956 -75.02674731051903,42.720068601924616 -75.02662517669393,42.720068630380425 -75.02662509968685,42.71988851974527 -75.02650296621482,42.71988854807068 -75.0265028895617,42.71970843742968 -75.02638075644272,42.71970846562467 -75.02638071829305,42.71961841030194 -75.02625858535052,42.71961843836661 -75.02625850940491,42.71943832771673 -75.02613637681546,42.719438355651 -75.02613633901954,42.71934830032383 -75.0260142066065,42.71934832812779 -75.02601413136841,42.719168217469026 -75.02589199930846,42.71916824514258 -75.0258919618663,42.71907818981097 -75.02576982998275,42.71907821735421 -75.02576975545216,42.71889810668657 -75.02564762392169,42.7188981340994 -75.02564754974499,42.71871802342592 -75.02552541856757,42.71871805070834 -75.02552538165608,42.71862799536939 -75.0254032506551,42.718628022521514 -75.02540317718586,42.71844791183915 -75.02515891588985,42.718447965752375 -75.0251588795087,42.7183579104089 -75.02503674903703,42.71835793717009 -75.02503671283266,42.71826788182511 -75.02491458253743,42.71826790845599 -75.02491454650983,42.71817785310951 -75.02479241639107,42.71817787961008 -75.02479238054022,42.718087824262085 -75.02467025059788,42.71808785063236 -75.02467021492383,42.71799779528286 -75.02454808515792,42.717997821522836 -75.02454804966062,42.71790776617183 -75.02442592007117,42.717907792281494 -75.02442584943027,42.71772768157506 -75.02430372019386,42.71772770755434 -75.0243036499068,42.71754759684205 -75.02418152102342,42.71754762269095 -75.02418141612387,42.717277456611626 -75.02405928777011,42.717277482330054 -75.02405921819107,42.71709737160324 -75.02393709019036,42.71709739719129 -75.02393702096515,42.71691728645864 -75.02381489331746,42.7169173119163 -75.02381485888169,42.71682725654776 -75.02369273141045,42.71682728187513 -75.02369266289256,42.71664717113362 -75.02357053577433,42.71664719633062 -75.02357050169222,42.71655714095767 -75.02344837475043,42.71655716602437 -75.02344830693984,42.71637705527402 -75.02332618035109,42.71637708021035 -75.02332614662262,42.716287024832965 -75.0232040202103,42.716287049639 -75.02320398665857,42.716196994260116 -75.02308186042268,42.71619701893586 -75.02308182704769,42.716106963555475 -75.02295970098824,42.716106988100925 -75.02295966778999,42.71601693271905 -75.02283754190697,42.71601695713421 -75.02283750888546,42.71592690175084 -75.02271538317888,42.7159269260357 -75.0227153503341,42.715836870650826 -75.02259322480394,42.715836894805406 -75.02259319213591,42.71574683941904 -75.02234894142832,42.71574688733741 -75.02234890911359,42.71565683194946 -75.02222678393618,42.715656855713256 -75.02222675179817,42.71556680032382 -75.02210462679717,42.71556682395733 -75.02210459483591,42.7154767685664 -75.02198247001135,42.71547679206961 -75.02198243822681,42.71538673667718 -75.02186031357869,42.71538676005011 -75.02186028197087,42.7152967046562 -75.02173815749919,42.71529672789885 -75.02173809463716,42.71511661710658 -75.02161597051848,42.71511664021889 -75.02161593926427,42.715026584820556 -75.02149381532202,42.71502660780257 -75.02149375316716,42.714846497001496 -75.02137162957791,42.714846519853154 -75.02137159867728,42.71475646445041 -75.02124947526448,42.7147564871718 -75.02124941381678,42.71457637636191 -75.02112729075698,42.71457639895295 -75.0211272602099,42.7144863435458 -75.02100513732654,42.714486366006554 -75.02100507658596,42.71430625518786 -75.02088295405561,42.71430627751826 -75.02088289366874,42.714126166693745 -75.02076077149137,42.71412618889381 -75.02076071145818,42.713946078063444 -75.02063858963383,42.71394610013318 -75.02063852995433,42.71376598929701 -75.02051640848296,42.71376601123639 -75.02051634915713,42.71358590039439 -75.02039422803877,42.71358592220343 -75.02039416906662,42.713405811355614 -75.02027204830124,42.71340583303431 -75.02027201899193,42.7133157776082 -75.02014989840296,42.713315799156625 -75.02014986927036,42.71322574372903 -75.02002774885783,42.71322576514719 -75.02002769094612,42.71304565428761 -75.01990557088658,42.71304567557542 -75.0199055421075,42.71295562014343 -75.01978342222438,42.712955641301 -75.01978339362198,42.71286558586751 -75.01966127391529,42.71286560689481 -75.01966121706398,42.712685496023454 -75.0195390977103,42.71268551692041 -75.01953906946139,42.712595461482536 -75.01941695028411,42.71259548224922 -75.01941689413981,42.71241537136909 -75.01929477531552,42.71241539200545 -75.0192947474201,42.71232533656319 -75.01917262877224,42.71232535706928 -75.01917257333491,42.712145246180356 -75.01905045504003,42.71214526655614 -75.01905039995631,42.711965155661396 -75.01892828201439,42.71196517590685 -75.01892825464928,42.71187512045729 -75.01880613688378,42.71187514057248 -75.01880608250703,42.71169502966896 -75.0186839650945,42.711695049653834 -75.01868388405993,42.71142488328771 -75.01856176717692,42.71142490314221 -75.01856171350758,42.711244792224235 -75.01843959697753,42.71124481194841 -75.01843951700408,42.7109746455606 -75.01831740100353,42.710974665154396 -75.01831732156082,42.71070449875361 -75.01831729508015,42.710614443283845 -75.0185615256688,42.710614403966545 -75.01856149883518,42.71052434849546 -75.01868361395279,42.7105243286416 -75.01868358694276,42.71043427316918 -75.01880570188371,42.71043425318517 -75.01880567469726,42.71034419771138 -75.01892778946156,42.71034417759726 -75.01892773473598,42.71016406664555 -75.01904984914707,42.71016404640137 -75.01904982160792,42.71007399092345 -75.01917193584237,42.71007397054913 -75.01917190812682,42.70998391506984 -75.01941613624226,42.709983873930796 -75.01941610817377,42.70989381845024 -75.01953822205476,42.709893797685496 -75.01953819380988,42.70980374220357 -75.01978242121841,42.70980370028366 -75.0197823926206,42.70971364480042 -75.01990450614814,42.709713623645264 -75.01990447737394,42.70962356816068 -75.02014870407555,42.70962352545994 -75.02014867494843,42.709533469974076 -75.0202707881225,42.70953344842849 -75.02027075881898,42.70944339294127 -75.0203928718164,42.70944337126556 -75.02039284233649,42.70935331577699 -75.02063706797786,42.709353272035166 -75.02063703814503,42.70926321654531 -75.02075915078899,42.709263194479206 -75.02075912077977,42.70917313898799 -75.02100334571422,42.709173094465335 -75.0210033153521,42.70908303897285 -75.02112542764259,42.70908301651632 -75.02112539710409,42.70899296102248 -75.02124750921791,42.708992938435834 -75.02124747850301,42.708902882940656 -75.0214917023772,42.70890283737697 -75.0214916713094,42.70881278188049 -75.02173589482999,42.70881273579621 -75.02173586340929,42.70872268029847 -75.02185797499284,42.70872265706114 -75.02185794339577,42.70863260156205 -75.0221021662094,42.70863255469699 -75.02210213425944,42.708542499196604 -75.02222424548951,42.708542475568876 -75.02222421336317,42.70845242006717 -75.02246843546985,42.70845237242132 -75.02246840299063,42.708362316918326 -75.02271262474366,42.70836226875191 -75.02271259191156,42.708272213247646 -75.02283470261133,42.70827218896924 -75.02283466960286,42.708182133463644 -75.02295678012598,42.70818210905513 -75.02295674694115,42.7080920535482 -75.02320096763387,42.708092004340806 -75.02320093409617,42.70800194883258 -75.02344515443524,42.70800189910462 -75.02344512054466,42.70791184359515 -75.02356723053745,42.70791181853599 -75.02356719647052,42.707821763025166 -75.02381141610262,42.70782171251646 -75.02381138168282,42.70773165700437 -75.02405560096125,42.70773160597512 -75.02405556618858,42.70764155046178 -75.02417767565105,42.707641524751956 -75.02417764070204,42.70755146923728 -75.02442185927346,42.7075514174273 -75.02442182397158,42.707461361911356 -75.02454393308055,42.70746133581118 -75.02454389760233,42.707371280293884 -75.02478811546676,42.70737122770317 -75.02478807963568,42.707281172184636 -75.02491018839113,42.7072811456941 -75.02491015238373,42.70719109017422 -75.02515436954113,42.70719103680279 -75.02515433318086,42.70710098128165 -75.0252764415828,42.707100954400765 -75.02527552821809,42.70484956591265 -75.02515342422853,42.70484959279143 -75.02515331516128,42.70457942611293 -75.025031211701,42.704579452861296 -75.02503103080797,42.70412917503492 -75.02490892822995,42.70412920165273 -75.02490867622201,42.70349881263554 -75.02478657487914,42.70349883912258 -75.02478607335816,42.70223806087814 -75.02490817223047,42.70223803439224 -75.02490802823884,42.70187781198584 -75.02503012640514,42.70187778537014 -75.0250300178838,42.701607618550675 -75.02515211552057,42.701607591805065 -75.02515197012193,42.701247369359564 -75.02527406705272,42.701247342484145 -75.02527392095095,42.70088712001622 -75.02539601717577,42.70088709301099 -75.02539539327367,42.699356147270116 -75.02527330004837,42.69935617427391 -75.02527326352619,42.69926611862921 -75.02515117047717,42.69926614550277 -75.02515113413162,42.69917608985658 -75.02502904125886,42.69917611659992 -75.02502900508988,42.69908606095222 -75.0249069123934,42.69908608756535 -75.02490687640103,42.69899603191613 -75.02454059883989,42.698996110974434 -75.02454056337699,42.698906055323555 -75.02417428634367,42.69890613321037 -75.02417425141022,42.698816077557844 -75.02405215924189,42.69881610325976 -75.02405208972833,42.698635991950255 -75.0239299979127,42.69863601752188 -75.0239299633326,42.69854596186491 -75.02380787169324,42.69854598730632 -75.02380783728971,42.69845593164785 -75.02405202021542,42.69845588063505 -75.0240520549718,42.698545936293364 -75.02441832988843,42.69854585879793 -75.02441829460277,42.698455803139865 -75.0262496665172,42.69845539809571 -75.02624962858529,42.6983653424375 -75.02661590243427,42.6983652579153 -75.02661586397325,42.69827520225592 -75.02686004618552,42.69827514525729 -75.02686000737182,42.698185089596684 -75.02710418923051,42.69818503207771 -75.02710415006415,42.69809497641585 -75.02747042232156,42.698094889161645 -75.02747038262609,42.69800483349865 -75.02771456377728,42.6980047746787 -75.02771452372914,42.69791471901446 -75.02795870452675,42.69791465967417 -75.02795866412596,42.69782460400869 -75.02820284456998,42.69782454414806 -75.02820280381654,42.69773448848136 -75.02832489386185,42.69773445835593 -75.02832485293216,42.69764440268791 -75.02856903266937,42.69764434204686 -75.02856899138703,42.69755428637759 -75.02869108107893,42.69755425586196 -75.02869103962038,42.69746420019138 -75.02881312913566,42.69746416954572 -75.02881308750088,42.69737411387379 -75.02905726617804,42.69737405219229 -75.02905718220337,42.69719394084456 -75.02917927118884,42.69719390980882 -75.02917918686211,42.69701379845562 -75.02930127549455,42.69701376728994 -75.02930123315505,42.69692371161129 -75.02942332161088,42.69692368031557 -75.02942323657967,42.69674356895423 -75.02954532468247,42.69674353752859 -75.02954528199074,42.69665348184588 -75.02966736991692,42.696653450290206 -75.02966715557918,42.69620317185587 -75.02978924262314,42.69620314017057 -75.02978919957977,42.69611308447953 -75.02966711271223,42.69611311616474 -75.02966698411254,42.69584294908283 -75.02954489777402,42.6958429806376 -75.02954481239468,42.695662869242355 -75.02942272640875,42.69566290066683 -75.02942264138302,42.6954827892657 -75.02930055574971,42.695482820559846 -75.02930042874175,42.69521265344719 -75.02917834363745,42.69521268461093 -75.02917825931925,42.695032573195206 -75.02930034407076,42.69503254203166 -75.02930025940053,42.69485243061043 -75.02942234379906,42.69485239931697 -75.02942217375536,42.694492176457864 -75.02954425744811,42.69449214503468 -75.02954417207465,42.69431203359679 -75.02966625541441,42.694312002043674 -75.02966612682653,42.69404183487649 -75.02978820963693,42.694041803193564 -75.02978773622299,42.69305119013887 -75.02966565535282,42.69305122182071 -75.02966561249274,42.69296116607985 -75.02954353179875,42.69296119763147 -75.02954344643196,42.69278108614525 -75.02942136609052,42.692781117566575 -75.02942132358379,42.69269106182125 -75.02929924341852,42.69269109311236 -75.02929915875842,42.69251098161723 -75.02917707894571,42.69251101277804 -75.02917699463913,42.69233090127704 -75.02905491517897,42.692330932307534 -75.02905470529777,42.69188065352968 -75.02893262671927,42.6918806844296 -75.02893195795353,42.690439792100115 -75.02880988219665,42.6904398228684 -75.0288095076247,42.68962932077232 -75.02868743345478,42.68962935140963 -75.02868631459292,42.68719784442815 -75.02856424518393,42.68719787493278 -75.02856408014372,42.68683765158777 -75.02844201143985,42.686837681961926 -75.02844184710796,42.68647745859381 -75.02831977910917,42.68647748883751 -75.02831973820298,42.68638743299183 -75.02819767038034,42.686387463105355 -75.02819758892119,42.68620735140955 -75.02807552145099,42.68620738139281 -75.0280754403452,42.68602726969113 -75.02795337322746,42.68602729954412 -75.02795329247505,42.68584718783658 -75.02783122570975,42.68584721755931 -75.02783110511147,42.68557704998704 -75.02795317134783,42.68557702026458 -75.02795300984747,42.68521679681536 -75.02807507537841,42.68521676696321 -75.02807491317579,42.68485654349163 -75.02819697800129,42.684856513509786 -75.02819685582237,42.684586345891454 -75.0283189201188,42.684586315779804 -75.02831879741265,42.68431614814897 -75.02844086117997,42.684316117907535 -75.02844077902422,42.684136006146744 -75.02856284243876,42.684135975775426 -75.02856275993116,42.68395586400913 -75.02868482299291,42.68395583350794 -75.02868453298822,42.6833254422818 -75.02856247116053,42.68332547278233 -75.02856205864717,42.682424913766084 -75.02843999858216,42.68242494413559 -75.02843983428724,42.68206472048892 -75.02831777492717,42.68206475072798 -75.02831765223681,42.68179458297778 -75.02819559340539,42.681794613086495 -75.02819551196531,42.68161450124573 -75.02807345348626,42.6816145312242 -75.02807341294276,42.681524475301586 -75.02795135463981,42.68152450514991 -75.02795131427278,42.6814344492258 -75.0278292561459,42.68143447894396 -75.02782921595535,42.68134442301833 -75.02770715800457,42.681344452606346 -75.02770707797654,42.68116434075062 -75.02758502037813,42.6811643702084 -75.02758498054067,42.68107431427832 -75.02746292311834,42.68107434360596 -75.02746272481508,42.68062406393374 -75.02734066827392,42.68062409313086 -75.02734043137363,42.680083757476766 -75.02721837588987,42.68008378654329 -75.02721821866501,42.67972356274512 -75.02709616388611,42.67972359168122 -75.02709604649816,42.679453423817385 -75.02697399224785,42.679453452623164 -75.02697395329514,42.67936339666563 -75.02685189922093,42.67936342534127 -75.02685182166854,42.67918331342174 -75.02672976794666,42.67918334196715 -75.02672972934701,42.67909328600518 -75.02660767580119,42.67909331442045 -75.0266075989549,42.67891320249203 -75.02648554576143,42.678913230777106 -75.02648550751479,42.67882317481068 -75.0263634544974,42.6788232029656 -75.02636337835716,42.6786430910283 -75.02624132569208,42.67864311905301 -75.02624128779848,42.678553063082134 -75.02611923530948,42.6785530909767 -75.0261191598753,42.678372979030534 -75.0259971077386,42.678373006794885 -75.0259970326576,42.678192894842866 -75.02587498087325,42.678192922476995 -75.02587494350925,42.67810286649876 -75.02575289190096,42.67810289400276 -75.02575281752597,42.67792278204187 -75.02563076627001,42.67792280941566 -75.025630729259,42.677832753432995 -75.02550867817912,42.677832780676646 -75.02550860451011,42.67765266870689 -75.02538655378252,42.67765269582034 -75.02538648046668,42.67747258384472 -75.02526443009141,42.677472610827955 -75.02526439360999,42.67738255483794 -75.02514234341078,42.677382581691056 -75.0251422708009,42.677202469706565 -75.025020220954,42.67720249642947 -75.02502014869727,42.67702238443914 -75.02489809920267,42.67702241103184 -75.02489806325079,42.67693235503446 -75.02477601393227,42.67693238149704 -75.02477594238147,42.676752269497854 -75.02465389341525,42.676752295830234 -75.02465385781632,42.67666223982842 -75.02453180902617,42.676662266030675 -75.02453177360364,42.67657221002737 -75.02440972498955,42.67657223609951 -75.02440965449743,42.67639212408846 -75.02416555797372,42.67639217584232 -75.02416552308037,42.676302119834496 -75.02392142690847,42.67630217106805 -75.02392139236773,42.67621211505867 -75.02367729654766,42.67621216577192 -75.02367726235953,42.676122109760925 -75.02343316689128,42.67612215995389 -75.02343313305576,42.676032103941345 -75.02318903793935,42.676032153614024 -75.02318900445643,42.675942097599886 -75.02294490969184,42.675942146752284 -75.02294487656154,42.67585209073657 -75.02282282935525,42.67585211511764 -75.02282279640131,42.67576205910043 -75.02257870234071,42.67576210747232 -75.02257866973939,42.67567205145355 -75.02245662288509,42.67567207544436 -75.02245659046012,42.67558201942408 -75.0225786371382,42.67558199543334 -75.02257853933554,42.675311827364204 -75.0227005854848,42.675311803243645 -75.02270038882624,42.67477146706745 -75.02282243391805,42.67477144281733 -75.0228223021105,42.67441121867174 -75.0229443464973,42.6744111942919 -75.02294418086021,42.67396091407833 -75.02282213735445,42.673960938457796 -75.02282200555234,42.67360071426106 -75.02269996275128,42.673600738510196 -75.02269989720352,42.67342062640315 -75.0225778547547,42.67342065052211 -75.02257772436583,42.67306042629067 -75.02245568262167,42.67306045027931 -75.02245561778052,42.6728803381549 -75.02233357638859,42.67288036201337 -75.02233351190046,42.67270024988315 -75.02221147086078,42.672700273611454 -75.02221143879312,42.672610217544126 -75.02208939792949,42.67261024114234 -75.02208933414701,42.67243012900329 -75.02196729363563,42.67243015247134 -75.02196726192079,42.6723400963996 -75.02184522158547,42.67234011973756 -75.02184515850863,42.67216000758968 -75.02172311852553,42.67216003079748 -75.02172308716352,42.67206997472133 -75.02160104735647,42.67206999779904 -75.02160101617079,42.67197994172141 -75.02111285764592,42.67198003273182 -75.02111282716515,42.67188997665248 -75.02050262988686,42.67189008748981 -75.0205026594867,42.6719801435695 -75.02001450095686,42.67198022989937 -75.02001452985206,42.6720702859779 -75.01952637061534,42.6720703702278 -75.0195263424249,42.671980314148996 -75.01940430279159,42.67198033488638 -75.01940427477746,42.67189027880608 -75.0192822353202,42.67189029941339 -75.0192822074824,42.6718002433316 -75.01903812891989,42.67180028415602 -75.01903810143459,42.67171022807269 -75.01891606232932,42.67171024828981 -75.01891603502034,42.671620192205005 -75.01879399609115,42.67162021229205 -75.01879396895846,42.67153015620576 -75.01867193020533,42.671530176162726 -75.01867190324896,42.67144012007495 -75.01854986467188,42.67144013990184 -75.01854983789183,42.67135008381259 -75.01842779949082,42.67135010350942 -75.01842777288707,42.67126004741867 -75.0183057346621,42.67126006698541 -75.01830570823466,42.671170010893185 -75.01818367018578,42.67117003032986 -75.01818364393463,42.67107997423616 -75.0180616060618,42.67107999354276 -75.01806155391225,42.67089988135097 -75.01793951639166,42.67089990052744 -75.01793949049323,42.67080984442935 -75.01781745314871,42.670809863475746 -75.01781742742658,42.67071980737618 -75.01769539025811,42.67071982629252 -75.0176953647123,42.67062977019147 -75.01757332771989,42.670629788977735 -75.01757330235036,42.67053973287519 -75.01745126553402,42.67053975153139 -75.01745124034078,42.670449695427386 -75.0173292037005,42.670449713953516 -75.01732915366671,42.67026960174112 -75.01720711737866,42.67026962013712 -75.01720709253811,42.670179564028736 -75.01708505642614,42.67017958229467 -75.01708500709773,42.66999947007352 -75.01696297133797,42.66999948820935 -75.01696294685011,42.66990943209659 -75.01684091126643,42.66990945010235 -75.01684088695485,42.6698193939881 -75.01671885154721,42.669819411863806 -75.0167188274119,42.669729355748075 -75.01659679218034,42.66972937349372 -75.01659676822132,42.669639317376514 -75.01647473316581,42.669639334992105 -75.01647470938308,42.669549278873426 -75.01635267450361,42.66954929635895 -75.01635265089715,42.6694592402388 -75.01610858149024,42.66945927481972 -75.01610855823623,42.669369218698044 -75.01598652370878,42.669369235793454 -75.01598650063103,42.66927917967029 -75.01574243192815,42.66927921347098 -75.01574240920284,42.6691891573463 -75.01562037502742,42.669189174051596 -75.01562035247838,42.669099117925434 -75.015498318479,42.66909913450068 -75.01549829610623,42.66900907837305 -75.01525422845951,42.66900911113339 -75.01525420643917,42.66891905500425 -75.01513217279182,42.66891907118938 -75.01513215094774,42.66882901505876 -75.01501011747645,42.66882903111383 -75.01501009580863,42.668738974981736 -75.0148880625134,42.66873899090676 -75.01488804102185,42.6686489347732 -75.01476600790268,42.668648950568176 -75.01476598658738,42.66855889443315 -75.01464395364428,42.668558910098064 -75.01464393250522,42.66846885396157 -75.01452189973818,42.668468869496444 -75.0145218787754,42.66837881335847 -75.01439984618442,42.66837882876331 -75.01439980461144,42.66819871648299 -75.01427777237268,42.668198731757734 -75.01427775176249,42.66810867561539 -75.01415571969977,42.668108690760086 -75.01415563796458,42.66774846617634 -75.0140336066064,42.66774848119086 -75.01403352557729,42.6673882565842 -75.01415555623088,42.667388241569874 -75.01415549493159,42.6671180731001 -75.01427752505664,42.667118057955925 -75.01427744262098,42.66675783330985 -75.01439947204135,42.666757818035876 -75.01439940968719,42.66648764953655 -75.01452143857904,42.66648763413273 -75.01452135473693,42.66612740944725 -75.01464338292413,42.66612739391364 -75.01464329837903,42.66576716920562 -75.01476532586157,42.66576715354221 -75.01476519799003,42.66522681643785 -75.01464317156424,42.66522683210096 -75.01464298134867,42.66441632634805 -75.01452095650792,42.66441634188074 -75.0145209145911,42.66423622947547 -75.01439889010251,42.66423624487808 -75.01439882775637,42.6639660762594 -75.01427680379602,42.66396609153188 -75.0142767831903,42.66387603532275 -75.01415475940598,42.663876050465205 -75.01415471854702,42.663695938042615 -75.01403269511485,42.663695953055004 -75.01403267486161,42.663605896841524 -75.01391065160547,42.663605911723884 -75.01391061145152,42.663425799292575 -75.0137885885475,42.66342581404487 -75.01378856864679,42.66333575782703 -75.01366654591878,42.6633357724493 -75.01366650646985,42.66315566000928 -75.01354448409398,42.66315567450149 -75.01354446454575,42.66306561827929 -75.01342244234591,42.66306563264148 -75.01342242297389,42.66297557641782 -75.01330040095006,42.66297559064999 -75.01330036255848,42.66279547819833 -75.0131783408868,42.66279549230043 -75.01317828382841,42.66252532361216 -75.01305626268496,42.66252533758416 -75.01305609309942,42.66171483144217 -75.01317811265795,42.66171481747055 -75.01317805560271,42.661444648731106 -75.01330007463288,42.66144463462966 -75.01330005543855,42.66135457838038 -75.01342207429254,42.66135456414902 -75.0134220549222,42.66126450789836 -75.0135440736,42.661264493537075 -75.01354405405365,42.66117443728504 -75.01366607255528,42.66117442279383 -75.01366605283293,42.661084366540436 -75.01378807115836,42.6610843519193 -75.01378805126002,42.66099429566451 -75.01391006940928,42.66099428091346 -75.01391004933492,42.6609042246573 -75.01415408528098,42.66090419476541 -75.01415406485454,42.660814138507924 -75.01427608265135,42.66081412336707 -75.0142760620489,42.660724067108205 -75.01439807966952,42.660724051837434 -75.0143980588911,42.66063399557721 -75.01452007633553,42.66063398017653 -75.01452005538111,42.66054392391493 -75.01464207264935,42.66054390838433 -75.01464205151896,42.66045385212135 -75.01476406861102,42.66045383646083 -75.01476404730462,42.66036378019649 -75.0148860642205,42.66036376440607 -75.0148860427381,42.66027370814035 -75.01500805947781,42.66027369222002 -75.01500803781944,42.66018363595291 -75.01513005438294,42.66018361990267 -75.0151300325486,42.66009356363421 -75.01525204893592,42.66009354745404 -75.01525202692558,42.66000349118423 -75.01537404313673,42.66000347487415 -75.0153740209504,42.65991341860294 -75.01549603698537,42.65991340216298 -75.01549599226088,42.659733289616405 -75.01561800794357,42.65973327304657 -75.0156179854054,42.65964321677121 -75.01574000091192,42.65964320007147 -75.01573997819777,42.65955314379474 -75.01598400885833,42.65955311000548 -75.01598398579213,42.65946305372745 -75.0162280161001,42.65946301941846 -75.01622799268186,42.6593729631391 -75.01635000765961,42.65937294578973 -75.0163499840654,42.65928288950899 -75.01647199886696,42.65928287202971 -75.01647197509678,42.65919281574763 -75.01671600434743,42.65919278039931 -75.01671598022521,42.65910272411592 -75.01683799467429,42.65910270624687 -75.01683797037612,42.6590126499621 -75.016959984649,42.659012631963165 -75.01695996017487,42.65892257567704 -75.01720398836818,42.65892253928941 -75.017203963542,42.65883248300197 -75.01732597746242,42.65883246461327 -75.01732595246028,42.65874240832448 -75.01744796620451,42.65874238980589 -75.01744794102642,42.65865233351572 -75.01756995459448,42.65865231486723 -75.01756992924044,42.65856225857571 -75.01781395602401,42.658562220888996 -75.01781393031796,42.65847216459616 -75.01793594353352,42.65847214555793 -75.01793591765149,42.658382089263725 -75.0181799437301,42.65838205079754 -75.01817991749607,42.658291994502044 -75.01830193035914,42.65829197507408 -75.01830190394917,42.65820191877722 -75.01854592932277,42.658201879531546 -75.01854590256079,42.6581118232334 -75.01866791507136,42.658111803415686 -75.01866788813342,42.65802174711619 -75.01878990046778,42.65802172716859 -75.01878987335392,42.65793167086772 -75.01903389767017,42.65793163058281 -75.0190338702043,42.65784157428064 -75.0192778941679,42.657841533476045 -75.01927786635004,42.657751477172596 -75.01952188996101,42.657751435848326 -75.01952186179115,42.657661379543576 -75.01976588504947,42.657661337699636 -75.01976585652761,42.657571281393594 -75.02013189088595,42.65757121765326 -75.02013186183605,42.65748116134601 -75.0202538731125,42.65748113983939 -75.02025384388666,42.65739108353079 -75.02074188828688,42.65739099620514 -75.02074185835694,42.657300939895364 -75.02208397850941,42.65730068902981 -75.022083946643,42.65721063271942 -75.02220595738902,42.65721060913384 -75.02220592534668,42.6571205528221 -75.02232793591651,42.65712052910664 -75.02232790369825,42.65703047279356 -75.0224499140919,42.657030448948234 -75.02244988169774,42.65694039263379 -75.02257189191515,42.65694036865861 -75.02257185934509,42.656850312342826 -75.02281587942738,42.65685026400275 -75.02281584650535,42.656760207685686 -75.02318187609949,42.6567601342012 -75.02318184264946,42.656670077882964 -75.02366988140193,42.656669978084715 -75.02366984724786,42.656579921765356 -75.02391386627106,42.65657987108673 -75.02391390077723,42.656669927405915 -75.02415792015191,42.65666987620733 -75.02415788529362,42.65657981988831 -75.02476793284721,42.656579689618205 -75.02476789710882,42.65648963329817 -75.02501191577701,42.65648958028068 -75.02501187968669,42.65639952395938 -75.02549991631687,42.65639941636541 -75.02549987952253,42.65630936004303 -75.02598791544581,42.65630925037028 -75.02598787794744,42.65621919404683 -75.02647591316376,42.65621908229534 -75.02647587496138,42.656129025970806 -75.02684190084365,42.656128940793046 -75.02684186211329,42.656038884467364 -75.0273298959163,42.656038769078165 -75.02732985648193,42.65594871275142 -75.02769588130414,42.6559486248454 -75.02769584134182,42.65585856851752 -75.02793985753696,42.655858509263986 -75.02793981722273,42.65576845293486 -75.02806182514398,42.65576842311327 -75.02806178465389,42.65567836678282 -75.0281837923989,42.65567833683138 -75.02818375173297,42.65558828049959 -75.02830575930176,42.65558825041832 -75.02830571845996,42.655498194085204 -75.02842772585252,42.65549816387408 -75.0284276438174,42.6553180512038 -75.0285496508577,42.655318020862914 -75.02854956847125,42.65513790818714 -75.02867157515927,42.65513787771651 -75.02867145105292,42.654867708692464 -75.02879345721264,42.65486767809219 -75.02879341566819,42.654777621748096 -75.02867140968452,42.65477765234827 -75.0286713683163,42.65468759600266 -75.02842735670043,42.65468765681303 -75.02842731568447,42.6545976004658 -75.02830531005229,42.65459763067599 -75.02830526921257,42.65450757432725 -75.0280612582997,42.65450763435762 -75.02806121781222,42.654417578007276 -75.02769520196964,42.65441766707803 -75.02769516201043,42.65432761072598 -75.02562107519779,42.65432809336971 -75.02562103823131,42.65423803701472 -75.02549903329914,42.65423806423603 -75.02549884934936,42.653787782439395 -75.02537684529716,42.65378780953034 -75.02537680868373,42.653697753166675 -75.0252548048074,42.6536977801276 -75.02525476837019,42.65360772376242 -75.0251327646697,42.65360775059333 -75.02513272840866,42.653517694226636 -75.02501072488405,42.653517720927546 -75.02501068879921,42.65342766455936 -75.02488868545043,42.65342769113024 -75.0248886495418,42.65333763476055 -75.02476664636889,42.65333766120141 -75.02476661063642,42.65324760483022 -75.02452260464217,42.653247657322 -75.0245225692619,42.65315760094922 -75.02440056644055,42.65315762700014 -75.02440053123647,42.65306757062584 -75.02415652594534,42.65306762233772 -75.02415649109345,42.65297756596186 -75.02391248615372,42.65297761715386 -75.02391245165403,42.65288756077641 -75.02379044935995,42.65288758617744 -75.02379041503643,42.65279752979848 -75.02354641079982,42.652797580210596 -75.0235463768285,42.652707523830074 -75.0233023729433,42.65270757372232 -75.02330233932419,42.652617517340204 -75.0230583357904,42.652617566712586 -75.02305830252345,42.65252751032891 -75.02281429934109,42.65252755918142 -75.02281426642632,42.65243750279617 -75.02269226501095,42.65243752702746 -75.02269223227233,42.65234747064069 -75.02244822979313,42.65234751871335 -75.02244819740672,42.65225746232502 -75.02220419527892,42.65225750987783 -75.02220416324468,42.652167453487934 -75.02196016146833,42.65216750052089 -75.02196012978625,42.65207744412943 -75.02171612836135,42.65207749064253 -75.02171609703144,42.6519874342495 -75.02147209595799,42.65198748024276 -75.02147206498024,42.65189742384816 -75.02135006461931,42.65189744664983 -75.02135003381771,42.651807390253744 -75.02122803363265,42.65180741292542 -75.02122800300721,42.65171735652784 -75.02110600299801,42.65171737906953 -75.02110594209955,42.65153726626996 -75.02098394244223,42.65153728868159 -75.02098388189634,42.651357175876186 -75.02086188259089,42.65135719815775 -75.0208617020126,42.650816859707035 -75.02073970376303,42.650816881858255 -75.02073922506109,42.64937597907186 -75.02061722962726,42.64937600109206 -75.02061717014398,42.64919588821806 -75.020495175062,42.6491959101082 -75.02049508636603,42.64892574078632 -75.02037309181185,42.64892576254635 -75.02037297425639,42.64856553676366 -75.02025098040602,42.64856555839351 -75.02025083434461,42.64811527613285 -75.02012884137399,42.64811529763245 -75.02012849295193,42.647034620061106 -75.02025048381091,42.647034598562314 -75.02025036697063,42.64667437266001 -75.02037235712561,42.646674351031585 -75.02037223958365,42.64631412510681 -75.02049422903465,42.64631410334876 -75.020494110791,42.6459538774015 -75.02061609953805,42.64595385551383 -75.02061604006512,42.64577374253182 -75.02073802846012,42.645773720514384 -75.02073796863584,42.64559360752683 -75.02085995667879,42.64559358537962 -75.02085989650315,42.64541347238654 -75.02098188419406,42.645413450109594 -75.02098182366707,42.645233337110945 -75.02110381100594,42.645233314704235 -75.02110375012761,42.64505320170004 -75.02122573711445,42.64505317916358 -75.02122564527016,42.64478300964686 -75.02134763172901,42.644782986980715 -75.02134757014831,42.64460287396262 -75.02146955625511,42.64460285116673 -75.02146949432309,42.644422738143064 -75.02159148007789,42.64442271521744 -75.02159138665309,42.64415254567151 -75.0217133718799,42.6441525226162 -75.02171318397855,42.64361218348642 -75.0218351681496,42.64361216030166 -75.02183479025123,42.642531481889506 -75.02207875437058,42.642531435132085 -75.02207872252814,42.64244137858864 -75.02232268629504,42.64244133131185 -75.02232265410089,42.642351274767144 -75.02244463580821,42.64235125093399 -75.02244460343829,42.642261194387935 -75.0226885665006,42.642261146332146 -75.02268853377899,42.642171089784824 -75.022810515134,42.642171065562174 -75.02281048223662,42.64208100901351 -75.02293246341556,42.642080984661064 -75.0229324303424,42.64199092811105 -75.02305441134527,42.6419909036288 -75.02305437809635,42.64190084707744 -75.02317635892314,42.641900822465395 -75.02317632549845,42.64181076591269 -75.02329830614917,42.64181074117084 -75.02329827254871,42.64172068461679 -75.02342025302337,42.64172065974515 -75.02342021924714,42.64163060318975 -75.02354219954573,42.641630578188305 -75.02354206373872,42.641270351952855 -75.0236640433335,42.64127032682184 -75.02366390682535,42.640910100563964 -75.0237858857163,42.6409100753034 -75.02378585141373,42.64082001873545 -75.02390783012862,42.64081999334508 -75.02390776117215,42.64063988020509 -75.02402973953507,42.64063985468502 -75.02402967022743,42.6404597415395 -75.02415164823836,42.640459715889705 -75.02415133477872,42.639649206665304 -75.02402935835092,42.63964923231437 -75.02402932369877,42.639559175726696 -75.0239073474467,42.63955920124582 -75.02390727849468,42.63937908806604 -75.02378530259425,42.63937911345513 -75.02378526829438,42.639289056863035 -75.0236632925697,42.63928908212218 -75.02366325844586,42.63919902552859 -75.02354128289691,42.63919905065779 -75.02354124894914,42.639108994062696 -75.02341927357594,42.63910901906194 -75.02341923980421,42.63901896246535 -75.02317528940912,42.63901901207411 -75.02317525598934,42.63892895547593 -75.02183353074038,42.63892921903788 -75.02183349925558,42.638839162437456 -75.02158954956018,42.638839208669424 -75.02158951842729,42.63874915206743 -75.02134556908311,42.63874919777979 -75.02134553830217,42.63865914117624 -75.02122356380576,42.638659163837545 -75.02122353320084,42.6385691072325 -75.02110155888018,42.63856912976387 -75.02110152845128,42.63847907315735 -75.02097955430636,42.63847909555879 -75.0209795240535,42.63838903895076 -75.02085755008434,42.63838906122226 -75.02085752000751,42.63829900461275 -75.0207355462141,42.638299026754325 -75.02073551631328,42.63820897014332 -75.02061354269563,42.63820899215497 -75.02061351297084,42.638118935542465 -75.02049153952892,42.63811895742418 -75.02049150998015,42.6380289008102 -75.020369536714,42.63802892256197 -75.02036950734124,42.63793886594651 -75.02024753425084,42.63793888756837 -75.02024730068077,42.637218434592874 -75.02012532899727,42.63721845608433 -75.02012527095783,42.63703834282611 -75.02000329962596,42.63703836418758 -75.02000327078233,42.63694830755627 -75.01988129962619,42.636948328787796 -75.01988124229108,42.636768215520796 -75.01963730068191,42.63676825759404 -75.01963727236628,42.63667820095827 -75.0191493898499,42.63667828354623 -75.01914941746202,42.636768340182265 -75.01841759262842,42.63676846016892 -75.01841756607153,42.63667840353253 -75.01792968355018,42.63667848092627 -75.0179296576969,42.636588424288206 -75.0173198054219,42.63658851810836 -75.0173197804481,42.63649846146858 -75.0167099290496,42.63649855204208 -75.01670990495526,42.63640849540059 -75.01585611422382,42.636408616749215 -75.0158560913607,42.63631856010593 -75.01512427178487,42.63631865905443 -75.01512424997706,42.63622860240941 -75.01488031046938,42.636228634353316 -75.01488028901342,42.63613857770677 -75.01463634985708,42.636138609131166 -75.01463632875294,42.6360485524831 -75.0145143593505,42.63604856800047 -75.01451433842233,42.635958511350935 -75.01439236919566,42.63595852673841 -75.01439234844345,42.635868470087416 -75.01427037939254,42.635868485344986 -75.01427033824015,42.63568837203863 -75.01414836954088,42.63568838716625 -75.01414834914068,42.6355983305109 -75.0140263806172,42.63559834550862 -75.01402636039296,42.635508288851796 -75.01390439204522,42.63550830371962 -75.01390435194875,42.63532819040162 -75.01378238395264,42.6353282051395 -75.01378236408041,42.63523814847832 -75.0136603962601,42.635238163086306 -75.0136603568676,42.63505804975961 -75.0135383893989,42.635058064237654 -75.01353836987866,42.63496800757213 -75.01341640258573,42.63496802192028 -75.01341638324143,42.634877965253274 -75.01329441612425,42.63487797947155 -75.01329439695591,42.63478792280307 -75.01317243001452,42.634787936891456 -75.0131724110221,42.63469788022153 -75.01305044425646,42.63469789418 -75.01305042544,42.634607837508604 -75.0128064922602,42.63460786503595 -75.01280647379554,42.63451780836305 -75.01268450738135,42.63451782193191 -75.0126844890926,42.63442776525755 -75.01256252285421,42.63442777869652 -75.01256250474141,42.63433772202068 -75.01244053867877,42.634337735329765 -75.0124405207419,42.634247678652486 -75.0121965889681,42.634247704881034 -75.012196571383,42.63415764820225 -75.01195263996057,42.63415767391134 -75.01195262272728,42.63406761723105 -75.01158672612057,42.63406765482073 -75.0115867094149,42.6339775981389 -75.01122081333506,42.63397763455989 -75.01122079715701,42.63388757787652 -75.01097686678844,42.63388760150789 -75.01097685096215,42.633797544823025 -75.01061095593629,42.63379757929615 -75.01061094063762,42.63370752260976 -75.01036701097173,42.63370754494257 -75.01036699602481,42.63361748825468 -75.01024503136762,42.63361749922628 -75.01024501659663,42.63352744253695 -75.01012305211519,42.63352745337867 -75.01012303752012,42.63343739668789 -75.01000107321447,42.63343740739973 -75.0100010587953,42.63334735070749 -75.00987909466541,42.63334736128947 -75.00987908042215,42.63325730459578 -75.00975711646805,42.633257315047885 -75.00975708833342,42.63307720165614 -75.00963512473093,42.633077211978346 -75.00963511083955,42.63298715528032 -75.00951314741286,42.63298716547266 -75.0095130925513,42.6326269386662 -75.00939112982789,42.632626948728564 -75.00939108920988,42.632356778608724 -75.00926912701392,42.632356788541145 -75.0092690735608,42.63199656169466 -75.0091471120681,42.63199657149714 -75.00914708569357,42.631816458065316 -75.00902512455247,42.6318164677379 -75.0090250855186,42.631546297579405 -75.00890312490495,42.631546307122065 -75.00890306072881,42.63109602349601 -75.00878110099421,42.6310960329087 -75.00878107567583,42.63091591944826 -75.0089030350588,42.63091591003563 -75.00890291954654,42.630105399393656 -75.00902487734709,42.63010538985147 -75.00902483831663,42.629835219611984 -75.00914679558967,42.629835209940076 -75.00914676921805,42.62965509644003 -75.00926872613941,42.62965508663836 -75.00926871277787,42.62956502988625 -75.00939066952337,42.629565019954775 -75.0093906559861,42.62947496320126 -75.00951261255571,42.629474953140004 -75.00951259884268,42.629384896385105 -75.00963455523643,42.62938488619405 -75.00963454134767,42.62929482943777 -75.00975649756555,42.62929481911693 -75.00975646943658,42.62911470560016 -75.00987842530279,42.62911469514955 -75.00987841106259,42.629024638389076 -75.01000036675293,42.62902462780868 -75.010000352337,42.62893457104681 -75.01012230785146,42.62893456033664 -75.01012229325978,42.628844503573376 -75.01024424859838,42.62884449273342 -75.01024423383099,42.62875443596878 -75.01036618899371,42.62875442499904 -75.01036615910752,42.62857431146554 -75.01048811391857,42.62857430036604 -75.01048809879977,42.62848424359721 -75.01061005343495,42.628484232367924 -75.01061002284597,42.62830411882606 -75.01073197712948,42.62830410746704 -75.01073194618918,42.62812399391956 -75.01085390012103,42.62812398243078 -75.0108538844752,42.62803392565495 -75.01097583823118,42.628033914036386 -75.01097580658812,42.62785380048052 -75.01109775999245,42.62785378873224 -75.01109774399524,42.62776373195221 -75.0112196972237,42.62776372007414 -75.01121966487791,42.62758360650989 -75.01134161775471,42.62758359450208 -75.01134158505764,42.62740348093223 -75.01146353758277,42.62740346879467 -75.01146352105857,42.627313412007666 -75.01158547340783,42.62731339974034 -75.01158544000808,42.62713328616212 -75.01170739200569,42.627133273765054 -75.01170737513013,42.62704321697386 -75.01182932695188,42.62704320444701 -75.0118293099006,42.62695314765443 -75.01195126154651,42.62695313499783 -75.01195124431953,42.62686307820387 -75.01207319578955,42.62686306541748 -75.01207317838688,42.62677300862214 -75.01219512968105,42.626772995705984 -75.01219509452436,42.62659288211112 -75.01231704546687,42.626592869065234 -75.01231699220511,42.6263226986624 -75.01243894262021,42.62632268548683 -75.01243888883184,42.62605251507132 -75.0125608387195,42.626052501766075 -75.01256080250944,42.625872388148714 -75.01268275204548,42.62587237471375 -75.0126827337648,42.62578231790297 -75.01280468312497,42.625782304338244 -75.01280464621232,42.62560219071253 -75.01292659522086,42.625602177018074 -75.01292655795699,42.62542206338675 -75.0130485066139,42.62542204956259 -75.01304833734885,42.62461153815173 -75.01292639027385,42.62461155197552 -75.01292633438102,42.62434138147953 -75.01280438783323,42.62434139517338 -75.01280429555901,42.623891110984765 -75.01268234988994,42.623891124548614 -75.01268220366164,42.623170669772605 -75.01256025939853,42.623170683206304 -75.0125602231938,42.62299056949802 -75.01243827928211,42.62299058280185 -75.01243817172438,42.6224502416426 -75.01231622886709,42.62245025481639 -75.0123161223668,42.62190991360576 -75.01219418056388,42.62190992664951 -75.01219412784204,42.6216397560249 -75.01207218656627,42.621639768938735 -75.01207215177025,42.6214596551818 -75.01195021084588,42.62145966796577 -75.01195017640167,42.62127955420308 -75.01182823582869,42.62127956685719 -75.01182821878243,42.62118950997366 -75.0117062783851,42.62118952249796 -75.01170626151465,42.62109946561298 -75.01158432129299,42.621099478007444 -75.01158428790379,42.62091936423313 -75.01146234803352,42.620919376497724 -75.01146233151475,42.62082931960842 -75.01134039182014,42.620829331743195 -75.01134037547719,42.62073927485242 -75.01121843595823,42.62073928685737 -75.01121841979108,42.620649229965125 -75.01109648044776,42.62064924184026 -75.01109646445643,42.62055918494657 -75.01097452528877,42.620559196691886 -75.01097450947323,42.62046913979673 -75.01085257048122,42.62046915141222 -75.01085255484149,42.62037909451561 -75.01073061602514,42.620379106001295 -75.0107306005612,42.620289049103235 -75.01060866192051,42.620289060459086 -75.01060864663238,42.62019900355958 -75.01048670816733,42.62019901478562 -75.010486693055,42.62010895788463 -75.0103647547656,42.62010896898086 -75.01036473982906,42.62001891207843 -75.01024280171534,42.62001892304484 -75.01024278695458,42.61992886614095 -75.0101208490165,42.619928876977546 -75.01012083443153,42.61983882007221 -75.00999889666912,42.61983883077899 -75.00999888225994,42.619748773872196 -75.00987694467318,42.619748784449165 -75.00987693043979,42.619658727540916 -75.00975499302868,42.61965873798808 -75.00975497897107,42.61956868107838 -75.00963304173563,42.61956869139572 -75.0096330278538,42.61947863448456 -75.009511090794,42.6194786446721 -75.00951107708796,42.6193885877595 -75.00938914020382,42.61938859781722 -75.00938912667357,42.61929854090316 -75.00926718996509,42.61929855083108 -75.00926717661059,42.619208493915565 -75.00914524007777,42.61920850371368 -75.00914522689908,42.61911844679672 -75.00890135418467,42.619118466003556 -75.00890134135746,42.61902840908512 -75.00865746899424,42.6190284277728 -75.00865745651852,42.618938370852874 -75.00841358450651,42.61893838902139 -75.00841357238227,42.61884833209998 -75.00816970072147,42.61884834974935 -75.00816961831327,42.61821795125933 -75.00829155291373,42.61821794249973 -75.00829149317384,42.61776765782151 -75.00841342689571,42.61776764893227 -75.008413378402,42.617407421164245 -75.008535311421,42.617407412145354 -75.00853524992658,42.616957127403474 -75.00865718206704,42.61695711825495 -75.00865713216976,42.616596890436 -75.00877906360739,42.61659688115783 -75.00877905095751,42.61650682419958 -75.00890098221939,42.61650681479167 -75.00890093091772,42.61614658694453 -75.00902286147678,42.61614657740698 -75.00902283547491,42.615966463474955 -75.00914476568254,42.6159664538077 -75.00914473932954,42.615786339870034 -75.00926666918573,42.61578633007308 -75.0092666424816,42.615606216129805 -75.00938857198636,42.61560620620317 -75.00938853140359,42.615336035277686 -75.00951046038124,42.61533602522136 -75.009510432975,42.615155911264 -75.00963236160122,42.61515590107799 -75.00963233384388,42.614975787115 -75.00975426211866,42.614975776799305 -75.00975423401023,42.6147956628307 -75.00987616193362,42.614795652385304 -75.0098761477038,42.61470559539891 -75.00999807545143,42.61470558482379 -75.00999804664069,42.61452547084679 -75.01011997403691,42.61452546014199 -75.01011993029425,42.61425528916594 -75.01024185716338,42.61425527833148 -75.01024184240696,42.61416522133666 -75.01036376910035,42.61416521037248 -75.01036375416832,42.61407515337626 -75.01048568068597,42.61407514228236 -75.01048566557834,42.61398508528477 -75.01060759192026,42.613985074061155 -75.01060757663703,42.61389501706218 -75.0108514289693,42.61389499422576 -75.0108514133348,42.61380493722542 -75.01097333932518,42.61380492561262 -75.01097332351507,42.6137148686109 -75.01121717514425,42.61371484499611 -75.01121715898289,42.61362478799306 -75.01133908462171,42.61362477599107 -75.01133906828476,42.61353471898662 -75.01280217383636,42.61353456484271 -75.01280215539153,42.61344450783733 -75.01328985653676,42.61344445230417 -75.01328983738934,42.61335439529754 -75.01389946294056,42.61335432296195 -75.0138994429149,42.61326426595412 -75.01426521771756,42.6132642209959 -75.01426519716502,42.6131741639868 -75.01499674571377,42.61317407056742 -75.01499672410735,42.61308401355719 -75.01560634701696,42.61308393213986 -75.01560632453231,42.61299387512846 -75.0160940221555,42.61299380765933 -75.01609399896833,42.61290375064672 -75.01694746857515,42.61290362758083 -75.01694744415848,42.61281357056718 -75.01755706442457,42.61281347877082 -75.01755708971955,42.61290353578417 -75.01792286240479,42.6129034791492 -75.01792288822686,42.612993536160964 -75.01816673703443,42.612993497755454 -75.01816676320796,42.61308355476568 -75.0182886877872,42.61308353536825 -75.0182887141365,42.61317359237698 -75.01841063889131,42.61317357284973 -75.0184106654164,42.61326362985699 -75.01865451527695,42.613263590413126 -75.0186545421535,42.61335364741883 -75.01877646725926,42.61335362750221 -75.01877649431158,42.61344368450643 -75.01889841959287,42.61344366446001 -75.018898446821,42.61353372146276 -75.01914229773455,42.61353368098051 -75.0191423253141,42.61362373798171 -75.01926425094636,42.6136237175459 -75.01926427870173,42.6137137745456 -75.01975198193213,42.61371369150459 -75.01975195347411,42.61362363450515 -75.01987387910572,42.61362361342059 -75.01987385047215,42.61353355641978 -75.01999577592797,42.613533535205534 -75.0199957183099,42.613353421199804 -75.02011764341425,42.61335339985594 -75.02011744052557,42.61272300079156 -75.02023936440015,42.61272297931843 -75.02023918944683,42.612182637208264 -75.02036111226734,42.61218261560577 -75.02036096559831,42.61173233047521 -75.02048288754044,42.611732308743335 -75.02048285803139,42.61164225171303 -75.02060477979774,42.61164222985146 -75.02060472042875,42.61146211578673 -75.02072664184365,42.61146209379556 -75.02072661198372,42.61137203676114 -75.02084853322285,42.611372014640295 -75.0208485031874,42.61128195760452 -75.02097042425075,42.611281935354 -75.0209703940398,42.611191878316866 -75.02109231492736,42.61119185593668 -75.0210922845409,42.6111017988982 -75.02121420525268,42.61110177638835 -75.02121417469071,42.61101171934852 -75.0213360952267,42.61101169670899 -75.02133606448923,42.61092163966782 -75.02145798484945,42.61092161689863 -75.02145795393649,42.61083155985609 -75.02157987412092,42.610831536957235 -75.02157981194412,42.61065142286807 -75.02170173177713,42.61065139983961 -75.02170166924962,42.61047128574489 -75.02182358873121,42.61047126258685 -75.02182352585302,42.61029114848658 -75.02194544498319,42.61029112519895 -75.02194516045775,42.60948061167811 -75.02206707800707,42.6094805882614 -75.02206691906433,42.609030302922676 -75.02194500239315,42.60903032633903 -75.02194490755613,42.608760155118524 -75.02182299141167,42.608760178404914 -75.02182286566683,42.60839995009072 -75.02170095022471,42.608399973247096 -75.02170082518464,42.608039744909895 -75.02157891044486,42.60803976793625 -75.02157878610954,42.607679539576026 -75.02145687207208,42.607679562472356 -75.0214567484415,42.6073193340891 -75.02133483510633,42.60731935685545 -75.0213347429117,42.607049185552874 -75.02121283010324,42.607049208189274 -75.02121267732637,42.606598922656225 -75.02109076539578,42.606598945162546 -75.02109061350045,42.606148659593615 -75.02096870244773,42.60614868196987 -75.02096843062526,42.605338167855656 -75.02084652115275,42.60533819010158 -75.02084634099756,42.60479784729441 -75.02072443257846,42.60479786941019 -75.02072428333085,42.604347583698136 -75.02060237578954,42.604347605683856 -75.0206021680777,42.60371720562683 -75.01987073020139,42.603717334814455 -75.01987070158226,42.60362727765735 -75.01852973406156,42.60362750237308 -75.01852970737393,42.60353744521386 -75.01743255369884,42.603537617398096 -75.0174325285915,42.60344756023692 -75.01633537648725,42.6034477219145 -75.0163353529602,42.603357664751385 -75.01596963611686,42.603357716309056 -75.01596961311667,42.603267659144365 -75.01572580223839,42.60326769286752 -75.01572573429182,42.602997521364614 -75.01560382937924,42.602997538031474 -75.01560371701488,42.60254725216462 -75.01572562104961,42.60254723549802 -75.01572539457298,42.601646663658286 -75.01584729685196,42.60164664686251 -75.01584725120676,42.60146653247761 -75.01596915313453,42.60146651555225 -75.01596910713866,42.601286401161765 -75.0160910087152,42.601286384106814 -75.01609096236862,42.601106269710776 -75.01621286359395,42.601106252526236 -75.01621284024527,42.601016195326125 -75.01633474129494,42.60101617801194 -75.0163346942468,42.600836063607595 -75.01645659494524,42.60083604616383 -75.01645650014804,42.60047581733828 -75.01633460015178,42.600475834781825 -75.0163345766283,42.60038577757184 -75.01621267680748,42.60038579488564 -75.01621265345966,42.60029573767417 -75.01609075381428,42.60029575485823 -75.0160907306421,42.60020569764529 -75.01596883117217,42.60020571469961 -75.01596880817566,42.60011565748518 -75.01584690888116,42.600115674409764 -75.0158468860603,42.60002561719387 -75.01560308782209,42.60002565065385 -75.01560304288283,42.599845536217586 -75.01548114411466,42.599845552752925 -75.01548105493956,42.59948532386318 -75.01535915687346,42.59948534026863 -75.01535886934766,42.598314596219254 -75.01523697356339,42.59831461249435 -75.0152369077403,42.59804444075639 -75.01511501248253,42.59804445690166 -75.01511492542193,42.59768422789763 -75.01499303086615,42.597684243913015 -75.01499300927678,42.597594186658405 -75.01487111489642,42.59759420254406 -75.014871072069,42.59741408803048 -75.01474917803961,42.597414103786356 -75.01474915680157,42.59732404652739 -75.01462726294758,42.59732406215353 -75.01462724188515,42.597234004893096 -75.0145053482066,42.597234020389514 -75.0145053064331,42.59705390586427 -75.01438341310548,42.59705392123092 -75.01438322670903,42.59624340579658 -75.01450511845701,42.59624339043036 -75.01450507668561,42.59606327587386 -75.01462696808248,42.59606326037807 -75.01462690489956,42.5957930885328 -75.01474879576982,42.59579307290748 -75.01474875329734,42.59561295833698 -75.01487064381648,42.595612942582086 -75.01487060099339,42.595432828006 -75.01499249116142,42.59543281212153 -75.01499236164149,42.59489246835944 -75.01511425075643,42.59489245234561 -75.0151141854713,42.59462228044554 -75.01523607405964,42.594622264302195 -75.01523598631223,42.59426203508241 -75.0153578741985,42.59426201880961 -75.01535780786251,42.59399184688001 -75.0154796952222,42.59399183047769 -75.01547958378683,42.59354154390019 -75.01560147026896,42.593541527368465 -75.015601335497,42.593001183428896 -75.0157232209261,42.59300116676783 -75.01572301719581,42.59219065076304 -75.01584490104553,42.592190633972784 -75.01584453607161,42.590749716347624 -75.01596641711372,42.59074969942857 -75.01596634815772,42.59047952733353 -75.01608822867335,42.590479510284986 -75.01608815919192,42.590209338177296 -75.01621003918106,42.59020932099927 -75.01620996917423,42.589939148878976 -75.0163318486369,42.58993913157147 -75.0163318016153,42.58975901681761 -75.01645368072695,42.58975899938056 -75.01645360966901,42.58948882723927 -75.01657548825419,42.58948880967275 -75.01657544053188,42.589308694904894 -75.01669731876606,42.58930867720884 -75.01669727069329,42.58912856243541 -75.01681914857646,42.589128544609835 -75.01681910015324,42.588948429830836 -75.01694097768541,42.58894841187572 -75.01694092891174,42.58876829709115 -75.01706280609291,42.588768279006516 -75.0170627815308,42.58867822161216 -75.01718465853642,42.58867820339794 -75.01718460906164,42.58849808860508 -75.01730648571626,42.58849807026133 -75.01730646080361,42.58840801286282 -75.01742833728267,42.5884079943895 -75.01742831219468,42.58831793698965 -75.01767206480159,42.5883178996542 -75.01767203936284,42.58822784225301 -75.01779391549067,42.588227823390895 -75.0177938898766,42.58813776598837 -75.01803764178104,42.588137727875335 -75.0180375898515,42.587957613066244 -75.01815946545268,42.58795759381539 -75.01815943931264,42.58786753640879 -75.01828131473825,42.58786751702836 -75.01828128842291,42.5877774596204 -75.01840316367297,42.5877774401104 -75.0184031371823,42.58768738270104 -75.01852501225682,42.58768736306148 -75.01852498559084,42.58759730565078 -75.01864686048978,42.58759728588164 -75.01864680680734,42.587417171056124 -75.0187686813553,42.58741715115747 -75.0187686273225,42.5872370363264 -75.01889050151945,42.58723701629823 -75.01889044713629,42.58705690146158 -75.01901232098228,42.58705688130393 -75.01901226624875,42.58687676646173 -75.01913413974376,42.58687674617456 -75.01913408465988,42.58669663132681 -75.01925595780389,42.58669661091013 -75.01925593008673,42.5866065534842 -75.01937780305519,42.58660653293796 -75.01937774727037,42.586426418081935 -75.01949961988788,42.58642639740619 -75.01949959182025,42.58633633997613 -75.01962146426217,42.58633631917082 -75.01962143601925,42.58624626173938 -75.01974330828564,42.58624624080452 -75.01974325144933,42.586066125937535 -75.01986512336475,42.58606610487318 -75.01986509477138,42.58597604743762 -75.01998696651123,42.5859760262437 -75.01998644869542,42.58435499216181 -75.01986458011295,42.58435501335453 -75.0198644657502,42.58399478349577 -75.01974259786923,42.58399480455861 -75.01974237055317,42.58327434477239 -75.01986423703096,42.583274323710086 -75.01986415126342,42.58300415126699 -75.0199860172149,42.583004130075274 -75.01998598845059,42.58291407259147 -75.02035158577804,42.582914008238824 -75.02035155648768,42.5828239507538 -75.02071715328778,42.582823885234845 -75.02071712347139,42.5827338277486 -75.02096085431997,42.58273378342137 -75.02096082415294,42.582643725933856 -75.0212045546502,42.58264368108833 -75.02120452413251,42.58255362359952 -75.02144825427843,42.58255357823568 -75.02144822341013,42.582463520745605 -75.02157008830748,42.58246349786934 -75.02157005726393,42.58237344037793 -75.02181378670745,42.58237339423671 -75.02181375531326,42.582283336744 -75.02193561985942,42.58228331347906 -75.02193558828999,42.582193255985 -75.0220574526606,42.58219323259052 -75.02205738917144,42.582013117598315 -75.02217925319114,42.58201309407437 -75.02217922127137,42.5819230365762 -75.02230108511556,42.581923012922715 -75.02230102092571,42.58174289792228 -75.02242288441899,42.58174287413933 -75.02242281987897,42.58156275913335 -75.02254468302134,42.581562735220956 -75.02254461813116,42.58138262020944 -75.02266648092261,42.581382596167586 -75.02266638306233,42.581112423639894 -75.0227882453275,42.58111239946865 -75.02278814694243,42.580842226928404 -75.02291000868135,42.58084220262779 -75.02290994274131,42.58066208759401 -75.02303180412932,42.58066206316395 -75.02303173783915,42.580481948124635 -75.02315359887626,42.58048192356513 -75.02315353223595,42.58030180852029 -75.02327539292217,42.58030178383133 -75.02327532593176,42.58012166878095 -75.02339718626709,42.580121643962556 -75.02339711892655,42.579941528906645 -75.023518978911,42.57994150395881 -75.02351891122035,42.57976138889739 -75.0236407708539,42.579761363820104 -75.02364070281315,42.579581248753136 -75.02376256209584,42.57958122354641 -75.023762493705,42.579401108473945 -75.02388435263678,42.579401083137775 -75.02388428389584,42.57922096805978 -75.02400614247676,42.579220942594176 -75.02400607338575,42.57904082751064 -75.02412793161578,42.57904080191561 -75.02412789689517,42.578950744371795 -75.0242497549497,42.57895071864725 -75.02424972005386,42.578860661102084 -75.02437157793287,42.57886063524803 -75.02437154286186,42.57877057770153 -75.02449340056535,42.57877055171796 -75.02449336531913,42.578680494170115 -75.02473708037493,42.57868044181435 -75.02473704477818,42.578590384265254 -75.02485890213048,42.57859035789307 -75.02485886635853,42.57850030034264 -75.02510258071194,42.57850024720964 -75.02510254458946,42.57841018965796 -75.02522440159056,42.57841016289716 -75.02522436529289,42.57832010534414 -75.02534622211847,42.57832007845382 -75.02534618564562,42.57823002089947 -75.02558989894558,42.57822996673023 -75.0255898621222,42.57813990917463 -75.02583357507079,42.5781398544872 -75.02583353789687,42.57804979693035 -75.02607725049408,42.578049741724726 -75.02607721296965,42.57795968416662 -75.02632092521547,42.57795962844282 -75.02632088734052,42.57786957088347 -75.02656459923496,42.577869514641485 -75.02656456100947,42.57777945708089 -75.0272956956365,42.577779285245306 -75.02729565635912,42.57768922768382 -75.02778307873882,42.577689110535346 -75.02778303876023,42.577599052972815 -75.02814860501707,42.57759896375104 -75.02814856451263,42.577508906187376 -75.02827041975586,42.57750887618771 -75.02827037907628,42.57741881862271 -75.02839223414396,42.57741878849354 -75.02839219328924,42.57732873092722 -75.0285140481814,42.577328700668566 -75.0285139661218,42.57714858553184 -75.0286358206631,42.577148555143786 -75.02863573825357,42.57696844000157 -75.02875759244401,42.576968409484124 -75.02875746830512,42.57669823676045 -75.02887932196934,42.5766982061137 -75.02887919730617,42.57642803337751 -75.0290010504442,42.57642800260147 -75.02900096698569,42.57624788743709 -75.02912281977287,42.57624785653167 -75.02912269406058,42.57597768377475 -75.02924454632156,42.57597765274003 -75.02924450424251,42.57588759515165 -75.02936635632798,42.57588756398744 -75.02936622956601,42.57561739121406 -75.02948808112531,42.57561735992058 -75.02948799626766,42.575437244731404 -75.0296098474761,42.575437213308525 -75.02960976226858,42.57525709811389 -75.02973161312617,42.57525706656164 -75.02973144201218,42.57489683615568 -75.02960959185587,42.57489686770756 -75.02960950665069,42.57471675249585 -75.02948765684482,42.57471678391795 -75.02948761441783,42.574626726309866 -75.02936576478707,42.57462675760228 -75.02936568028434,42.574446642381666 -75.02924383100404,42.574446673544315 -75.02924378892827,42.57435661593177 -75.0290000907177,42.574356677868145 -75.02900004899277,42.574266620254 -75.02887820006252,42.57426665102772 -75.02887815851308,42.57417659341207 -75.02875630975794,42.574176624056115 -75.02875626838402,42.57408656643894 -75.028634419804,42.57408659695333 -75.02863437860557,42.57399653933462 -75.02851253020069,42.57399656971935 -75.02851248917777,42.573906512099136 -75.028390640948,42.57390654235419 -75.02839060010056,42.57381648473246 -75.02826875204593,42.57381651485785 -75.028268711374,42.5737264572346 -75.02802501561479,42.57372651709647 -75.02802497529366,42.573636459471615 -75.02790312758907,42.5736364892081 -75.02790292686275,42.57318620106205 -75.02802477369079,42.57318617132603 -75.02802465273129,42.572915998421635 -75.02814649903324,42.572915968556316 -75.0281463775495,42.572645795639424 -75.02826822332537,42.572645765644836 -75.02826810131741,42.57237559271543 -75.02838994656717,42.57237556259155 -75.028389824035,42.57210538964964 -75.02851166875871,42.572105359396474 -75.02851158672095,42.57192524409494 -75.02863343109387,42.57192521371242 -75.02863330751276,42.57165504074977 -75.0287551513596,42.57165501023796 -75.02875502725433,42.57138483726281 -75.02887687057513,42.57138480662173 -75.0288767459457,42.57111463363408 -75.02899858874044,42.57111460286373 -75.02899854702238,42.57102454519843 -75.02887670440293,42.57102457596869 -75.02887666286036,42.57093451830188 -75.02899850530453,42.57093448753172 -75.02899842186939,42.57075437219403 -75.02912026396281,42.5707543412945 -75.02912018017786,42.57057422595132 -75.02924202192052,42.57057419492243 -75.02924193778578,42.57039407957377 -75.02936377917769,42.570394048415515 -75.02936369469317,42.57021393306135 -75.02948553573432,42.57021390177374 -75.02948549331707,42.57012384409463 -75.02960733418276,42.57012381267757 -75.02960724899829,42.56994369731527 -75.02972908951321,42.56994366576885 -75.02972900397899,42.56976355040108 -75.02985084414317,42.56976351872529 -75.02985075825917,42.56958340335204 -75.02997259807262,42.56958337154691 -75.02997251183888,42.56940325616817 -75.03009435130157,42.56940322423368 -75.03009430800972,42.56931316654228 -75.03021614729695,42.56931313447834 -75.03021606036332,42.569133019091474 -75.0303378992998,42.5691329868982 -75.03033772473384,42.56877275610782 -75.03045956296909,42.56877272378539 -75.03045934388983,42.56832243526596 -75.03058118124854,42.568322402814495 -75.0305810052877,42.56796217197379 -75.03070284194519,42.567962139393174 -75.03070266528657,42.56760190853015 -75.0308245012428,42.56760187582041 -75.03082427954782,42.56715158721017 -75.03094611462758,42.56715155437139 -75.03094593657427,42.56679132345804 -75.03106777095284,42.566791290490144 -75.03106750282753,42.56625094407811 -75.03118933615441,42.566250910981296 -75.03118924643047,42.566070795499456 -75.03131107940666,42.56607076227331 -75.03131085422419,42.56562047354439 -75.031432686324,42.565620440189235 -75.03143259590199,42.56544032468791 -75.0315544276511,42.56544029120343 -75.03155306616375,42.562738558005066 -75.03167489265596,42.562738524394206 -75.03167457377607,42.562108119798026 -75.03179639904162,42.562108086058366 -75.03179621612833,42.56174785482972 -75.03179612467292,42.561567739206865 -75.03191794888704,42.56156770533835 -75.03191776527798,42.561207474076014 -75.0320395887911,42.5612074400784 -75.03203926625697,42.56057703531538 -75.0321610885435,42.560577001189 -75.03216044105376,42.55931619145563 -75.03203862121984,42.55931622558051 -75.03203829871681,42.558685820608645 -75.03216011732448,42.55868578648452 -75.0321600710783,42.55859572862582 -75.03228188951056,42.558595694372286 -75.03228184308941,42.558505636512265 -75.0324036613463,42.558505602129344 -75.0324036147502,42.55841554426802 -75.03264725091297,42.55841547511388 -75.03264720396675,42.558325417251346 -75.03276902187264,42.558325382480135 -75.03276897475145,42.558235324616305 -75.03289079248195,42.5582352897157 -75.0328907451858,42.558145231850546 -75.03313438029582,42.55814516166105 -75.03313433264955,42.558055103794686 -75.03325615002908,42.558055068505794 -75.03325610220784,42.55796501063814 -75.03337791941198,42.55796497521986 -75.03337787141578,42.5578749173509 -75.03349968844454,42.55787488180323 -75.0334995921025,42.55769476606124 -75.03362140878069,42.5576947303843 -75.03362136043484,42.55760467251129 -75.03374317693763,42.55760463670495 -75.03374312841684,42.557514578830634 -75.03386494474425,42.55751454289492 -75.03386431171714,42.556343790400966 -75.0337424976668,42.55634382633521 -75.03374240063167,42.556163710545384 -75.0336205869314,42.55616374634992 -75.03362049024749,42.55598363055417 -75.03349867689731,42.55598366622898 -75.03349858056457,42.55580355042733 -75.03337676756448,42.555803585972434 -75.0333766715829,42.555623470164896 -75.03325485893289,42.555623505580286 -75.0332547633025,42.55544338976682 -75.03313295100256,42.555443425052495 -75.03313204588524,42.55373232453912 -75.03301023691272,42.55373235969322 -75.03301018945228,42.553642301757144 -75.03313199824967,42.553642266603156 -75.03313195061432,42.55355220866577 -75.03325375923636,42.55355217338241 -75.0332537114261,42.55346211544372 -75.03349732831926,42.553462044488775 -75.03349728015897,42.553371986548896 -75.03386270497167,42.55337187914572 -75.03386265628622,42.55328182120475 -75.03422808057154,42.55328171263661 -75.03422803136091,42.55319165469454 -75.03434983928044,42.55319161824631 -75.03434978989493,42.553101560302956 -75.03459340538303,42.5531014870183 -75.0345933556475,42.553011429073756 -75.0347151632161,42.553011392237316 -75.03471511330567,42.55292133429146 -75.03483692069891,42.55292129732567 -75.03483687061357,42.552831239378506 -75.03495867783145,42.55283120228334 -75.03495862757124,42.552741144334895 -75.03508043461377,42.55274110711037 -75.03508038417867,42.552651049160595 -75.03520219104584,42.552651011806724 -75.03520214043584,42.55256095385565 -75.03532394712767,42.552560916372414 -75.03532389634277,42.55247085842005 -75.03544570285925,42.55247082080745 -75.03544565189947,42.55238076285377 -75.03556745824059,42.552380725111824 -75.03556740710593,42.55229066715683 -75.03568921327171,42.55229062928553 -75.03568916196215,42.55220057132926 -75.03581096795257,42.5522005333286 -75.03581091646814,42.55211047537101 -75.0359327222832,42.552110437241 -75.0359326706239,42.55202037928211 -75.0360544762636,42.55202034102275 -75.03605442442942,42.55193028306255 -75.03617622989378,42.551930244673834 -75.03617617788471,42.55184018671234 -75.03629798317371,42.55184014819427 -75.03629793098978,42.55175009023148 -75.03678515144294,42.55174993486496 -75.03678509855878,42.55165987690125 -75.0382467577934,42.55165939837388 -75.03824670280815,42.55156934041023 -75.03873392184457,42.551569176758534 -75.0387338661591,42.55147911879397 -75.03885567074248,42.5514790775575 -75.03885561488218,42.55138901959165 -75.03897741929016,42.551388978225845 -75.03897730722011,42.551208862290146 -75.03909911127762,42.55120882079513 -75.03909899885839,42.55102870485402 -75.03922080256542,42.55102866322978 -75.039220689797,42.550848547283245 -75.03934249315357,42.55084850552981 -75.03934238003599,42.55066838957785 -75.03922057702962,42.55066843133103 -75.03922046426327,42.55048831537314 -75.03909866160686,42.55048835699658 -75.03909860539916,42.55039829901537 -75.03897680291759,42.55039834050922 -75.03897674688528,42.55030828252647 -75.03873314227155,42.550308365125524 -75.03873308658969,42.55021830714108 -75.03848948232516,42.55021838922201 -75.03848942699375,42.550128331235896 -75.03812402112035,42.55012845338592 -75.03812396631447,42.550038395398005 -75.03775856096412,42.55003851638247 -75.03775850668379,42.549948458392755 -75.03751490346582,42.54994853840149 -75.03751484953594,42.5498584804101 -75.03727124666717,42.549858559900734 -75.03727113950856,42.54967844391318 -75.037149338424,42.54967848346406 -75.03714917821317,42.5494083094717 -75.03702737765364,42.54940834889275 -75.03702684538436,42.548507768824685 -75.037148644193,42.548507729404875 -75.03714811019734,42.54760714919597 -75.03702631313949,42.54760718861455 -75.03702562125767,42.546436434128985 -75.03714741603959,42.54643639471203 -75.03714725585522,42.546166220566256 -75.03726905011168,42.54616618102022 -75.03726888940432,42.54589600686203 -75.03739068313536,42.5458959671869 -75.03739057564823,42.5457158510746 -75.03751236902889,42.54571581127029 -75.03751220727487,42.54544563709155 -75.03763400013013,42.54544559715815 -75.03763383785316,42.545175422967 -75.037755630183,42.54517538290454 -75.0377554673831,42.544905208700975 -75.03787725918752,42.544905168509466 -75.0378771503054,42.5447250523669 -75.03799894175948,42.54472501204619 -75.03799883252826,42.54454489589821 -75.03812062363198,42.54454485544833 -75.0381205688417,42.54445479737232 -75.03824235977012,42.544454756793115 -75.03824224984021,42.54427464063711 -75.03836404041829,42.54427459992873 -75.03836398527866,42.54418454184872 -75.03848577568144,42.544184501011024 -75.03848566505287,42.54400438484701 -75.03860745510529,42.54400434388013 -75.03860734412764,42.54382422771068 -75.03872913382973,42.54382418661462 -75.03872907816626,42.5437341285279 -75.03885086769303,42.54373408730254 -75.03885081185477,42.54364402921453 -75.03897260120627,42.54364398785986 -75.03897254519322,42.543553929770546 -75.03909433436941,42.543553888286574 -75.03909427818158,42.543463830195975 -75.0393378561831,42.54346374683998 -75.03933779964544,42.54337368874824 -75.03945958847078,42.54337364687621 -75.03945953175835,42.54328358878316 -75.03958132040839,42.54328354678184 -75.03958126352119,42.54319348868751 -75.0398248404704,42.54319340429684 -75.03982478323337,42.54310334620135 -75.04006835983147,42.54310326129321 -75.04006830224463,42.54301320319655 -75.04031187849161,42.54301311777095 -75.04031182055496,42.54292305967315 -75.04043360850302,42.54292301676633 -75.04043355039161,42.54283295866725 -75.04055533816437,42.54283291563114 -75.04055527987818,42.542742857530754 -75.04067706747564,42.54274281436534 -75.04067695055402,42.54256269816061 -75.04079873780114,42.542562654866046 -75.04079856189564,42.54229248054869 -75.0409203486174,42.54229243712509 -75.0409201133804,42.541932204682624 -75.04104189940178,42.541932161130134 -75.04104160448647,42.54148187054576 -75.04116338963246,42.54148182686453 -75.041163153005,42.541121594372015 -75.04128493745064,42.54112155056192 -75.04128464079734,42.54067125991498 -75.04140642436764,42.54067121597614 -75.04140630535818,42.540491099707715 -75.04164987179789,42.540491011442334 -75.04164981194354,42.540400953306246 -75.04189337803211,42.54040086452346 -75.04189331782803,42.54031080638625 -75.04213688356548,42.54031071708606 -75.04213682301165,42.5402206589477 -75.04335464993193,42.54022020468297 -75.04335471223588,42.540310262819894 -75.04372006083146,42.540310124016344 -75.04371999800249,42.54022006587984 -75.04420712875918,42.540219878997135 -75.04420706523047,42.5401298208598 -75.0443288477439,42.54012977381572 -75.0443285292296,42.539679483108486 -75.04445031086772,42.539679435935724 -75.04444999148572,42.5392291451937 -75.04432821072263,42.539229192365724 -75.04432789222295,42.53877890158745 -75.04420611233456,42.53877894862931 -75.04420579471717,42.53832865781478 -75.04408401570348,42.538328704726496 -75.04408388900855,42.538148588390456 -75.04396211034454,42.538148635172455 -75.04396166814635,42.5375182279505 -75.04383989070699,42.537518274602085 -75.04383951274117,42.53697792549841 -75.04371773635141,42.53697797201971 -75.04371767353311,42.53688791383065 -75.04590964535412,42.53688705665098 -75.04590957938645,42.53679699846319 -75.04664023558868,42.53679670342039 -75.04664016857143,42.53670664523211 -75.0471272720002,42.53670644594944 -75.04712720428336,42.53661638776035 -75.04737075564593,42.53661628734291 -75.04737068757942,42.53652622915271 -75.04761423859078,42.53652612821798 -75.04761417017464,42.536436070026674 -75.0478577208348,42.536435968574644 -75.04785765206901,42.53634591038223 -75.04810120237795,42.536345808412904 -75.04810113326255,42.536255750219404 -75.04834468322026,42.536255647732794 -75.04834461375522,42.53616558953819 -75.04858816336171,42.53616548653429 -75.04858809354704,42.53607542833858 -75.0488316428023,42.53607532481739 -75.04883157263801,42.53598526662061 -75.04895334709018,42.53598521466607 -75.04895327675123,42.53589515646802 -75.04919682530466,42.535895052171064 -75.0491967546161,42.53580499397193 -75.0494403028183,42.535804889157724 -75.04944023178011,42.535714830957474 -75.04980555355606,42.535714672766154 -75.04980548199329,42.53562461456499 -75.05004902949233,42.53562450845743 -75.05004895757996,42.53553445025519 -75.05041427830113,42.53553429012387 -75.05041420586419,42.53544423192069 -75.05065775266004,42.53544412451982 -75.0506576798735,42.53535406631558 -75.05102299953988,42.53535390424428 -75.05102292622875,42.535263846039115 -75.0512664723214,42.53526373734494 -75.05126639866067,42.535173679138694 -75.05138817153153,42.535173624597675 -75.05138809769619,42.53508356639019 -75.0517534157818,42.53508340199129 -75.05175334142191,42.53499334378288 -75.05199688646069,42.534993233536966 -75.0519968117512,42.534903175327486 -75.05224035643869,42.53490306456434 -75.05224028137961,42.534813006353794 -75.05272737005059,42.53481278327544 -75.05272729429203,42.53472272506417 -75.0529708382755,42.53472261274897 -75.05297076216736,42.53463255453663 -75.05309253398362,42.53463249818511 -75.05309245770086,42.53454243997153 -75.0546754890056,42.53454169562925 -75.05467541044871,42.53445163741657 -75.05625843941809,42.53445087120903 -75.05625852024944,42.53454092941931 -75.05686737840355,42.534540628900416 -75.05686746011008,42.53463068710833 -75.05747631912963,42.534630383353644 -75.05747640171134,42.53472044155918 -75.0583288055475,42.53472001086668 -75.05832888935431,42.53481006906945 -75.05930306654369,42.53480956908417 -75.05930289613107,42.53462945268035 -75.05942466792807,42.534629389600305 -75.05942313113566,42.533008341713796 -75.05954489978312,42.533008278507914 -75.05954430095129,42.53237787087358 -75.05966606837374,42.53237780753972 -75.0596658112126,42.53210763281856 -75.05978757810985,42.5321075693559 -75.05978732042742,42.53183739462257 -75.05990908679946,42.53183733103113 -75.0599088285958,42.5315671562856 -75.06003059444264,42.53156709256537 -75.06003033571771,42.531296917807666 -75.06015210103936,42.53129685395865 -75.06015175537863,42.53093662092928 -75.06027352000017,42.530936556951694 -75.06027343341106,42.530846498691005 -75.06015166896444,42.530846562668394 -75.06015158255065,42.53075650440607 -75.06027334682233,42.53075644042889 -75.06027248095695,42.52985585772961 -75.06039424347901,42.52985579362506 -75.06039398320239,42.52958561878818 -75.06051574519931,42.529585554554856 -75.06051565826631,42.529495496273256 -75.06075918190912,42.529495367418896 -75.0607590946267,42.52940530913629 -75.06088085627259,42.52940524451525 -75.06088076881565,42.52931518623141 -75.06100253028623,42.52931512148122 -75.06100244265478,42.52922506319616 -75.0612459652449,42.52922493330806 -75.06124587726404,42.52913487502199 -75.06148939950272,42.52913474461682 -75.06148931117242,42.52904468632972 -75.06161107211625,42.529044620933284 -75.06161098361144,42.52895456264499 -75.06185450514806,42.52895443146441 -75.06185441629385,42.52886437317511 -75.06197617688665,42.528864307390975 -75.06197608785793,42.52877424910045 -75.06221960869244,42.52877411714448 -75.06221916180597,42.528323825672665 -75.06234092134808,42.52832375950166 -75.06234083179713,42.52823370120324 -75.06221907242991,42.52823376737403 -75.06221835743615,42.527513300933855 -75.06234011540415,42.52751323476472 -75.06233966767189,42.52706294319447 -75.06246142476502,42.52706287689702 -75.06246115560593,42.52679270193845 -75.06258291217395,42.52679263551226 -75.06258282228019,42.52670257719011 -75.06270457867292,42.52670251063476 -75.06270448860468,42.52661245231139 -75.0628262448221,42.526612385626905 -75.06282606433709,42.52643226897632 -75.06294782020433,42.52643220216289 -75.06294772978754,42.526342143835684 -75.06306948547949,42.52634207689311 -75.06306939488825,42.526252018564676 -75.06319115040486,42.52625195149295 -75.06319105963915,42.526161893163305 -75.0634345703214,42.526161758632206 -75.06343447920632,42.526071700301586 -75.06367798953714,42.52607156525347 -75.06367789807273,42.525981506921845 -75.0639214080521,42.52598137135673 -75.06392131623832,42.525891313024104 -75.06416482586624,42.525891176942 -75.06416473370312,42.52580111860837 -75.06428648834157,42.5258010503735 -75.064286396004,42.52571099203869 -75.06452990492984,42.52571085518131 -75.06452981224294,42.52562079684547 -75.06477332081732,42.525620659471116 -75.06477322778109,42.525530601134314 -75.065016736004,42.52553046324296 -75.06501664261843,42.52544040490517 -75.06526015048989,42.52544026649684 -75.06526005675498,42.525350208158045 -75.06562531803431,42.525349999576044 -75.06562522377519,42.525259941236506 -75.06586873094282,42.52525980153552 -75.0658686363344,42.52516974319498 -75.06623389655796,42.525169532674006 -75.06623380142534,42.52507947433272 -75.06647730788912,42.525079333339086 -75.0664772124072,42.52498927499681 -75.06806000210536,42.524988345929316 -75.0680599043505,42.524898287588535 -75.06939918595855,42.524897484382656 -75.06939908628053,42.52480742604296 -75.06952083897639,42.52480735224839 -75.06952073912396,42.52471729390749 -75.06964249164449,42.5247172199838 -75.06964239161763,42.52462716164173 -75.06976414396284,42.52462708758891 -75.06976404376158,42.524537029245664 -75.06988579593144,42.524536955063724 -75.06988569555578,42.52444689671927 -75.07000744755031,42.524446822408215 -75.07000734700024,42.52435676406258 -75.07012909881945,42.52435668962241 -75.07012899809496,42.524266631275594 -75.07025074973885,42.52426655670631 -75.07025064883996,42.524176498358294 -75.07049415177659,42.52417634883214 -75.07049405052842,42.5240862904832 -75.07061580182118,42.52408621552633 -75.0706157003986,42.52399615717619 -75.07073745151604,42.523996082090214 -75.07073724832259,42.52381596538614 -75.07085899908981,42.523815890171285 -75.07085869377852,42.52354571510524 -75.07098044402069,42.52354563976176 -75.07098013818904,42.52327546468363 -75.07110188790615,42.52327538921149 -75.07110158155413,42.523005214121284 -75.07122333074621,42.52300513852054 -75.07122251242926,42.52228467155271 -75.07110076463601,42.52228474715158 -75.07110004985724,42.521654338478484 -75.07073481014649,42.52165456449407 -75.07073470856164,42.52156450610582 -75.07024772297349,42.521564805648296 -75.07024762208849,42.52147474725767 -75.06927365228877,42.52147534013264 -75.06927355280297,42.52138528173875 -75.0691518067508,42.52138535526588 -75.0691517074403,42.52129529687033 -75.06902996156249,42.5212953702679 -75.06902976329255,42.52111525347208 -75.06890801776396,42.521115326739846 -75.06890772088695,42.52084515153477 -75.06878597588245,42.52084522467252 -75.06878558075213,42.520484991044945 -75.06866383644652,42.52048506405244 -75.06866334341798,42.52003477198486 -75.06854159998608,42.52003484486189 -75.0685412062707,42.51967461118134 -75.06841946353765,42.51967468392812 -75.06841907052879,42.51931445022393 -75.06829732849461,42.51931452284049 -75.06829683811779,42.51886423067714 -75.06817509695726,42.518864303163234 -75.06817450956882,42.51832395251898 -75.06805276945674,42.51832402487438 -75.06805247629303,42.51805384953239 -75.06817421588066,42.51805377717767 -75.06817382430275,42.51769354336937 -75.06829556319067,42.51769347088623 -75.06829526898753,42.51742329551578 -75.06841700735059,42.517423222904014 -75.06841681086779,42.517243105983724 -75.0685385488808,42.51724303324308 -75.06853835205018,42.51706291631758 -75.06866008971313,42.51706284344808 -75.06865989253473,42.516882726517345 -75.0687816298476,42.516882653518984 -75.06878133355899,42.51661247811292 -75.06890307034702,42.51661240498594 -75.06890287247393,42.516432288041905 -75.0690246089119,42.51643221478608 -75.06902431158129,42.51616203936007 -75.06914604749441,42.51616196597562 -75.06914574964351,42.51589179053751 -75.0692674850318,42.51589171702444 -75.06926708720448,42.515531483088 -75.06938882189314,42.51553140944653 -75.06938842337395,42.515171175488284 -75.069510157363,42.515171101718444 -75.06950806158683,42.51327987306958 -75.06938633126815,42.51327994683457 -75.06938613203047,42.51309982978725 -75.06926440206085,42.513099903422486 -75.06926430261748,42.513009844896466 -75.06938603241234,42.51300977126146 -75.0693858331774,42.512829654205625 -75.06950756262228,42.512829580441796 -75.06950746283073,42.512739521911975 -75.07048129697495,42.51273892714849 -75.07048139816463,42.51282898567646 -75.07218561029204,42.51282792492542 -75.07218550665564,42.512737866400805 -75.07267242369025,42.51273755867537 -75.07267231935528,42.51264750015028 -75.0729157775202,42.51264734551228 -75.07291567283616,42.51255728698625 -75.07328085955564,42.512557054060245 -75.07328075434779,42.512466995533536 -75.07352421180885,42.51246683960355 -75.07352410625197,42.51237678107592 -75.07376756336154,42.51237662462923 -75.07376745745563,42.51228656610065 -75.07401091421374,42.51228640913729 -75.07401080795879,42.512196350607795 -75.07413253616235,42.51219627193242 -75.0741323233044,42.51201615486964 -75.07425405115795,42.51201607606547 -75.07425394455494,42.5119260175322 -75.07437567223326,42.51192593859897 -75.07437545867919,42.51174582152867 -75.07449718600749,42.51174574246666 -75.07449686515581,42.51147556685128 -75.07461859195935,42.51147548766072 -75.07461837771118,42.51129537057719 -75.07474010416473,42.51129529125783 -75.07473967497526,42.510935057074725 -75.07486140072933,42.51093497762708 -75.07486118578805,42.5107548605275 -75.0747394603835,42.51075493997465 -75.07473935308833,42.510664881422485 -75.07486107831815,42.51066480197559 -75.07486021857669,42.50994433350909 -75.07473849474484,42.50994441295399 -75.07473742185974,42.50904382724053 -75.07485914394424,42.50904374779812 -75.07485849918841,42.50850339630334 -75.07498022022405,42.50850331673313 -75.07498000495993,42.50832319955735 -75.07510172564561,42.50832311985837 -75.07510140222895,42.50805294408478 -75.07522312238996,42.50805286425727 -75.07522290643189,42.50787274706828 -75.07534462624295,42.50787266711199 -75.07534430178539,42.507602491318586 -75.0754660210718,42.507602411233776 -75.0754658044198,42.50742229403158 -75.07558752335628,42.50742221381802 -75.07558719785786,42.507152038004804 -75.07570891626969,42.50715195766272 -75.07570848157991,42.506791723226236 -75.07583019929237,42.506791642755886 -75.07582976391173,42.50643140829768 -75.07595148092484,42.506431327699076 -75.07595115387048,42.506161151841255 -75.07607287035898,42.50616107111414 -75.07607156009006,42.50508036755807 -75.07582813130539,42.50508052887698 -75.07582802246895,42.504990470237566 -75.07570630825057,42.50499055070287 -75.0757060909286,42.50481043341929 -75.07558437705912,42.50481051375482 -75.07558416008852,42.50463039646506 -75.07546244656791,42.50463047667083 -75.0754622299487,42.50445035937486 -75.07534051677699,42.50445043945088 -75.07534040864282,42.50436038080052 -75.07521869564529,42.50436046074703 -75.07521837176984,42.50409028478667 -75.07509665929588,42.50409036460317 -75.07509655151307,42.50400030594661 -75.07497483921333,42.504000385633596 -75.07497440878575,42.50364015099222 -75.07485269718426,42.50364023054895 -75.07485237489281,42.50337005455225 -75.07473066381486,42.50337013397898 -75.07473023479857,42.50300989929583 -75.07460852441885,42.50300997859231 -75.07460820318582,42.50273980256428 -75.07448649332964,42.50273988173077 -75.07448585192489,42.50219952963486 -75.07436414311626,42.502199608670615 -75.07436371622158,42.501839373910606 -75.07424200811114,42.50183945281612 -75.07424179501608,42.5016593354271 -75.07412008725449,42.50165941420287 -75.07411966176886,42.50129917940679 -75.07399795470546,42.501299258052335 -75.0739974237327,42.50084896452404 -75.07387571754212,42.5008490430391 -75.07387529347132,42.5004888081899 -75.07375358797889,42.50048888657474 -75.07375327045484,42.5002187104222 -75.07363156548588,42.50021878867706 -75.07363124849017,42.49994861251099 -75.0735095440447,42.49994869063588 -75.07350859465558,42.499138162058756 -75.07363029752923,42.499138083936074 -75.07362998055098,42.498867907718854 -75.07375168290021,42.49886782946768 -75.07375157706713,42.49877777072602 -75.07387327924124,42.49877769234583 -75.07387317323399,42.498687633603005 -75.07399487523298,42.498687555093845 -75.07399466287066,42.49850743760439 -75.0741163645199,42.49850735896648 -75.07411625816482,42.49841730021988 -75.07423795963892,42.49841722145299 -75.07423785310971,42.49832716270521 -75.07435955440867,42.498327083809336 -75.07435944770532,42.498237025060384 -75.07448114882915,42.49823694603553 -75.07448104195166,42.49814688728541 -75.07460274290037,42.49814680813157 -75.07460252879756,42.49796669062754 -75.07484592999498,42.49796653193317 -75.07484582259504,42.497876473179524 -75.07496752301837,42.49787639363875 -75.07496741544429,42.49778633488393 -75.07521081594024,42.49778617541519 -75.07521070801738,42.49769611665945 -75.07533240808998,42.497696036731476 -75.07533229999298,42.49760597797458 -75.07557569978744,42.49760581773147 -75.07557559134167,42.497515758973634 -75.07581899078487,42.49751559821411 -75.07581888199034,42.49742553945537 -75.07606228108229,42.497425378179436 -75.07606217193901,42.49733531941978 -75.0763055706797,42.49733515762746 -75.07630546118766,42.497245098866884 -75.07654885957707,42.49724493655817 -75.07654874973629,42.49715487779667 -75.07667044875562,42.497154796448726 -75.07667033874071,42.49706473768608 -75.07691373642861,42.497064574603016 -75.07691362606495,42.49697451583947 -75.07715702340155,42.49697435224001 -75.07715691268916,42.49688429347554 -75.07740030967449,42.4968841293597 -75.07740019861336,42.49679407059433 -75.07764359524741,42.49679390596211 -75.07764348383753,42.49670384719584 -75.07776518197917,42.496703764686146 -75.07776507039519,42.49661370591869 -75.07800846632767,42.49661354051217 -75.07800835439495,42.49652348174384 -75.07825174997615,42.49652331582092 -75.0782516376947,42.49643325705169 -75.0783733353099,42.49643317389667 -75.07837322285435,42.49634311512626 -75.07849492029442,42.49634303184227 -75.07849480766477,42.49625297307071 -75.07861650492971,42.49625288965777 -75.07861639212595,42.496162830885055 -75.07885978630503,42.49616266367202 -75.07885967315256,42.49607260489839 -75.0789813700667,42.496072521098306 -75.07898125674014,42.49598246232353 -75.07910295347915,42.49598237839449 -75.07910283997849,42.495892319618555 -75.07922453654234,42.49589223556055 -75.0792244228676,42.495802176783464 -75.07946781564453,42.49580200828032 -75.07946770162107,42.495711949502336 -75.07958939783416,42.4957118650572 -75.0795892836366,42.495621806278066 -75.07971097967453,42.49562172170397 -75.07971075093177,42.495441604141966 -75.07983244661995,42.49544151943919 -75.07983233207474,42.495351460656316 -75.07995402758779,42.4953513758246 -75.0799539128685,42.49526131704057 -75.08007560820641,42.49526123207989 -75.0800753784202,42.49508111450811 -75.08019707340837,42.49508102941874 -75.08019695834145,42.494990970631 -75.08031865315448,42.494990885412676 -75.08031842267299,42.49481076783346 -75.08044011713629,42.494810682486445 -75.0804398863077,42.494630564902074 -75.08056158042126,42.494630479426405 -75.08056111807203,42.494270244241655 -75.08068281148664,42.49427015863784 -75.08068142239468,42.49318945295049 -75.08055973107523,42.493189538551086 -75.08055938433795,42.492919362096465 -75.08043769354171,42.49291944756707 -75.08043746273536,42.49273932992302 -75.08031577228778,42.49273941526386 -75.08031554183272,42.492559297613596 -75.0801938517338,42.492559382824695 -75.08019373668162,42.49246932399717 -75.08007204675677,42.49246940907881 -75.08007193187971,42.49237935024959 -75.0799502421289,42.492379435201755 -75.07995001272556,42.49219931753853 -75.07982832332338,42.492199402360946 -75.07982820879708,42.492109343526934 -75.07970651956897,42.4921094282199 -75.07970640521778,42.492019369384195 -75.07958471616372,42.49201945394767 -75.07958460198762,42.491929395110304 -75.07946291310763,42.49192947954431 -75.07946279910664,42.49183942070524 -75.07934111040069,42.49183950500981 -75.07934099657481,42.491749446169045 -75.07921930804294,42.49174953034413 -75.07921919439215,42.49165947150169 -75.07909750603432,42.49165955554732 -75.07909727908346,42.491479437857656 -75.07897559107425,42.49147952177354 -75.07897547777421,42.49138946292632 -75.07885378993906,42.49138954671275 -75.07885367681408,42.49129948786384 -75.078731989153,42.49129957152081 -75.07873187620312,42.491209512670224 -75.07861018871608,42.49120959619772 -75.0786100759413,42.491119537345455 -75.07848838862833,42.4911196207435 -75.07848827602862,42.491029561889555 -75.07836658888971,42.49102964515813 -75.07836647646509,42.49093958630248 -75.07824478950023,42.490939669441616 -75.0782445650017,42.49075955172557 -75.07812287838547,42.49075963473498 -75.07812276631154,42.49066957587455 -75.07800107986937,42.490669658754506 -75.07800096797052,42.49057959989241 -75.0778792817024,42.4905796826429 -75.07787916997863,42.49048962377912 -75.07775748388457,42.490489706400155 -75.07775737233588,42.490399647534694 -75.07763568641587,42.4903997300263 -75.07763557504227,42.490309671159146 -75.07751388929631,42.49030975352128 -75.07751366689976,42.49012963578223 -75.07739198150242,42.49012971801465 -75.07739187047947,42.490039659142724 -75.0772701852562,42.4900397412457 -75.07726996356095,42.48985962349708 -75.0771482786863,42.48985970547036 -75.0771480573422,42.48967958771554 -75.07702637281615,42.4896796695591 -75.07702615182322,42.489499551798104 -75.07690446764578,42.48949963351195 -75.07690424700398,42.489319515744754 -75.07678256317516,42.48931959732891 -75.07678234288448,42.48913947955551 -75.07666065940427,42.489139561009964 -75.07666032949574,42.48886938433846 -75.07653864653868,42.488869465662944 -75.07653831715832,42.488599288977895 -75.07641663472442,42.48859937017243 -75.07641630587224,42.48832919347383 -75.07629462396149,42.488329274538415 -75.07629440507831,42.488149156731744 -75.07617272351614,42.48814923766664 -75.076172286454,42.487789002035214 -75.07605060558951,42.48778908283991 -75.07605038741052,42.48760896501516 -75.07592870689462,42.48760904569018 -75.07592827124083,42.487248810022635 -75.07580659142258,42.48724889056745 -75.07580626521109,42.48697871380112 -75.07568458591595,42.486978794216014 -75.07568436879319,42.48679867636418 -75.07556268984663,42.48679875664938 -75.07556236468983,42.48652857986022 -75.07544068626638,42.486528660015495 -75.0754404698467,42.48634854214845 -75.07531879177182,42.48634862217402 -75.07531857570319,42.48616850430081 -75.07519689797688,42.48616858419672 -75.07519679011783,42.48607852525771 -75.07507511256554,42.48607860502418 -75.07507489719801,42.48589848714145 -75.07495321999428,42.485898566778246 -75.07495311248579,42.4858085078345 -75.07483143545609,42.48580858734187 -75.0748313281226,42.48571852839645 -75.07470965126694,42.4857186077744 -75.07470954410849,42.48562854882731 -75.07458786742686,42.48562862807583 -75.0745877604434,42.48553856912707 -75.0744660839358,42.48553864824617 -75.07446587031941,42.4853585303439 -75.07434419416039,42.485358609333346 -75.07434408752745,42.485268550379814 -75.07422241154244,42.485268629239826 -75.07422134698514,42.48436803962405 -75.07434302122498,42.484367960766505 -75.07434270134377,42.48409778385481 -75.07446437505958,42.484097704868844 -75.07446405465923,42.48382752794512 -75.07458572785102,42.483827448830716 -75.0745852999594,42.48346721291351 -75.07470697245267,42.483467133670935 -75.07470643672667,42.483016838743715 -75.07482810834694,42.48301675937323 -75.07482767907698,42.48265652340687 -75.07494934999875,42.48265644390821 -75.07494795265734,42.48148567686382 -75.07506962131022,42.48148559723925 -75.07506929833518,42.48121542019567 -75.07494763020576,42.481215499819484 -75.07494720027722,42.48085526374049 -75.07482553284524,42.480855343234154 -75.07482521092744,42.48058516615924 -75.07470354401842,42.480585245523 -75.07470332975798,42.48040512746546 -75.07458166319742,42.48040520669957 -75.07458144928789,42.480225088635855 -75.0744597830758,42.48022516774033 -75.07445967629624,42.480135108706094 -75.07433801025812,42.48013518768116 -75.07433790365353,42.48004512864526 -75.0742162377894,42.48004520749093 -75.07421602493065,42.47986508941437 -75.07409435941497,42.4798651681304 -75.07409425316081,42.479775109089736 -75.07397258781911,42.47977518767638 -75.07397248173991,42.47968512863404 -75.0738508165722,42.47968520709129 -75.07385060476419,42.47950508900188 -75.07372893994493,42.479505167329485 -75.0737287284878,42.479325049233914 -75.073607064017,42.479325127431885 -75.07360695846363,42.479235068381705 -75.0734852941668,42.479235146450286 -75.07348508341045,42.47905502834519 -75.07336341946208,42.47905510628414 -75.07336331425908,42.47896504722923 -75.07324165048472,42.4789651250388 -75.07324133540202,42.478694947864774 -75.07311967215054,42.478695025544454 -75.07311925274486,42.47833478929157 -75.07299759019077,42.478334866841145 -75.07299591543618,42.47689392159844 -75.07287425567284,42.47689399901499 -75.07287258383214,42.47545305340475 -75.07299424080442,42.47545297599209 -75.07299382216567,42.47509273953369 -75.07311547843976,42.47509266199287 -75.07311505911098,42.47473242551271 -75.07323671468686,42.474732347843734 -75.07323639967204,42.47446217046944 -75.07335805472415,42.47446209267207 -75.07335710813588,42.47365156047465 -75.07347876161774,42.47365148255035 -75.0734781295341,42.47311112768961 -75.07359978196897,42.473111049637666 -75.07359925437382,42.472660753882536 -75.07372090593616,42.472660675702706 -75.07371942629247,42.471399847402864 -75.07359777717178,42.47139992557928 -75.07359703860631,42.47076951132323 -75.07371868650623,42.470769433148554 -75.07371815810201,42.470319137209984 -75.0738398051295,42.470319058907414 -75.07383948756961,42.47004888132796 -75.07396113407344,42.47004880289704 -75.07396092202052,42.469868684504114 -75.0740825681751,42.46986860594457 -75.07408235577536,42.469688487546485 -75.07420400158067,42.469688408858325 -75.0742037888341,42.46950829045503 -75.07432543429017,42.46950821163827 -75.07432532774324,42.46941815243475 -75.07444697302445,42.46941807348912 -75.07444665286344,42.46914789587076 -75.07456829762101,42.469147816796784 -75.07456808383404,42.46896769837794 -75.07468972824238,42.46896761917535 -75.0746892999768,42.468607382321615 -75.07481094368714,42.46860730299093 -75.07481030025728,42.468066947669186 -75.07493194292091,42.4680668682109 -75.07493065402193,42.466986157417 -75.0750522945927,42.4669860778326 -75.07505197185596,42.46671590010292 -75.07517361190315,42.466715820390185 -75.07517307314669,42.466265524146884 -75.07529471232162,42.46626544430632 -75.0752943885506,42.46599526654404 -75.075416027202,42.465995186575135 -75.07541581100844,42.46581506806035 -75.07553744931063,42.46581498796286 -75.07553723277036,42.465634869442894 -75.07565887072336,42.46563478921683 -75.07565865383637,42.465454670691685 -75.0757802914402,42.46545459033704 -75.07577996559041,42.465184412539415 -75.0759016026707,42.465184332056445 -75.07590138509131,42.46500421351809 -75.07602302182242,42.46500413290654 -75.07602269493408,42.46473395508913 -75.07614433114166,42.46473387434926 -75.07614411286991,42.46455375579774 -75.07626574872832,42.464553674929284 -75.07626542080146,42.4642834970921 -75.07638705613634,42.464283416095334 -75.07638683717227,42.46410329753059 -75.07650847215801,42.46410321640526 -75.07650814319265,42.463833038548294 -75.07662977765489,42.46383295729464 -75.07662966782645,42.463742898006394 -75.07675130211385,42.463742816623935 -75.07675097210854,42.46347263875144 -75.07687260587245,42.463472557240664 -75.0768723855228,42.4632924386524 -75.07699401893755,42.46329235701307 -75.07699379824126,42.46311223841965 -75.07711543130685,42.46311215665174 -75.07711521026394,42.462932038053154 -75.07723684298038,42.462931956156694 -75.07723651089685,42.46266177824892 -75.07735814308982,42.46266169622415 -75.0773578104879,42.462391518304365 -75.0774794421574,42.46239143615131 -75.0774792200767,42.46221131753153 -75.07760085139705,42.46221123524992 -75.07760040654448,42.461850997994354 -75.07772203716706,42.461850915584705 -75.07772181439522,42.46167079694892 -75.07784344466867,42.46167071441072 -75.0778433331092,42.461580655090955 -75.07796496320785,42.461580572423955 -75.07796473974182,42.46140045378067 -75.07808636949132,42.46140037098512 -75.07808603377319,42.461130193010334 -75.07820766299926,42.461130110086486 -75.07820732676284,42.46085993209969 -75.07832895546548,42.46085984904757 -75.07832794521524,42.46004931501283 -75.07820631808133,42.460049398062615 -75.07820486117036,42.45887862647259 -75.07844811090611,42.45887846025075 -75.07844799849106,42.45878840088824 -75.07856962318388,42.458788317584 -75.07856951059506,42.458698258220345 -75.07881275963057,42.45869809122524 -75.0788126466937,42.45860803186068 -75.07905589537857,42.45860786434986 -75.07905578209365,42.45851780498441 -75.07917740626102,42.4585177210357 -75.07917729280234,42.458427661669084 -75.07942054078696,42.458427493385024 -75.07942042698022,42.458337434017515 -75.0796636746142,42.45833726521778 -75.07966356045942,42.45824720584938 -75.07978518410134,42.4582471212562 -75.07978506977283,42.45815706188665 -75.08002831670653,42.45815689231365 -75.08002820202996,42.45806683294321 -75.08014982532174,42.45806674796341 -75.08014971047142,42.45797668859183 -75.08039295670486,42.4579765182456 -75.0803928415065,42.45788645887312 -75.08051446444816,42.4578863735067 -75.08051434907605,42.45779631413307 -75.0807575946092,42.45779614301362 -75.08075747888907,42.4577060836391 -75.08100072407154,42.457705912003995 -75.08100060800341,42.45761585262859 -75.08112223041957,42.457615766617735 -75.08112211417767,42.45752570724119 -75.08136535865985,42.45752553483287 -75.08136524206995,42.45743547545544 -75.08160848620145,42.45743530253148 -75.08160836926352,42.45734524315316 -75.08185161304432,42.457345069713554 -75.08185149575839,42.45725501033437 -75.0820947391885,42.45725483637911 -75.08209462155456,42.45716477699905 -75.08221624309454,42.457164689828126 -75.08221612528688,42.45707463044692 -75.08245936801666,42.457074455718484 -75.08245924986099,42.45698439633641 -75.08270249224007,42.45698422109233 -75.08270237373641,42.45689416170938 -75.08294561576477,42.45689398594967 -75.08294549691311,42.456803926565854 -75.08318873859076,42.45680375029052 -75.08318861939111,42.45671369090583 -75.08343186071804,42.456713514114874 -75.0834317411704,42.45662345472932 -75.08355336165877,42.456623366140555 -75.08355324193744,42.456533306753855 -75.083796482564,42.456533129189744 -75.08379636249465,42.4564430698022 -75.08403960277049,42.456442891722475 -75.08403948235318,42.456352832334055 -75.08428272227827,42.45635265373872 -75.08428260151298,42.456262594349425 -75.08440422130045,42.456262504858486 -75.08440410036144,42.45617244546806 -75.08464733958617,42.45617226609959 -75.08464721829921,42.456082206708324 -75.08489045717317,42.456082026824255 -75.08489033553823,42.45599196743211 -75.08513357406146,42.455991787032445 -75.08513345207857,42.45590172763946 -75.08525507116508,42.45590163724634 -75.08525494900847,42.45581157785222 -75.0854981868313,42.455811396679444 -75.08549806432674,42.45572133728445 -75.0857413017988,42.45572115559609 -75.0857411789463,42.45563109620026 -75.08598441606757,42.45563091399631 -75.08598429286711,42.455540854599626 -75.08610591125266,42.45554076330438 -75.0861057878785,42.45545070390656 -75.08659226071798,42.455450337436325 -75.08659213664737,42.45536027803822 -75.08683537271517,42.455360094029466 -75.08683524829662,42.45527003463053 -75.0872001018713,42.455269757650456 -75.08719997693055,42.45517969825098 -75.08768644765843,42.45517932713885 -75.08768632202123,42.4550892677391 -75.09291587426054,42.45508514790457 -75.09291574113107,42.45499508851633 -75.09328059304875,42.4549947921834 -75.09328045939715,42.454904732794674 -75.09364531078656,42.454904435301366 -75.0936451766128,42.45481437591213 -75.09401002747394,42.45481407725842 -75.09400989277805,42.45472401786873 -75.09437474311086,42.45472371805463 -75.09437460789286,42.45463365866445 -75.09473945769734,42.45463335769 -75.0947393219572,42.45454329829933 -75.09510417123336,42.45454299616452 -75.09510403497109,42.454452936773365 -75.09546888371888,42.4544526334782 -75.0954687469345,42.454362574086595 -75.0958335951539,42.45436226963106 -75.09583345784742,42.454272210238976 -75.09595507374505,42.45427210849607 -75.09595493626495,42.45418204910288 -75.09619816770983,42.45418184523058 -75.09619802988186,42.45409178583663 -75.09644126097572,42.454091581448836 -75.0964411227999,42.454001522054085 -75.09668435354276,42.45400131715081 -75.09668421501908,42.453911257755294 -75.0969274454109,42.45391105233653 -75.09692730653937,42.45382099294024 -75.09717053658018,42.453820787005995 -75.09717039736081,42.453730727608935 -75.09741362705056,42.45373052115921 -75.09741348748337,42.45364046176135 -75.09753510215303,42.45364035834327 -75.09753496241223,42.45355029894434 -75.09777819140118,42.45355009172173 -75.09777805131255,42.453460032322035 -75.09802127995044,42.45345982458395 -75.09802113951396,42.453369765183474 -75.09826436780082,42.453369556929935 -75.09826422701651,42.453279497528705 -75.09850745495231,42.45327928875969 -75.09850731382019,42.45318922935769 -75.09862892761288,42.453189124779975 -75.09862878630716,42.45309906537686 -75.09875039992497,42.45309896067044 -75.09875025844566,42.45300890126625 -75.09899348533087,42.453008691467005 -75.09899334350374,42.45291863206205 -75.09911495677113,42.4529185269692 -75.09911481477042,42.45282846756316 -75.09923642786293,42.45282836234162 -75.09923628568863,42.45273830293448 -75.09935789860626,42.452738197584246 -75.09935775625839,42.45264813817602 -75.09947936900113,42.452648032697084 -75.09947922647967,42.452557973287774 -75.09972245161474,42.4525577619435 -75.09972230874548,42.45246770253342 -75.0998439211378,42.452467596668086 -75.09984377809496,42.45237753725692 -75.0999653903124,42.45237743126288 -75.099965247096,42.45228737185063 -75.10008685913854,42.45228726572791 -75.10008671574857,42.45219720631456 -75.10020832761624,42.45219710006314 -75.1002081840527,42.45210704064871 -75.10032979574548,42.4521069342686 -75.10032965200837,42.45201687485309 -75.1005728750435,42.45201666170648 -75.10057273095859,42.4519266022902 -75.10069434230094,42.4519264955237 -75.10069419804249,42.45183643610633 -75.10081580920995,42.45183632921115 -75.10081566477791,42.45174626979271 -75.1009372757705,42.451746162768835 -75.10093713116491,42.45165610334929 -75.1010587419826,42.451655996196735 -75.10105859720345,42.45156593677612 -75.10118020784627,42.451565829494875 -75.10117991794151,42.45138571065006 -75.10130152823521,42.45138560324046 -75.10130138310961,42.45129554381626 -75.10142299322844,42.45129543627799 -75.10142284792929,42.451205376852705 -75.10154445787322,42.45120526918575 -75.10154416692846,42.45102515033158 -75.1016657765233,42.45102504253627 -75.10166563087772,42.45093498310741 -75.10178724029768,42.45093487518343 -75.10178694866008,42.4507547563221 -75.10190855773092,42.450754648269765 -75.1019084117389,42.45066458883731 -75.10203002063488,42.450664480656314 -75.10202987446932,42.45057442122278 -75.10215148319043,42.450574312913105 -75.10215119051288,42.45039419404244 -75.10227279888488,42.45039408560443 -75.1022726523729,42.450304026167316 -75.10239426057002,42.45030391760063 -75.10239411388451,42.450213858162414 -75.10251572190676,42.450213749467046 -75.10251542818934,42.45003363058708 -75.10263703586246,42.45003352176337 -75.10263688883056,42.44994346232159 -75.10275849632883,42.44994335336923 -75.10275834912338,42.44985329392637 -75.10287995644676,42.449853184845324 -75.1028796616895,42.449673065956034 -75.10300126866379,42.44967295674666 -75.10300112111197,42.449582897300225 -75.10312272791138,42.44958278796218 -75.10312258018604,42.44949272851467 -75.10324418681056,42.449492619047966 -75.10324389101349,42.44931250014936 -75.10336549728893,42.449312390554326 -75.10336534921721,42.449222331103236 -75.10348695531778,42.44922222137954 -75.10348680707254,42.44913216192739 -75.10360841299823,42.449132052075015 -75.10360826457946,42.449041992621765 -75.10372987033027,42.449041882640735 -75.1037295731464,42.44886176373068 -75.10385117854813,42.448861653621336 -75.10385102978302,42.44877159416452 -75.10397263500987,42.44877148392651 -75.10397248607124,42.44868142446863 -75.10409409112322,42.44868131410195 -75.10409394201108,42.44859125464299 -75.10421554688817,42.44859114414765 -75.10421524831754,42.44841102522615 -75.10433685284556,42.44841091460251 -75.10433670338709,42.44832085513998 -75.10445830774023,42.448320744387665 -75.10445815810826,42.448230684924056 -75.10457976228652,42.44823057404309 -75.10457946267621,42.44805045511233 -75.10470106650543,42.448050344103045 -75.10470091652712,42.44796028463587 -75.10482252018143,42.44796017349794 -75.10482237002962,42.4478701140297 -75.10494397350907,42.4478700027631 -75.10494367285914,42.44768988382306 -75.10506527598952,42.44768977242817 -75.10506512549141,42.44759971295636 -75.1051867284469,42.447599601432806 -75.1051865777753,42.44750954195994 -75.10530818055591,42.44750943030773 -75.10530802971081,42.447419370833785 -75.10542963231656,42.44741925905293 -75.10542933028005,42.44723914010148 -75.10555093253674,42.44723902819232 -75.10555063015464,42.447058909235885 -75.10567223206228,42.44705879719843 -75.10567192933459,42.44687867823701 -75.10579353089315,42.44687856607126 -75.10579322781987,42.446698447104865 -75.10591482902942,42.44669833481083 -75.10591452561056,42.446518215839454 -75.10603612647103,42.446518103417105 -75.10603597458847,42.446428043929636 -75.10615757527408,42.44642793137865 -75.1061572711627,42.446247812400166 -75.10627887149924,42.4462476997209 -75.10627856704231,42.446067580737434 -75.10640016702983,42.44606746792987 -75.10639986222733,42.44588734894144 -75.10652146186581,42.44588723600558 -75.10652100414481,42.44561705751334 -75.10664260326006,42.445616944449554 -75.10664229776788,42.445436825448326 -75.1067638965341,42.44543671225625 -75.1067635906964,42.44525659325006 -75.10688518911358,42.445256479929704 -75.10688488293036,42.445076360918534 -75.10700648099852,42.4450762474699 -75.10700617446976,42.444896128453756 -75.10712777218889,42.444896014876846 -75.10712731187854,42.44462583634306 -75.1072489090745,42.444625722638214 -75.10724860185614,42.444445603609296 -75.10737019870307,42.444445489776186 -75.1073698911392,42.444265370742286 -75.10749148763709,42.44426525678091 -75.107490717869,42.4438149591731 -75.10761231349542,42.443814845084525 -75.10761154287422,42.443364547443004 -75.1077331376292,42.44336443322722 -75.10773221186217,42.44282407601265 -75.10785380557155,42.44282396167005 -75.10785287878515,42.44228360440649 -75.10797447144898,42.442283489937054 -75.10797385290898,42.44192325173438 -75.10809544487554,42.441923137137394 -75.10809498045559,42.441652958471536 -75.10821657189904,42.44165284374666 -75.10821564203349,42.44111248637877 -75.10833723243145,42.441112371527076 -75.1083364566924,42.44066207368324 -75.108458046219,42.44066195870437 -75.10845695899533,42.44003154166586 -75.10857854730239,42.44003142656054 -75.1085779253509,42.439671188222995 -75.10869951296077,42.43967107299016 -75.10869889032423,42.43931083463134 -75.10882047723693,42.439310719270985 -75.10881985391536,42.43895048089089 -75.10894144013092,42.43895036540302 -75.10894081612435,42.43859012700163 -75.10906240164273,42.438590011386225 -75.10906224546878,42.4384999517827 -75.10918383081234,42.438499836038716 -75.10918336177245,42.43822965722067 -75.10930494659299,42.43822954134881 -75.1093046335551,42.43804942213041 -75.10942621802673,42.43804930613031 -75.1094259046435,42.437869186906966 -75.10954748876621,42.43786907077863 -75.10954717503765,42.43768895155031 -75.10966875881144,42.437688835293756 -75.10966844473758,42.4375087160605 -75.10979002816245,42.43750859967571 -75.10978971374327,42.437328480437486 -75.10991129681922,42.43732836392448 -75.10991098205474,42.43714824468131 -75.11003256478178,42.43714812804007 -75.11003209211819,42.436877949165755 -75.11015367432223,42.43687783239666 -75.1101533588686,42.43669771314077 -75.11027494072376,42.43669759624345 -75.11027462492484,42.43651747698257 -75.11039620643108,42.43651735995704 -75.11039589028688,42.436337240691245 -75.11051747144423,42.436337123537484 -75.11051715495475,42.43615700426672 -75.1106387357632,42.43615688698474 -75.11063841892846,42.435976767709036 -75.11075999938802,42.43597665029884 -75.11075968220803,42.435796531018205 -75.11088126231869,42.43579641347981 -75.11088094479342,42.4356162941942 -75.1110025245552,42.43561617652759 -75.1110023656196,42.43552611688304 -75.11112394520656,42.435525999087844 -75.11112362698935,42.43534587979519 -75.11124520622744,42.43534576187179 -75.11124488766501,42.43516564257421 -75.1113664665542,42.435165524522596 -75.11136614764654,42.434985405220075 -75.11148772618685,42.43498528704025 -75.1114872473086,42.434715108076915 -75.11160882532599,42.43471498976927 -75.11160850572934,42.43453487045402 -75.11173008339783,42.43453475201816 -75.11172992342654,42.434444692358774 -75.11185150092022,42.43444457379435 -75.1118511806317,42.43426445447206 -75.11197275777653,42.43426433577943 -75.1119724371428,42.43408421645222 -75.11209401393874,42.4340840976314 -75.11209369295983,42.43390397829923 -75.11221526940692,42.4339038593502 -75.11221494808282,42.43372374001311 -75.11233652418103,42.43372362093591 -75.11233620251176,42.43354350159386 -75.11245777826112,42.43354338238846 -75.11245745624666,42.433363263041485 -75.11257903164716,42.433363143707886 -75.11257870928753,42.43318302435598 -75.11270028433918,42.433182904894196 -75.11269980028312,42.432912725856816 -75.11282137481184,42.43291260626721 -75.11282105176339,42.432732486902594 -75.11294262594328,42.432732367184805 -75.11294214085399,42.43246218812836 -75.11306371451097,42.43246206828277 -75.1130633907737,42.432281948905455 -75.11318496408185,42.43228182893168 -75.11318463999946,42.43210170954943 -75.11330621295876,42.43210158944747 -75.11330588853124,42.43192147006029 -75.1134274611417,42.431921349830155 -75.11342713636907,42.43174123043806 -75.11354870863069,42.431741110079734 -75.11354838351295,42.4315609906827 -75.11366995542572,42.43156087019621 -75.11366979269393,42.43147081049594 -75.11379136443192,42.431470689880896 -75.11379103862248,42.43129057047685 -75.11391261001165,42.43129044973363 -75.11391244693401,42.43120039002987 -75.11403401814837,42.431200269158104 -75.11403369164726,42.431020149747035 -75.11415526251281,42.431020028747106 -75.11415509908933,42.43092996903982 -75.1142766697801,42.430929847911344 -75.11427634258732,42.43074972849328 -75.11439791292925,42.43074960723663 -75.11439774915993,42.43065954752585 -75.1145193193271,42.43065942614065 -75.1145191553845,42.43056936642883 -75.11464072537686,42.43056924491508 -75.11464039714588,42.43038912548794 -75.1147619667894,42.43038900384603 -75.11476180250101,42.430298944130705 -75.11488337196977,42.43029882236025 -75.11488320750809,42.43020876264389 -75.11512634609528,42.430208518716974 -75.11512618128629,42.430118458999964 -75.1152477504047,42.430118336843506 -75.11524758542244,42.430028277125444 -75.11536915436609,42.43002815484044 -75.11536898921055,42.42993809512136 -75.1154905579794,42.42993797270782 -75.1154903926506,42.42984791298769 -75.11561196124467,42.429847790445606 -75.1156117957426,42.42975773072444 -75.11585493258039,42.42975748525426 -75.11585476673102,42.42966742553246 -75.11597633497475,42.42966730260438 -75.1159761689521,42.42957724288153 -75.11609773702105,42.429577119824906 -75.11609757082513,42.42948706010103 -75.1162191387193,42.42948693691587 -75.11621897235014,42.42939687719096 -75.1163405400695,42.42939675387726 -75.11634037352707,42.429306694151315 -75.11646194107165,42.42930657070909 -75.11646177435595,42.42921651098211 -75.11670490909479,42.42921626371168 -75.11670474203181,42.42912620398404 -75.11682630922606,42.42912608015583 -75.11682614198982,42.429036020427176 -75.11694770900928,42.42903589647043 -75.1169475415998,42.42894583674074 -75.11706910844447,42.42894571265547 -75.11706894086173,42.42885565292473 -75.11719050753162,42.42885552871093 -75.11719033977562,42.42876546897918 -75.11743347276504,42.4287652201656 -75.11743330466177,42.4286751604332 -75.11755487098131,42.42867503583343 -75.1175547027048,42.428584976100005 -75.11767626884955,42.428584851371696 -75.11767610039979,42.428494791637256 -75.11791923233893,42.42849454179467 -75.11791906354192,42.428404482059584 -75.1180406293363,42.428404356945315 -75.11804046036606,42.428314297209184 -75.11816202598565,42.4283141719664 -75.11816185684216,42.42822411222924 -75.11828342228698,42.42822398685793 -75.11828325297024,42.42813392711975 -75.1185263835095,42.428133675991155 -75.11852621384553,42.428043616252346 -75.11864777893999,42.42804349049508 -75.11864760910277,42.42795343075523 -75.11876917402243,42.42795330486943 -75.11876900401198,42.42786324512857 -75.11901213350096,42.42786299297103 -75.11901196314325,42.42777293322954 -75.11925509228108,42.427772680557126 -75.11925492157616,42.427682620815 -75.11949805036285,42.42768236762773 -75.11949787931067,42.42759230788499 -75.1197410077462,42.42759205418286 -75.1197408363468,42.42750199443948 -75.11986240038938,42.42750186739545 -75.11986222881674,42.42741180765106 -75.12022692041774,42.42741142574667 -75.12022726460783,42.42759154523166 -75.12034882882126,42.42759141767156 -75.1203490010915,42.427681477411525 -75.12047056547816,42.42768134972212 -75.12047073792318,42.42777140946027 -75.12071386704214,42.427771153693925 -75.12071403983599,42.42786121342984 -75.12083560456828,42.427861085352895 -75.12083577753694,42.42795114508699 -75.12095734244247,42.427951016880726 -75.1209575155859,42.428041076613006 -75.12107908066464,42.42804094827742 -75.12107890734718,42.42795088854555 -75.1214436020566,42.42795050276655 -75.1214437758961,42.42804056249721 -75.12168690604643,42.42804030466583 -75.12168708023475,42.428130364394256 -75.12180864548272,42.4281302352848 -75.12180881984585,42.4282202950114 -75.122538212361,42.42821951764493 -75.12253838776901,42.42830957736767 -75.12314621571292,42.42830892601505 -75.12314603943483,42.42821886629435 -75.12338917025872,42.428218604851715 -75.12338899363341,42.42812854513041 -75.12351055887014,42.428128414216125 -75.12351091246958,42.42830853365649 -75.12363247805352,42.42830840261247 -75.12363265502847,42.42839846233011 -75.12375422078561,42.42839833115677 -75.12375457508601,42.42857845058696 -75.12387614119037,42.42857831928388 -75.12387649584203,42.42875843870756 -75.12399806229362,42.42875830727474 -75.12399859479927,42.42902848639838 -75.12412016177211,42.4290283548354 -75.12412069480716,42.429298533945015 -75.12424226230124,42.42929840225189 -75.12424279586568,42.42956858134748 -75.12436436388103,42.42956844952416 -75.1243648979749,42.429838628605744 -75.1244864665115,42.42983849665227 -75.1244870011348,42.43010867571981 -75.12460857019268,42.43010854363619 -75.12460910534541,42.4303787226897 -75.12473067492458,42.430378590475904 -75.12473121060678,42.430648769515386 -75.12485278070723,42.43064863717143 -75.12485474685275,42.43163929353556 -75.12473317483787,42.43163942588409 -75.12473406770292,42.4320897241767 -75.12461249481699,42.43208985639836 -75.1246130300237,42.43236003535811 -75.12449145661479,42.43236016745209 -75.12449163484462,42.43245022710291 -75.12437006126083,42.432450359068376 -75.12437041737482,42.43263047836659 -75.12424884344213,42.432630610203944 -75.12424919921128,42.43281072949729 -75.12412762492966,42.432810861206534 -75.1241278026414,42.4329009208515 -75.12400622818492,42.43290105243223 -75.12400640572342,42.432991112076174 -75.12388483109208,42.43299124352837 -75.12388500845732,42.4330813031713 -75.1237634336511,42.43308143449499 -75.12376361084311,42.433171494136914 -75.12364203586203,42.433171625332065 -75.1236422128808,42.43326168497298 -75.12352063772484,42.43326181603961 -75.12352081457034,42.43335187567951 -75.12339923923952,42.4333520066176 -75.12339959258486,42.43353212589399 -75.1232780169051,42.43353225670396 -75.123278546407,42.433802435609124 -75.12315697020425,42.433802566291384 -75.12315732286143,42.4339826855552 -75.12303574630972,42.43398281610935 -75.12303609862201,42.434162935368306 -75.12291452172137,42.434163065794316 -75.12291469770466,42.43425312542206 -75.12303627477935,42.43425299499563 -75.12303715557822,42.43470329311106 -75.12315873352244,42.434703162553646 -75.12315996789327,42.4353335798527 -75.12328154705521,42.43533344916347 -75.12328225312407,42.435693687587175 -75.12340383298152,42.43569355676736 -75.12340471645619,42.436143854762975 -75.12352629718325,42.43614372381217 -75.12352682780003,42.436413902591255 -75.12364840904853,42.43641377151025 -75.12364911724526,42.436774009860834 -75.12377069918931,42.436773878649234 -75.12377123086766,42.43704405739603 -75.12389281333316,42.43704392605424 -75.12389352294537,42.43740416436176 -75.12401510610643,42.437404032889354 -75.12401546126561,42.437584152033764 -75.12413704477405,42.43758402043159 -75.1241375780412,42.43785419913631 -75.12425916207113,42.43785406740393 -75.12425951793483,42.43803418653249 -75.12438110231216,42.438034054670325 -75.12438145852732,42.43821417379237 -75.12450304325202,42.438214041800414 -75.12450339981868,42.438394160915955 -75.12462498489076,42.43839402879423 -75.12462534180888,42.43857414790322 -75.12474692722834,42.4385740156517 -75.124747463134,42.438844194303336 -75.12486904907497,42.4388440619216 -75.12486958551033,42.43911424055919 -75.12499117197281,42.43911410804725 -75.12499135096034,42.43920416758987 -75.12511293759611,42.439204034948546 -75.12511329592188,42.43938415402866 -75.12523488290503,42.43938402125755 -75.12523542092217,42.43965419986583 -75.12535700842686,42.43965406696448 -75.12535736745728,42.43983418602875 -75.1254789553094,42.439834052997604 -75.12547913499996,42.43992411252717 -75.12560072302536,42.439923979366654 -75.12560090289087,42.4400140388944 -75.12572249108956,42.44001390560449 -75.12572267113,42.44010396513039 -75.12596584787315,42.44010369816283 -75.12596602826268,42.440193757686465 -75.12620920535075,42.44019349020219 -75.12620938608933,42.44028354972358 -75.12645256352235,42.44028328172258 -75.12645274461,42.4403733412417 -75.12657433349938,42.44037320704733 -75.12657451476198,42.440463266564606 -75.12669610382466,42.44046313224085 -75.1266962852622,42.44055319175628 -75.12681787449817,42.44055305730312 -75.12681823772402,42.440733176328905 -75.1269398273074,42.44073304174593 -75.1269400090957,42.44082310125626 -75.12706159885238,42.4408229665439 -75.12706178081564,42.44091302605239 -75.12718337074561,42.44091289121062 -75.12718355288382,42.441002950717284 -75.12730514298708,42.44100281574612 -75.12730532530027,42.44109287525092 -75.12742691557682,42.44109274015037 -75.12742709806496,42.441182799653326 -75.1275486885148,42.44118266442337 -75.12754887117792,42.44127272392449 -75.12767046180105,42.441272588565155 -75.12767064463912,42.441362648064406 -75.12779223543555,42.44136251257566 -75.1277924184486,42.44145257207309 -75.12791400941832,42.441452436454945 -75.12791419260633,42.44154249595052 -75.12803578374934,42.44154236020297 -75.12803596711233,42.441632419696695 -75.12815755842864,42.44163228381975 -75.1281577419666,42.44172234331164 -75.12827933345619,42.44172220730528 -75.12827951716913,42.441812266795324 -75.12840110883201,42.44181213065957 -75.12840129271993,42.44190219014776 -75.1285228845561,42.44190205388259 -75.128523068619,42.441992113368954 -75.12864466062847,42.44199197697438 -75.12864484486634,42.44208203645887 -75.12876643704911,42.4420818999349 -75.12876662146195,42.44217195941755 -75.1290098061732,42.44217168598181 -75.12900999093519,42.44226174546218 -75.12913158346367,42.442261608550425 -75.12913176840064,42.442351668028934 -75.12925336110244,42.44235153098777 -75.12925354621439,42.44244159046444 -75.12937513908946,42.44244145329387 -75.1293753243764,42.442531512768674 -75.12961851047228,42.44253123803972 -75.12961869610837,42.44262129751224 -75.12986188254912,42.442621022266515 -75.12986206853432,42.44271108173677 -75.12998366192758,42.44271094392 -75.12998384808778,42.44280100338838 -75.13022703521999,42.442800727367036 -75.13022722172933,42.44289078683315 -75.13034881546831,42.44289064862857 -75.13034900215264,42.442980708092826 -75.13059218997631,42.442980431295865 -75.13059237700979,42.44307049075782 -75.13071397109448,42.44307035216543 -75.13071415830296,42.44316041162554 -75.13083575256094,42.44316027290374 -75.13083593994443,42.44325033236199 -75.1310791288061,42.44325005453055 -75.13107931653875,42.44334011398652 -75.13120091114246,42.443339974876885 -75.1312010990501,42.443430034330994 -75.13132269382709,42.443429895091946 -75.13132288190974,42.443519954544186 -75.13156607180942,42.44351967567826 -75.13156626024124,42.44360973512822 -75.13168785536394,42.44360959550134 -75.13168804397078,42.44369965494945 -75.13180963926675,42.443699515193146 -75.1318098280486,42.443789574639375 -75.13193142351787,42.443789434753654 -75.13193161247474,42.44387949419804 -75.13205320811728,42.44387935418289 -75.13205339724918,42.443969413625396 -75.13217499306501,42.443969273480825 -75.13217518237194,42.44405933292149 -75.13229677836104,42.44405919264749 -75.1322971573258,42.444239311523646 -75.13241875366235,42.4442391711198 -75.13241894332018,42.44432923055531 -75.13254053983003,42.44432909002201 -75.13254110933119,42.44459926831871 -75.13266270636265,42.4445991276551 -75.1326657466211,42.446040078347785 -75.13278734643833,42.44603993754813 -75.1327882974357,42.446490234562795 -75.13290989812292,42.44649009363193 -75.13291161154069,42.447300628164825 -75.13303321379465,42.44730048710099 -75.13303759685651,42.44937185259647 -75.13291599059615,42.44937199367048 -75.13291751385407,42.45009246845279 -75.13303912150808,42.45009232737523 -75.13303988385483,42.45045256473052 -75.1331614922048,42.45045242352218 -75.13316206449667,42.45072260152239 -75.13328367336842,42.45072246018371 -75.13328405524912,42.45090257884253 -75.13340566446841,42.45090243737395 -75.13340738454292,42.45171297126431 -75.13328577375566,42.45171311273688 -75.13328596470521,42.45180317205137 -75.13316435374286,42.45180331339537 -75.13316473529613,42.451983432020974 -75.13304312398445,42.45198357323684 -75.13304331458818,42.45207363254795 -75.1329217031014,42.45207377363522 -75.13292189353177,42.45216383294535 -75.13280028186989,42.45216397390406 -75.13280047212692,42.452254033213215 -75.13267886028994,42.45225417404334 -75.1326790503736,42.45234423335151 -75.13255743836153,42.45234437405305 -75.13255762827184,42.45243443336024 -75.13243601608467,42.45243457393319 -75.13243620582162,42.452524633239406 -75.13231459345936,42.45252477368378 -75.13231478302295,42.45261483298902 -75.13219317048556,42.45261497330479 -75.1321933598758,42.45270503260905 -75.13195013445001,42.45270531285442 -75.13195032349263,42.45279537215813 -75.13182871060421,42.45279551208772 -75.13182889947348,42.452885571390446 -75.13085599494111,42.4528866861857 -75.13085618241738,42.4529767454905 -75.13036972943361,42.452977299793226 -75.13036991621381,42.453067359098355 -75.13000507594428,42.453067773471915 -75.13000526220263,42.453157832776924 -75.12988364860351,42.45315797064383 -75.12988383468847,42.45324802994783 -75.12976222091427,42.453248167686134 -75.12976240682585,42.45333822698915 -75.12964079287657,42.453338364598864 -75.12964097861476,42.4534284239009 -75.12951936449039,42.45342856138201 -75.12951955005519,42.45351862068304 -75.12939793575573,42.453518758035564 -75.12939830653943,42.453698876634256 -75.12927669189062,42.45369901385859 -75.12927706232924,42.45387913245245 -75.12915544733112,42.45387926954862 -75.12915563237745,42.45396932884386 -75.12903401720423,42.45396946581142 -75.12903438695098,42.45414958439847 -75.12891277142843,42.45414972123787 -75.12891295612883,42.454239780529704 -75.12879134043118,42.45423991724051 -75.12879170948602,42.45442003582074 -75.12867009343906,42.45442017240336 -75.12867027779349,42.45451023169178 -75.12854866157141,42.4545103681458 -75.12854884575248,42.45460042743323 -75.12842722935531,42.45460056375864 -75.12842741336294,42.45469062304506 -75.12830579679068,42.454690759241856 -75.12830598062493,42.4547808185273 -75.12806274712939,42.454781090534645 -75.12806293061598,42.45487114981953 -75.1279413136927,42.45487128563008 -75.12794149700586,42.45496134491395 -75.1278198799075,42.454961480595884 -75.12782134504903,42.455681954819156 -75.1276997265558,42.45568209037544 -75.1277037521382,42.45766339402989 -75.1278253744653,42.45766325846424 -75.12782574079601,42.45784337694333 -75.12794736347082,42.45784324124778 -75.12794754681171,42.457933300484775 -75.12806916965995,42.45793316465974 -75.12806935317596,42.45802322389488 -75.12819097619764,42.458023087940376 -75.12819115988877,42.45811314717368 -75.12831278308389,42.4581130110897 -75.12831315081723,42.45829312955118 -75.12843477436006,42.45829299333729 -75.12843495840228,42.45838305256548 -75.12855658211855,42.458382916222114 -75.12855676633589,42.458472975448444 -75.1286783902256,42.45847283897561 -75.12867857461806,42.458562898200086 -75.1288001986812,42.458562761597776 -75.1288003832488,42.45865282082041 -75.12892200748539,42.458652684088605 -75.12892237697169,42.458832802528754 -75.12904400155598,42.458832665667046 -75.1290441864747,42.45892272488456 -75.12916581123243,42.45892258789336 -75.1291659963263,42.45901264710903 -75.12928762125746,42.459012509988355 -75.12928780652643,42.459102569202166 -75.12940943163105,42.459102431952005 -75.12940961707517,42.45919249116396 -75.12953124235321,42.45919235378432 -75.12953161359258,42.45937247220312 -75.12965323921836,42.459372334693555 -75.1296534250136,42.45946239390039 -75.12977505081282,42.45946225626134 -75.1297752367832,42.45955231546632 -75.12989686275587,42.45955217769778 -75.12989704890141,42.45964223690092 -75.1300186750475,42.4596420990029 -75.13001886136817,42.45973215820417 -75.13014048768771,42.45973202017666 -75.13014067418354,42.459822079376096 -75.1302623006765,42.45982194121908 -75.1302624873475,42.45991200041666 -75.13038411401389,42.45991186213016 -75.130384487707,42.46009198052017 -75.13050611472116,42.46009184210375 -75.1305063017433,42.46018190129619 -75.13062792893088,42.46018176275027 -75.13062811612816,42.460271821940864 -75.13074974348919,42.46027168326545 -75.13074993086164,42.46036174245419 -75.1308715583961,42.46036160364928 -75.13087174594371,42.46045166283614 -75.13099337365162,42.46045152390176 -75.13099356137438,42.46054158308678 -75.13111518925571,42.46054144402287 -75.13111556505244,42.460721562387775 -75.13123719328152,42.46072142319395 -75.13123738135548,42.460811482373835 -75.13135900975799,42.46081134305051 -75.13135919800712,42.46090140222853 -75.13148082658309,42.4609012627757 -75.13148120343251,42.461081381126625 -75.13160283235622,42.46108124154386 -75.13160302095653,42.461171300716735 -75.13172465005368,42.46117116100448 -75.13172502760553,42.46135127934511 -75.13184665705043,42.4613511395029 -75.13184684600195,42.461441198670656 -75.1319684756203,42.461441058698945 -75.13196885387457,42.4616211770293 -75.13209048384066,42.46162103692766 -75.1320906731434,42.46171109609026 -75.13221230328293,42.461710955859104 -75.13221268223964,42.46189107417918 -75.13233431272694,42.46189093381807 -75.13233488169146,42.4621611112862 -75.13245651270083,42.46216097079471 -75.13245708219613,42.46243114824873 -75.13257871372757,42.462431007626854 -75.13257985378758,42.46297136249388 -75.13270148636406,42.46297122174029 -75.13270224711879,42.463331458288124 -75.1328238803917,42.46333131740369 -75.13282502259591,42.46387167218016 -75.13294665691389,42.46387153116401 -75.1329476096464,42.464321826769776 -75.13306924483517,42.46432168562233 -75.13307057991771,42.46495209940764 -75.13319221632597,42.46495195812802 -75.13319259813468,42.465132076338726 -75.13331423489073,42.465131934929126 -75.13331480813338,42.4654021122332 -75.1334364454116,42.46540197069319 -75.13343663666858,42.465492029791264 -75.13355827412026,42.46549188812172 -75.13355865698553,42.465672006312715 -75.13368029478504,42.465671864513205 -75.1336806780025,42.46585198269762 -75.13380231614983,42.46585184076813 -75.13380250793423,42.46594189985778 -75.133924146255,42.465941757798774 -75.13392453017515,42.466121875972874 -75.13404616884374,42.466121733783886 -75.13404636097948,42.46621179286837 -75.13416799982154,42.466211650549866 -75.13416819213252,42.466301709632454 -75.13428983114805,42.466301567184416 -75.13429002363426,42.46639162626515 -75.13453330201139,42.466391340980906 -75.13453349484719,42.466481400059344 -75.13477677356948,42.46648111425784 -75.13477696675486,42.466571173333946 -75.13514188535473,42.46657074366221 -75.13514207906405,42.46666080273555 -75.13526371876992,42.46666065925301 -75.1352639126545,42.46675071832449 -75.13550719241226,42.466750430971246 -75.13550738664645,42.46684049004039 -75.13575066674937,42.466840202169884 -75.13575086133315,42.46693026123671 -75.13587250155763,42.466930117107374 -75.13587269631665,42.46702017617234 -75.13611597711166,42.467019887525495 -75.13611617222028,42.46710994658812 -75.13635945336043,42.46710965742401 -75.13635964881867,42.46719971648431 -75.13648128956176,42.46719957170816 -75.13648148519526,42.46728963076658 -75.13672476702745,42.46728934082611 -75.13672496301056,42.46737939988222 -75.13684660409967,42.46737925471789 -75.13684680025806,42.467469313772106 -75.13696844152064,42.46746916847824 -75.13696863785428,42.467559227530565 -75.13721192072543,42.467558936554646 -75.13721211740871,42.467648995604655 -75.13733375901731,42.4676488499226 -75.13733395587583,42.46773890897072 -75.1374555976579,42.46773876315912 -75.13745579469169,42.46782882220537 -75.13757743664722,42.467828676264205 -75.13757763385627,42.467918735308594 -75.13769927598526,42.467918589237875 -75.1376994733696,42.46800864828037 -75.13794275797358,42.46800835575075 -75.13794315344244,42.46818847382964 -75.1380647960918,42.46818832737028 -75.13806499400195,42.46827838640713 -75.13818663682477,42.468278239818204 -75.1381868349102,42.46836829885318 -75.13830847790649,42.468368152134694 -75.13830887442883,42.46854827019947 -75.13843051777293,42.46854812335097 -75.13843071620984,42.46863818238076 -75.13855235972741,42.468638035402705 -75.13855275695269,42.468818153457114 -75.1386744008181,42.46881800634904 -75.13867479839578,42.46899812439683 -75.13879644260902,42.468997977158736 -75.13879664157359,42.46908803618004 -75.13891828596032,42.469087888812396 -75.13891868424095,42.46926800684981 -75.13904032897551,42.46926785935212 -75.13904052829157,42.469357918368246 -75.1391621731996,42.46935777074101 -75.13916237269096,42.46944782975523 -75.13928401777244,42.46944768199844 -75.1392842174391,42.46953774101078 -75.13940586269405,42.46953759312441 -75.139406062536,42.46962765213488 -75.13952770796439,42.469627504118954 -75.13952790798166,42.46971756312753 -75.13977119918448,42.46971726670743 -75.1397713995514,42.469807325713646 -75.13989304532582,42.46980717730948 -75.13989324586805,42.46989723631382 -75.14001489181594,42.46989708778009 -75.14001509253347,42.46998714678255 -75.14013673865482,42.46998699811924 -75.14013693954766,42.47007705711981 -75.14025858584246,42.47007690832694 -75.14025878691061,42.47016696732562 -75.14050207984623,42.47016666935162 -75.14050228126406,42.47025672834794 -75.14062392790487,42.47025657916683 -75.14062412949802,42.47034663816127 -75.1407457763123,42.470346488850566 -75.14074597808076,42.47043654784313 -75.14098927205531,42.47043624883348 -75.14098947417347,42.470526307823675 -75.14111112133375,42.47052615812474 -75.14111132362721,42.47061621711303 -75.14123297096094,42.47061606728451 -75.14123317342974,42.470706126270926 -75.14135482093694,42.47070597631283 -75.14135502358106,42.470796035297354 -75.1414766712617,42.47079588520967 -75.14147687408114,42.470885944192304 -75.14159852193526,42.47088579397504 -75.14159872493002,42.470975852955775 -75.1417203729576,42.470975702608946 -75.14172057612768,42.4710657615878 -75.14184222432871,42.471065611111385 -75.14184263102045,42.47124572906386 -75.14196427956935,42.4712455784574 -75.14196448309102,42.47133563743104 -75.14208613181337,42.471335486695004 -75.1420865392083,42.47151560463706 -75.1422081882785,42.47151545377098 -75.14220839215177,42.471605512739394 -75.14233004139545,42.47160536174371 -75.14233044949357,42.47178547967536 -75.14245209908512,42.47178532854963 -75.14245230330997,42.471875387512846 -75.14257395307499,42.47187523625752 -75.14257436187631,42.47205535417874 -75.1426960119892,42.47205520279336 -75.14269621656567,42.47214526175136 -75.14281786685201,42.47214511023639 -75.14281827635658,42.472325228147184 -75.14293992699079,42.47232507650216 -75.14294013191889,42.47241513545495 -75.14306178272656,42.47241498368032 -75.14306219293438,42.472595101580694 -75.14318384408993,42.472594949675994 -75.14318404936967,42.47268500862358 -75.14330570069868,42.47268485658929 -75.14330611160977,42.47286497447923 -75.14342776328667,42.4728648223149 -75.14342796891805,42.472954881257245 -75.1435496207684,42.4729547289633 -75.14355003238279,42.473134846842804 -75.14367168458104,42.47313469441879 -75.14367209654803,42.473314812291655 -75.14379374909414,42.47331465973756 -75.14379395525346,42.473404718671375 -75.14391560797304,42.4734045659877 -75.14391581430773,42.47349462491961 -75.14403746720079,42.47349447210633 -75.14403788022183,42.47367458996494 -75.14415953346277,42.47367443702159 -75.14415974014912,42.473764495948295 -75.14428139356353,42.473764342875334 -75.14428160042526,42.47385440180014 -75.14440325401313,42.473854248597576 -75.14440366808826,42.474034366441956 -75.14452532202402,42.474034213109306 -75.14452552923744,42.47412427202888 -75.14464718334668,42.474124118566635 -75.14464759812518,42.474304236400556 -75.14476925258231,42.47430408280823 -75.1447694601474,42.474394141722584 -75.144891114778,42.47439398800065 -75.14489132251849,42.47448404691309 -75.14501297732255,42.47448389306155 -75.14501339315521,42.474664010881206 -75.14513504830717,42.47466385689959 -75.14513525639937,42.474753915806815 -75.14525691172479,42.47475376169558 -75.1452573282609,42.47493387950478 -75.14537898393422,42.474933725263455 -75.14537919237813,42.47502378416544 -75.14550084822493,42.475023629794514 -75.14550105684422,42.475113688694584 -75.1456227128645,42.47511353419405 -75.14562292165918,42.475203593092225 -75.14574457785292,42.47520343846207 -75.145744995794,42.47538355625319 -75.14586665233567,42.47538340149294 -75.14586686148208,42.47547346038588 -75.1459885181972,42.47547330549603 -75.14598872751901,42.475563364387064 -75.1461103844076,42.47556320936759 -75.14611080340295,42.47574332714441 -75.14623246063947,42.47574317199484 -75.14623267031301,42.475833230880646 -75.146354327723,42.47583307560145 -75.14635453757195,42.47592313448534 -75.1464761951554,42.475922979076536 -75.14647640517975,42.47601303795852 -75.14671972069264,42.47601272675254 -75.14671993106684,42.476102785632136 -75.14684158899627,42.476102629834955 -75.14684179954585,42.47619268871263 -75.14696345764878,42.47619253278583 -75.14696366837377,42.4762825916616 -75.14708532665014,42.476282435605185 -75.14708553755055,42.476372494479044 -75.14720719600041,42.47637233829301 -75.14720740707621,42.476462397164966 -75.14732906569954,42.47646224084931 -75.14732927695076,42.47655229971934 -75.14745093574756,42.47655214327406 -75.1474511471742,42.47664220214219 -75.14757280614447,42.47664204556729 -75.14757301774651,42.4767321044335 -75.14769467689025,42.47673194772898 -75.14769488866771,42.476822006593274 -75.14793820730118,42.476821692795845 -75.1479384194285,42.47691175165774 -75.14854671686737,42.47691096490185 -75.14854692986788,42.47700102375986 -75.14939854746238,42.476999916874526 -75.149398761685,42.47708997572764 -75.14988540098663,42.477089340378775 -75.14988561590802,42.477179399228476 -75.15012893590182,42.47717908077825 -75.15012915117309,42.477269139625534 -75.15049413167971,42.47726866098016 -75.15049434747532,42.477358719824515 -75.1508593284964,42.47735824001543 -75.15085954481633,42.47744829885687 -75.15110286584098,42.477447978337466 -75.15110308251082,42.47753803717647 -75.15134640388041,42.477537716139516 -75.15134662090014,42.4776277749761 -75.15146828175789,42.477627614263405 -75.15146849895305,42.477717673098056 -75.15159015998427,42.47771751225573 -75.15159037735488,42.47780757108847 -75.15171203855954,42.4778074101165 -75.15171225610561,42.4778974689473 -75.15195557886085,42.47789714661492 -75.15195579675682,42.4779872054433 -75.1520774583074,42.4779870440829 -75.15207767637884,42.47807710290935 -75.15219933810286,42.4780769414193 -75.15219955634974,42.47816700024383 -75.15232121824724,42.47816683862414 -75.15232143666957,42.478256897446734 -75.15256476081046,42.47825657381892 -75.15256497958272,42.47834663263908 -75.15268664182612,42.478346470630946 -75.15268686077383,42.47843652944918 -75.15280852319067,42.4784363673114 -75.15280874231387,42.47852642612771 -75.15293040490417,42.47852626386028 -75.1529306242028,42.47861632267466 -75.15305228696657,42.47861616027759 -75.15305250644067,42.47870621909002 -75.15317416937788,42.478706056563304 -75.15317438902746,42.47879611537381 -75.15329605213813,42.47879595271743 -75.15329627196317,42.47888601152601 -75.1534179352473,42.478885848739985 -75.15341837524933,42.47906596635185 -75.15354003888137,42.47906580343565 -75.15354025905837,42.47915586223894 -75.15366192286388,42.47915569919309 -75.15366214321634,42.47924575799447 -75.1537838071953,42.47924559481896 -75.15378402772323,42.47933565361839 -75.15390569187564,42.47933549031323 -75.1539061332835,42.479515607906805 -75.15402779778384,42.47951544447147 -75.15402801866375,42.47960550326561 -75.15414968333754,42.47960533970062 -75.15414990439294,42.47969539849283 -75.15427156924018,42.47969523479818 -75.15427179047107,42.479785293588456 -75.15439345549176,42.47978512976414 -75.15439367689812,42.479875188552484 -75.15451534209228,42.47987502459852 -75.15451556367414,42.47996508338491 -75.15463722904174,42.47996491930129 -75.15463745079909,42.48005497808575 -75.15475911634014,42.480054813872464 -75.15475933827298,42.48014487265499 -75.1548810039875,42.48014470831205 -75.15488144820516,42.48032482587181 -75.1550031142676,42.48032466139867 -75.15500333655245,42.480414720175915 -75.15512500278835,42.480414555573105 -75.15512522524868,42.48050461434841 -75.15524689165805,42.48050444961594 -75.15524711429387,42.4805945083893 -75.1553687808767,42.480594343527166 -75.15536900368802,42.4806844022986 -75.1554906704443,42.480684237306804 -75.15549111641897,42.480864354844336 -75.15561278352318,42.48086418972236 -75.15561300668654,42.48095424848849 -75.1557346739642,42.48095408323684 -75.15573489730306,42.48104414200101 -75.15585656475419,42.48104397661969 -75.15585678826855,42.48113403538193 -75.15597845589313,42.48113386987093 -75.155978679583,42.481223928631245 -75.15622201517806,42.48122359722076 -75.15622223921793,42.4813136559786 -75.15634390718839,42.48131349007911 -75.15634413140376,42.481403548835004 -75.15646579954768,42.48140338280584 -75.15646602393858,42.481493441559806 -75.15670936057231,42.48149310911297 -75.1567095853132,42.48158316786445 -75.15707459077952,42.48158266822397 -75.1570748160449,42.48167272697248 -75.15756149068349,42.4816720589749 -75.15756171664785,42.481762117719896 -75.15804839196781,42.48176144765373 -75.15804861863116,42.481851506395216 -75.15829195663389,42.48185117058615 -75.15829218364725,42.48194122932514 -75.15853552199479,42.4819408929984 -75.15853574935818,42.48203095173491 -75.15865741870488,42.48203078337728 -75.15865787378377,42.48221090084501 -75.1587795434784,42.48221073235717 -75.15877999891045,42.48239084981817 -75.15890166895302,42.482390681200094 -75.15890212473823,42.482570798654336 -75.15902379512875,42.48257062990605 -75.15902425126713,42.482750747353556 -75.1591459220056,42.48275057847506 -75.15914615025085,42.48284063719615 -75.15926782116277,42.482840468187945 -75.15926804958356,42.4829305269071 -75.15938972066893,42.48293035776922 -75.15938994926528,42.48302041648641 -75.1595116205241,42.48302024721884 -75.15951207806894,42.483200364647885 -75.1596337496757,42.4832001952501 -75.15963397862419,42.48329025396197 -75.15975565040442,42.48329008443447 -75.15975587952846,42.48338014314438 -75.15987755148213,42.4833799734872 -75.15987801008237,42.48356009090169 -75.159999682384,42.483559921114285 -75.1599999118602,42.483649979818864 -75.16012158433527,42.48364980990176 -75.16012181398703,42.483739868604374 -75.16024348663557,42.483739698557585 -75.16024394629126,42.483919815957506 -75.16036561928775,42.483919645780475 -75.16036584929168,42.48400970447778 -75.16048752246162,42.48400953417104 -75.16048775264112,42.48409959286638 -75.1606094259845,42.484099422429956 -75.1606098866957,42.4842795398153 -75.16073156038703,42.48427936924863 -75.16073179091872,42.48436942793864 -75.16085346478353,42.484369257242264 -75.16085369549079,42.48445931593033 -75.16097536952906,42.48445914510425 -75.16097560041187,42.484549203790344 -75.16121894883425,42.48454886174962 -75.16121918006715,42.48463892043323 -75.16134085445125,42.48463874921858 -75.16134108585973,42.48472880790023 -75.16146276041731,42.48472863655587 -75.16146299200135,42.48481869523555 -75.16158466673237,42.4848185237615 -75.161584898492,42.48490858243923 -75.16170657339647,42.484908410835466 -75.16170680533169,42.484998469511225 -75.1618284804096,42.48499829777775 -75.1618287125204,42.485088356451556 -75.16195038777177,42.48508818458836 -75.16195062005814,42.4851782432602 -75.16207229548296,42.48517807126732 -75.16207252794491,42.48526812993721 -75.16219420354321,42.485267957814614 -75.16219443618074,42.48535801648253 -75.16231611195248,42.48535784423022 -75.1623165775798,42.485537961560716 -75.1624382536995,42.485537789178146 -75.16243895267206,42.485807965161634 -75.16256062931427,42.48580779264827 -75.16256412693922,42.48715867236567 -75.16244244767907,42.48715884488715 -75.16244337972154,42.487519079426605 -75.16232169976217,42.48751925182106 -75.16232263112356,42.48787948633994 -75.16220095046496,42.48787965860738 -75.1622016484736,42.48814983448324 -75.16207996729031,42.488150006623115 -75.16208043228563,42.488330123867655 -75.16195875075219,42.48833029587942 -75.16195921540269,42.48851041311935 -75.16183753351908,42.488510585003 -75.16183799782473,42.48869070223833 -75.16171631559097,42.488690873993875 -75.16171677955178,42.4888709912246 -75.16159509696786,42.488871162852035 -75.16159602420406,42.489231397298575 -75.16147434092085,42.48923156879897 -75.161474572558,42.489321627407584 -75.16135288909918,42.489321798779336 -75.16135358349332,42.48959197459828 -75.16123189950979,42.48959214584244 -75.16123236209542,42.48977226304904 -75.16111067776168,42.48977243416509 -75.1611118333715,42.49022272715938 -75.16099014816392,42.49022289814893 -75.16099061006614,42.490403015337755 -75.16111229562286,42.49040284434714 -75.16111322013826,42.49076307870562 -75.1612349063922,42.490762907583665 -75.16123560031359,42.491033083335985 -75.16135728709015,42.49103291208323 -75.16135775005887,42.49121302924326 -75.16147943718352,42.49121285786023 -75.16147966884402,42.49130291643757 -75.16160135614219,42.49130274492481 -75.16160181981556,42.49148286207417 -75.1617235074618,42.491482690431134 -75.16172373947465,42.49157274900313 -75.16184542729441,42.491572577230365 -75.16184565948289,42.49166263580041 -75.16196734747616,42.491662463897896 -75.1619675798403,42.49175252246598 -75.16208926800707,42.49175235043373 -75.16208950054686,42.49184240899985 -75.16221118888713,42.491842236837854 -75.16221142160256,42.49193229540202 -75.16233311011636,42.491932123110296 -75.16233357589955,42.49211224023327 -75.16245526476143,42.492112067811256 -75.16245549782921,42.492202126370074 -75.16257718686461,42.49220195381831 -75.16257742010805,42.492292012375174 -75.16269910931696,42.49229183969368 -75.16269934273603,42.492381898248574 -75.16282103211846,42.49238172543731 -75.16282126571319,42.49247178399025 -75.16294295526913,42.49247161104925 -75.16294318903951,42.49256166960022 -75.16306487876896,42.492561496529476 -75.163065112715,42.49265155507849 -75.16318680261796,42.492651381878 -75.16318703673966,42.492741440425036 -75.16330872681613,42.4927412670948 -75.16330896111349,42.492831325639884 -75.16343065136346,42.492831152179896 -75.16343088583648,42.49292121072301 -75.16355257625997,42.49292103713328 -75.16355281090866,42.49301109567442 -75.16367450150565,42.493010921954934 -75.16367473633001,42.493100980494106 -75.16379642710051,42.493100806644875 -75.16379666210052,42.49319086518209 -75.16391835304455,42.49319069120311 -75.16391858822023,42.49328074973834 -75.16404027933777,42.493280575629605 -75.16404051468912,42.493370634162886 -75.16416220598015,42.49337045992439 -75.16416244150717,42.49346051845571 -75.16428413297174,42.49346034408747 -75.16428436867443,42.493550402616805 -75.16440606031249,42.493550228118806 -75.16440629619086,42.49364028664617 -75.16452798800243,42.49364011201842 -75.16452822405647,42.49373017054383 -75.16464991604157,42.49372999578631 -75.16465015227128,42.49382005430975 -75.16477184442988,42.49381987942247 -75.16477208083528,42.49390993794394 -75.16489377316739,42.493909762926904 -75.16489424633062,42.49408987996449 -75.16501593901084,42.49408970481715 -75.16501617576868,42.49417976333325 -75.16513786862242,42.49417958805615 -75.16513857942626,42.49444976359429 -75.16526027280271,42.494449588186335 -75.16526430384411,42.49598058265149 -75.1653860001878,42.495980407104966 -75.16538647479786,42.49616052407276 -75.16550817148966,42.49616034839592 -75.1655086464533,42.49634046535692 -75.16563034349326,42.49634028954975 -75.1656308188105,42.49652040650396 -75.16575251619861,42.49652023056646 -75.16575299186944,42.496700347513894 -75.16587468960569,42.496700171446086 -75.16587516563013,42.49688028838674 -75.16599686371454,42.49688011218858 -75.16599710190302,42.496970170656205 -75.16611880016096,42.49696999432828 -75.16611927689043,42.49715011125819 -75.16624097549652,42.497149934799936 -75.16624121403751,42.49723999326219 -75.16636291281715,42.49723981667416 -75.16636339025168,42.49741993359332 -75.16648508937946,42.497419756874955 -75.166485328273,42.49750981533186 -75.16660702757432,42.4975096384837 -75.16660750571393,42.497689755392116 -75.1667292053634,42.49768957841364 -75.16672968385667,42.49786969531525 -75.1668513838543,42.49786951820644 -75.16685162327721,42.49795957665456 -75.16697332344837,42.497959399415954 -75.16697380264675,42.49813951630682 -75.16709550316608,42.49813933893789 -75.16709598271812,42.498319455821964 -75.16721768358563,42.498319278322676 -75.16721792353792,42.49840933676202 -75.16733962457896,42.498409159132954 -75.16734010483614,42.498589276006264 -75.16746180622535,42.49858909824685 -75.16746204653023,42.49867915668081 -75.16758374809298,42.49867897879161 -75.16758422905531,42.49885909565417 -75.16770593096624,42.49885891763462 -75.16770641228227,42.499039034490366 -75.16782811454136,42.49903885634047 -75.16782859621108,42.49921897318943 -75.16795029881837,42.49921879490917 -75.16795053982953,42.49930885333095 -75.16807224261035,42.49930867492091 -75.16807272498528,42.49948879175911 -75.16819442811428,42.49948861321871 -75.16819491084293,42.49966873005008 -75.1683166143201,42.49966855137932 -75.16831709740246,42.4998486682039 -75.16843880122784,42.49984848940279 -75.16843904294532,42.49993854781239 -75.16856074694425,42.49993836888148 -75.16856123073185,42.50011848569528 -75.16868293507895,42.50011830663402 -75.16868341922032,42.50029842344101 -75.16880512391559,42.50029824424939 -75.1688056084107,42.50047836104957 -75.16892731345419,42.50047818172759 -75.16892755587806,42.50056824012498 -75.1690492610951,42.50056806067319 -75.1690504741044,42.50101835263604 -75.16892876801408,42.50101853209065 -75.16892925287627,42.50119864886698 -75.16880754643553,42.501198828193466 -75.16880803095285,42.50137894496522 -75.16868632416167,42.501379124163584 -75.1686868083341,42.50155924093079 -75.1685651011925,42.50155942000104 -75.16856534310571,42.50164947838306 -75.16844363578832,42.50164965732462 -75.16844411926877,42.50182977408553 -75.16832241160094,42.50182995289897 -75.16832289473646,42.50201006965532 -75.1682011867182,42.50201024834063 -75.16820142811297,42.50210030671724 -75.16807971991892,42.50210048527387 -75.16808020236243,42.50228060202392 -75.16795849381795,42.50228078045242 -75.16795897591653,42.50246089719791 -75.16783726702161,42.50246107549828 -75.1678375078979,42.50255113386946 -75.16771579882719,42.50255131204114 -75.16771628023372,42.502731428780336 -75.16759457081255,42.50273160682388 -75.16759481134281,42.5028216651919 -75.16747310174587,42.502821843106766 -75.16747358246032,42.50300195983966 -75.16735187251292,42.503002137626375 -75.16735211269713,42.50309219599125 -75.16723040257398,42.503092373649274 -75.16723088259633,42.50327249037588 -75.16710917212271,42.50327266790577 -75.16710965180009,42.50345278462779 -75.16698794097601,42.503452962029534 -75.16698818064168,42.50354302038898 -75.16686646964182,42.50354319766203 -75.1668667091339,42.50363325602059 -75.16674499795826,42.50363343316494 -75.16674547659636,42.50381354987894 -75.16662376507026,42.503813726895146 -75.16662424336337,42.503993843604555 -75.1665025314868,42.50399402049261 -75.16650277046031,42.504084078845736 -75.16638105840796,42.5040842556051 -75.16638153600891,42.50426437230821 -75.16625982360611,42.50426454893942 -75.16626006223353,42.504354607289386 -75.16613834965493,42.5043547837919 -75.1661388265637,42.504534900488686 -75.16601711363462,42.50453507686304 -75.16601735191595,42.50462513520985 -75.1658956388111,42.5046253114555 -75.16589635313757,42.50489548648907 -75.16601806676651,42.50489531024177 -75.16601925820595,42.50534560193317 -75.16614097270725,42.50534542555384 -75.16614168810813,42.50561560054997 -75.16626340313245,42.50561542403972 -75.16626411906726,42.5058855990214 -75.16638583461459,42.505885422380224 -75.16638631225933,42.50606553902646 -75.16650802815498,42.50606536225491 -75.16650874515443,42.50633553721193 -75.16663046157308,42.506335360309464 -75.16663093992761,42.50651547693926 -75.16675265669458,42.506515299906425 -75.16675313540293,42.50669541652942 -75.1668748525182,42.50669523936619 -75.16687557111307,42.50696541428837 -75.16699728875139,42.50696523699421 -75.16699776816955,42.507145353600784 -75.16711948615621,42.50714517617624 -75.1671199659282,42.50732529277601 -75.16724168426317,42.50732511522108 -75.16724192432552,42.50741517351829 -75.16736364283412,42.50741499583352 -75.16736412331157,42.50759511242255 -75.16748584216849,42.50759493460739 -75.1674860825836,42.50768499289922 -75.16760780161412,42.50768481495425 -75.16760804220503,42.50777487324409 -75.16772976140919,42.50777469516928 -75.16773000217593,42.507864753457135 -75.16785172155369,42.507864575252505 -75.16785196249626,42.50795463353839 -75.16797368204764,42.50795445520392 -75.16797392316603,42.508044513487825 -75.16809564289102,42.50804433502353 -75.16809588418523,42.50813439330543 -75.16833932398136,42.50813403598789 -75.16833956562613,42.508224094267284 -75.16846128569723,42.50822391541404 -75.16846152751783,42.508313973691436 -75.1687049680062,42.508313615596 -75.16870521017735,42.508403673870845 -75.16882693059458,42.50840349462866 -75.16882717294158,42.50849355290153 -75.16894889353242,42.50849337352951 -75.16894913605525,42.508583431800396 -75.16919257758306,42.5085830726674 -75.16919282045644,42.50867313093572 -75.1693145413934,42.508672951174745 -75.16931478444265,42.508763009441104 -75.16943650555322,42.50876282955027 -75.1694367487783,42.508852887814655 -75.16968019134555,42.50885252764405 -75.16968043492119,42.508942585905864 -75.16980215637788,42.50894240562609 -75.16980240012937,42.509032463885916 -75.16992412175968,42.50903228347629 -75.16992436568702,42.50912234173414 -75.17004608749093,42.50912216119467 -75.17004633159412,42.509212219450525 -75.17016805357163,42.509212038781214 -75.17016829785068,42.509302097035075 -75.1702900200018,42.50930191623591 -75.17029026445671,42.509391974487805 -75.17041198678145,42.5093917935588 -75.17041247604408,42.509571910057154 -75.17053419871715,42.50957172899773 -75.17053468833375,42.50975184548927 -75.17065641135517,42.50975166429944 -75.17065665633987,42.5098417225425 -75.17077837953494,42.509841541222826 -75.17078009568255,42.510471948880536 -75.17090182009966,42.51047176742758 -75.17090206544283,42.510561825658144 -75.17102379003356,42.51056164407534 -75.17102526316478,42.51110199342544 -75.17114698880285,42.51110181170993 -75.17114723450341,42.5111918699294 -75.1712689603151,42.51119168808404 -75.17126920619152,42.51128174630152 -75.17139093217685,42.51128156432628 -75.17139117822916,42.51137162254178 -75.1715129043881,42.51137144043671 -75.17151315061628,42.511461498650206 -75.17163487694884,42.51146131641527 -75.17163512335291,42.51155137462676 -75.17224375587249,42.51155046150988 -75.17224400315146,42.511640519717105 -75.17273090984571,42.51163978689409 -75.17273066186775,42.51154972868917 -75.17394792677615,42.51154788758713 -75.17394817650165,42.51163794578628 -75.17406990316097,42.51163776096441 -75.17407015306237,42.51172781916155 -75.17419187989529,42.511727634209805 -75.17419212997258,42.51181769240496 -75.17431385697911,42.51181750732334 -75.17431410723232,42.5119075655165 -75.17443583441244,42.51190738030501 -75.17443608484156,42.51199743849615 -75.17455781219529,42.511997253154796 -75.1745580628003,42.512087311343926 -75.17467979032764,42.5120871258727 -75.17468004110856,42.51217718405984 -75.17480176880952,42.51217699845874 -75.17480201976633,42.51226705664388 -75.1749237476409,42.512266870912896 -75.17492450104255,42.51253704545803 -75.17504622944024,42.512536859596004 -75.17504723469096,42.512897092300605 -75.17516896378655,42.51289690630696 -75.17517097574145,42.51361737164327 -75.17529270623402,42.51361718551568 -75.17529371293823,42.51397741814738 -75.17541544412873,42.513977231888134 -75.17541972579896,42.51550822030918 -75.17554145995958,42.51550803391069 -75.17554171200771,42.515598092039745 -75.17566344634197,42.515597905511385 -75.17566369856604,42.51568796363841 -75.17578543307393,42.51568777698015 -75.17578568547395,42.51577783510517 -75.17590742015547,42.51577764831702 -75.17590767273144,42.515867706440034 -75.17602940758658,42.51586751952199 -75.17602966033851,42.515957577643 -75.17627313039489,42.51595720341781 -75.17627338349757,42.51604726153623 -75.17651685389889,42.51604688679264 -75.17651660044665,42.51595682867539 -75.17724701057395,42.515955701344716 -75.17724726507495,42.51604575945842 -75.17895155765541,42.516043110908605 -75.17895130070733,42.515953052803205 -75.17919477070757,42.51595267237119 -75.17919451341109,42.51586261426555 -75.17931624823466,42.51586242385618 -75.17931599076456,42.515772365749726 -75.17955946005856,42.51577198454425 -75.17955920224007,42.515681926437566 -75.17968093671051,42.515681735641465 -75.17968067871841,42.51559167753395 -75.17980241301288,42.51559148660914 -75.17980215484718,42.51550142850081 -75.18004562308299,42.515501046264454 -75.1800453645689,42.5154109881559 -75.18077576819914,42.51540983834709 -75.18077602776195,42.515499896452035 -75.18089776187095,42.51549970436405 -75.18089802160974,42.51558976246699 -75.18101975589234,42.5155895702491 -75.18102001580709,42.51567962835001 -75.18114175026328,42.51567943600221 -75.18114201035405,42.51576949410107 -75.18126374498382,42.51576930162338 -75.18126400525055,42.515859359720224 -75.18138574005394,42.5158591671126 -75.18138600049666,42.51594922520743 -75.18150773547364,42.5159490324699 -75.18150799609234,42.5160390905627 -75.18199493668746,42.516038318317065 -75.18199519800652,42.516128376406016 -75.18236040396467,42.51612779586222 -75.1823606658093,42.51621785394794 -75.18284760776918,42.51621707807678 -75.18284787031419,42.516307136158645 -75.1830913416365,42.51630674744599 -75.18309160453231,42.516396805525204 -75.18357854786161,42.51639602654572 -75.1835788114578,42.51648608462107 -75.18430922746425,42.51648491226885 -75.18430949211046,42.51657497033911 -75.18479643678967,42.516574186182275 -75.18479670213625,42.51666424424865 -75.18516191115728,42.51666365477141 -75.18516217702948,42.51675371283453 -75.18540565005367,42.5167533192019 -75.18540591627668,42.516843377262354 -75.18564938964558,42.516842983111246 -75.18564965621941,42.51693304116905 -75.18625834049425,42.5169320535252 -75.1862586079433,42.51702211157849 -75.1866238190179,42.51702151743856 -75.18662408699258,42.51711157548856 -75.18686756138575,42.51711117874746 -75.18686782971128,42.51720123679479 -75.18698956708081,42.51720103822965 -75.18698983558237,42.51729109627495 -75.18711157312549,42.51729089757987 -75.18711184180307,42.51738095562311 -75.18723357951977,42.51738075679808 -75.18723384837338,42.51747081483929 -75.18735558626364,42.51747061588434 -75.18735612432418,42.517650731961226 -75.18747786256282,42.517650532875706 -75.18747813176975,42.5177405909114 -75.18759987018197,42.51774039169594 -75.18760040894914,42.5179205077618 -75.18772214770972,42.51792030841577 -75.18772268683146,42.518100424474696 -75.18784442594044,42.5181002249981 -75.18784469567795,42.51819028302481 -75.18796643496052,42.51819008341827 -75.18796724470496,42.51846025748797 -75.1880889845107,42.51846005775024 -75.18808925460282,42.518550115770005 -75.18821099458214,42.51854991590232 -75.18821153511969,42.518730031936336 -75.1883332754474,42.518729831938074 -75.18833381633955,42.51890994796514 -75.18845555701564,42.51890974783632 -75.1884558276384,42.51899980584708 -75.18857756848809,42.5189996055883 -75.18857811008695,42.51917972160433 -75.18869985128501,42.519179521214966 -75.18870012226114,42.51926957922023 -75.18882186363278,42.51926937870091 -75.18882213478497,42.51935943670412 -75.18894387633019,42.51935923605486 -75.18894414765843,42.51944929405601 -75.18930937281111,42.51944869133038 -75.18930964466506,42.51953874932822 -75.18979661221712,42.51953794388098 -75.18979688477161,42.51962800187488 -75.19028385300297,42.5196271943559 -75.190284126258,42.519717252345856 -75.19040586848753,42.51971705014216 -75.19040614191864,42.519807108130045 -75.19077136912418,42.51980650074112 -75.19077164308104,42.51989655872568 -75.19125861337011,42.51989574706066 -75.19125888802752,42.51998580504126 -75.1916241162556,42.519985194932666 -75.19162439143875,42.520075252909926 -75.19211136309114,42.52007443761866 -75.19211163897486,42.52016449559195 -75.19259861130634,42.52016367822889 -75.19259888789063,42.520253736198185 -75.19308586090112,42.52025291676332 -75.193086138186,42.520342974728635 -75.193451368455,42.520342358792604 -75.19345164626564,42.52043241675456 -75.19381687704767,42.52043179965264 -75.19381715538408,42.520521857611236 -75.19406064291537,42.52052144556203 -75.19406092160273,42.52061150351792 -75.19430440947858,42.52061109095009 -75.19430468851688,42.52070114890327 -75.19442643262771,42.52070094242472 -75.19442671184213,42.52079100037582 -75.19454845612651,42.52079079376728 -75.19454873551703,42.52088085171633 -75.19467047997499,42.520880644977815 -75.19467075954162,42.520970702924785 -75.19479250417311,42.52097049605629 -75.19479278391587,42.52106055400118 -75.19491452872093,42.52106034700272 -75.19491480863981,42.52115040494554 -75.1950365536184,42.521150197817086 -75.1950368337134,42.521240255757846 -75.19515857886554,42.52124004849941 -75.19515885913668,42.52133010643809 -75.19528060446237,42.521329899049675 -75.19528088490962,42.52141995698628 -75.19540263040888,42.52141974946789 -75.19540291103225,42.521509807402424 -75.19552465670506,42.52150959975404 -75.19552493750456,42.5215996576865 -75.19564668335092,42.521599449908145 -75.19564724530346,42.521779565767496 -75.19576899149821,42.52177935785849 -75.1957695538056,42.521959473710865 -75.19589130034876,42.52195926567123 -75.195891863011,42.522139381516595 -75.19601360990255,42.52213917334632 -75.19601417291963,42.52231928918471 -75.19613592015959,42.52231908088378 -75.19613676521944,42.52258925462872 -75.19625851298265,42.5225890461965 -75.19625907671205,42.52276916201806 -75.19638082482366,42.52276895345518 -75.19638138890794,42.52294906926975 -75.19650313736796,42.52294886057622 -75.19650370180712,42.52312897638379 -75.19662545061554,42.52312876755961 -75.19662573301193,42.52321882546061 -75.19674748199392,42.52321861650645 -75.19674776456644,42.52330867440537 -75.19686951372199,42.52330846532121 -75.19686979647068,42.52339852321805 -75.19711329512761,42.523398104660394 -75.1971135782273,42.5234881625545 -75.19723532772868,42.52348795308101 -75.19723561100453,42.52357801097303 -75.19735736067945,42.52357780136954 -75.19735764413146,42.52366785925949 -75.19747939397995,42.52366764952598 -75.19747967760811,42.52375770741386 -75.19760142763016,42.523757497550356 -75.1976017114345,42.52384755543614 -75.19784521182441,42.52384713531981 -75.19784549597975,42.52393719320285 -75.19808899671419,42.52393677256782 -75.19808928122055,42.524026830448136 -75.19821103176068,42.52402661993594 -75.1982113164432,42.52411667781416 -75.19845481786926,42.52411625640043 -75.19845510290284,42.5242063142759 -75.19857685378875,42.524206103374354 -75.19857713899852,42.524296161247754 -75.19882064111616,42.5242957390553 -75.19882092667694,42.524385796925955 -75.1990644291391,42.52438537421479 -75.19906471505091,42.52447543208269 -75.19930821785753,42.52447500885282 -75.19930850412041,42.52456506671797 -75.19955200727152,42.52456464296937 -75.19955229388545,42.524654700831775 -75.1996740456339,42.5246544887628 -75.199674332424,42.52474454662312 -75.19991783626669,42.524744122095775 -75.19991812340785,42.52483417995334 -75.20003987550209,42.52483396749498 -75.20004045013809,42.525014083204525 -75.20016220258074,42.525013870615496 -75.20016249007558,42.52510392846746 -75.20028424269181,42.52510371574841 -75.20028453036285,42.525193773598275 -75.20040628315262,42.52519356074921 -75.2004068588484,42.52537367644338 -75.20052861198658,42.52537346346362 -75.20052890001134,42.5254635213079 -75.20065065332308,42.52546330819812 -75.20065094152402,42.52555336604033 -75.20077269500932,42.525553152800526 -75.20077327176492,42.52573326847929 -75.20089502559865,42.5257330551088 -75.2008958912666,42.526003228614314 -75.20101764562365,42.52600301511247 -75.201018223092,42.526183130774356 -75.20113997779748,42.52618291714182 -75.2011405556209,42.526363032796674 -75.2012623106748,42.52636281903344 -75.2012628888533,42.52654293468125 -75.20138464425564,42.52654272078733 -75.2013852227892,42.526722836428135 -75.20150697854001,42.52672262240352 -75.20150784687495,42.526992795852024 -75.20162960314907,42.526992581696035 -75.20163018239546,42.52717269731992 -75.20175193901804,42.52717248303322 -75.20175222881812,42.52726254084238 -75.20187398561427,42.52726232642565 -75.20187427559055,42.527352384232685 -75.20199603256027,42.527352169685926 -75.20199632271279,42.52744222749088 -75.20211807985606,42.52744201281408 -75.20211837018479,42.52753207061695 -75.20224012750164,42.527531855810125 -75.2022404180066,42.52762191361088 -75.202362175497,42.52762169867402 -75.20236246617819,42.527711756472684 -75.20248422384213,42.52771154140579 -75.20248451469956,42.527801599202355 -75.20260627253708,42.52780138400543 -75.20260656357073,42.5278914417999 -75.2027283215818,42.52789122647294 -75.20272861279169,42.5279812842653 -75.2030938873416,42.5279806375062 -75.20309417907751,42.528070695295135 -75.20333769578723,42.52807026347423 -75.20333798787428,42.52816032126038 -75.20358150492842,42.52815988892067 -75.2035817973666,42.52824994670403 -75.20370355606657,42.52824973033947 -75.203703848681,42.52833978812073 -75.20382560755452,42.52833957162612 -75.20382590034518,42.528429629405295 -75.20394765939227,42.528429412780625 -75.20394795235917,42.5285194705577 -75.2040697115798,42.52851925380299 -75.20407000472296,42.528609311577966 -75.20419176411717,42.52860909469321 -75.20419235075731,42.52878921023753 -75.20431411049998,42.52878899322205 -75.20431440399697,42.52887905099139 -75.20443616391319,42.528878833845866 -75.20443645758644,42.528968891613125 -75.20455821767622,42.528968674337534 -75.20455909922877,42.5292388476287 -75.20468085984191,42.52923863022171 -75.20468174193132,42.529508803498025 -75.20480350306786,42.52950858595962 -75.2048046799056,42.529868816972076 -75.20492644174044,42.52986859930157 -75.20492761929944,42.530228830288536 -75.20504938183258,42.53022861248594 -75.20505026554075,42.530498785709185 -75.2051720285973,42.53049856777516 -75.2051735023459,42.530948856448695 -75.20529526627571,42.530948638381886 -75.2052979206827,42.53175915789852</coordinates></LinearRing></outerBoundaryIs></Polygon></Placemark></Document></kml>